epoch,batch,global_step,train_step_loss,candidate
1,1,1,1.2566990852355957,MLP|Weighted BCE
1,2,2,1.0816168785095215,MLP|Weighted BCE
1,3,3,1.1560416221618652,MLP|Weighted BCE
1,4,4,1.0694206953048706,MLP|Weighted BCE
1,5,5,1.188338041305542,MLP|Weighted BCE
1,6,6,1.0530341863632202,MLP|Weighted BCE
1,7,7,0.9812060594558716,MLP|Weighted BCE
1,8,8,0.9815948009490967,MLP|Weighted BCE
1,9,9,0.9618834853172302,MLP|Weighted BCE
1,10,10,1.0528439283370972,MLP|Weighted BCE
1,11,11,0.9694019556045532,MLP|Weighted BCE
1,12,12,0.8151389956474304,MLP|Weighted BCE
1,13,13,1.02475106716156,MLP|Weighted BCE
1,14,14,0.972136378288269,MLP|Weighted BCE
1,15,15,0.7559097409248352,MLP|Weighted BCE
1,16,16,0.8616959452629089,MLP|Weighted BCE
1,17,17,0.894419252872467,MLP|Weighted BCE
1,18,18,0.8280230760574341,MLP|Weighted BCE
1,19,19,0.8018603920936584,MLP|Weighted BCE
1,20,20,0.7016427516937256,MLP|Weighted BCE
1,21,21,0.7469930648803711,MLP|Weighted BCE
2,1,22,0.7464550733566284,MLP|Weighted BCE
2,2,23,0.7334562540054321,MLP|Weighted BCE
2,3,24,0.8087958693504333,MLP|Weighted BCE
2,4,25,0.7309631109237671,MLP|Weighted BCE
2,5,26,0.7858901023864746,MLP|Weighted BCE
2,6,27,0.7125036120414734,MLP|Weighted BCE
2,7,28,0.7127434611320496,MLP|Weighted BCE
2,8,29,0.7874341011047363,MLP|Weighted BCE
2,9,30,0.6766538023948669,MLP|Weighted BCE
2,10,31,0.6804541349411011,MLP|Weighted BCE
2,11,32,0.7312709093093872,MLP|Weighted BCE
2,12,33,0.6964744329452515,MLP|Weighted BCE
2,13,34,0.7803540229797363,MLP|Weighted BCE
2,14,35,0.7832246422767639,MLP|Weighted BCE
2,15,36,0.6297070980072021,MLP|Weighted BCE
2,16,37,0.7398803234100342,MLP|Weighted BCE
2,17,38,0.7914765477180481,MLP|Weighted BCE
2,18,39,0.7499909400939941,MLP|Weighted BCE
2,19,40,0.7081122994422913,MLP|Weighted BCE
2,20,41,0.6409286260604858,MLP|Weighted BCE
2,21,42,0.7311160564422607,MLP|Weighted BCE
3,1,43,0.6391032338142395,MLP|Weighted BCE
3,2,44,0.7032361626625061,MLP|Weighted BCE
3,3,45,0.6030553579330444,MLP|Weighted BCE
3,4,46,0.6318172812461853,MLP|Weighted BCE
3,5,47,0.7018910646438599,MLP|Weighted BCE
3,6,48,0.695862889289856,MLP|Weighted BCE
3,7,49,0.7282025218009949,MLP|Weighted BCE
3,8,50,0.6210929155349731,MLP|Weighted BCE
3,9,51,0.6573204398155212,MLP|Weighted BCE
3,10,52,0.6636303663253784,MLP|Weighted BCE
3,11,53,0.6932892203330994,MLP|Weighted BCE
3,12,54,0.6471890807151794,MLP|Weighted BCE
3,13,55,0.6554505228996277,MLP|Weighted BCE
3,14,56,0.7250989675521851,MLP|Weighted BCE
3,15,57,0.6779776215553284,MLP|Weighted BCE
3,16,58,0.6933797597885132,MLP|Weighted BCE
3,17,59,0.5941105484962463,MLP|Weighted BCE
3,18,60,0.615808367729187,MLP|Weighted BCE
3,19,61,0.62733393907547,MLP|Weighted BCE
3,20,62,0.6702659130096436,MLP|Weighted BCE
3,21,63,0.6029650568962097,MLP|Weighted BCE
4,1,64,0.6641455888748169,MLP|Weighted BCE
4,2,65,0.6357115507125854,MLP|Weighted BCE
4,3,66,0.6763762831687927,MLP|Weighted BCE
4,4,67,0.6788556575775146,MLP|Weighted BCE
4,5,68,0.5980267524719238,MLP|Weighted BCE
4,6,69,0.6078374981880188,MLP|Weighted BCE
4,7,70,0.6508628726005554,MLP|Weighted BCE
4,8,71,0.6480381488800049,MLP|Weighted BCE
4,9,72,0.6380796432495117,MLP|Weighted BCE
4,10,73,0.5432932376861572,MLP|Weighted BCE
4,11,74,0.5665619373321533,MLP|Weighted BCE
4,12,75,0.6746217608451843,MLP|Weighted BCE
4,13,76,0.5594083666801453,MLP|Weighted BCE
4,14,77,0.5981729626655579,MLP|Weighted BCE
4,15,78,0.5988882780075073,MLP|Weighted BCE
4,16,79,0.6542063355445862,MLP|Weighted BCE
4,17,80,0.8359062075614929,MLP|Weighted BCE
4,18,81,0.49177709221839905,MLP|Weighted BCE
4,19,82,0.6598610877990723,MLP|Weighted BCE
4,20,83,0.5496143698692322,MLP|Weighted BCE
4,21,84,0.5899766087532043,MLP|Weighted BCE
5,1,85,0.5940845608711243,MLP|Weighted BCE
5,2,86,0.5979370474815369,MLP|Weighted BCE
5,3,87,0.5333350300788879,MLP|Weighted BCE
5,4,88,0.5639215707778931,MLP|Weighted BCE
5,5,89,0.5961630940437317,MLP|Weighted BCE
5,6,90,0.5704162120819092,MLP|Weighted BCE
5,7,91,0.5281230807304382,MLP|Weighted BCE
5,8,92,0.7287908792495728,MLP|Weighted BCE
5,9,93,0.5725446939468384,MLP|Weighted BCE
5,10,94,0.7158329486846924,MLP|Weighted BCE
5,11,95,0.5668877363204956,MLP|Weighted BCE
5,12,96,0.6277017593383789,MLP|Weighted BCE
5,13,97,0.6068615913391113,MLP|Weighted BCE
5,14,98,0.6377165913581848,MLP|Weighted BCE
5,15,99,0.5911444425582886,MLP|Weighted BCE
5,16,100,0.7367796897888184,MLP|Weighted BCE
5,17,101,0.5676345229148865,MLP|Weighted BCE
5,18,102,0.5179416537284851,MLP|Weighted BCE
5,19,103,0.4693922698497772,MLP|Weighted BCE
5,20,104,0.5914055705070496,MLP|Weighted BCE
5,21,105,0.42304936051368713,MLP|Weighted BCE
6,1,106,0.5121450424194336,MLP|Weighted BCE
6,2,107,0.6330810785293579,MLP|Weighted BCE
6,3,108,0.6948980093002319,MLP|Weighted BCE
6,4,109,0.5500627160072327,MLP|Weighted BCE
6,5,110,0.5300104022026062,MLP|Weighted BCE
6,6,111,0.562240481376648,MLP|Weighted BCE
6,7,112,0.5053990483283997,MLP|Weighted BCE
6,8,113,0.6010503172874451,MLP|Weighted BCE
6,9,114,0.5059520602226257,MLP|Weighted BCE
6,10,115,0.5314115285873413,MLP|Weighted BCE
6,11,116,0.5548470616340637,MLP|Weighted BCE
6,12,117,0.6826150417327881,MLP|Weighted BCE
6,13,118,0.5890458822250366,MLP|Weighted BCE
6,14,119,0.5450402498245239,MLP|Weighted BCE
6,15,120,0.5178892612457275,MLP|Weighted BCE
6,16,121,0.610524594783783,MLP|Weighted BCE
6,17,122,0.5996734499931335,MLP|Weighted BCE
6,18,123,0.5559607744216919,MLP|Weighted BCE
6,19,124,0.6264265179634094,MLP|Weighted BCE
6,20,125,0.7397810220718384,MLP|Weighted BCE
6,21,126,0.45210209488868713,MLP|Weighted BCE
7,1,127,0.537870466709137,MLP|Weighted BCE
7,2,128,0.564651370048523,MLP|Weighted BCE
7,3,129,0.554150402545929,MLP|Weighted BCE
7,4,130,0.7612869739532471,MLP|Weighted BCE
7,5,131,0.5262184143066406,MLP|Weighted BCE
7,6,132,0.6026920676231384,MLP|Weighted BCE
7,7,133,0.6115541458129883,MLP|Weighted BCE
7,8,134,0.5009527206420898,MLP|Weighted BCE
7,9,135,0.5689436197280884,MLP|Weighted BCE
7,10,136,0.5589323043823242,MLP|Weighted BCE
7,11,137,0.43442463874816895,MLP|Weighted BCE
7,12,138,0.5313206315040588,MLP|Weighted BCE
7,13,139,0.6692675352096558,MLP|Weighted BCE
7,14,140,0.552122175693512,MLP|Weighted BCE
7,15,141,0.5113073587417603,MLP|Weighted BCE
7,16,142,0.6156121492385864,MLP|Weighted BCE
7,17,143,0.4837453365325928,MLP|Weighted BCE
7,18,144,0.7092834115028381,MLP|Weighted BCE
7,19,145,0.5279424786567688,MLP|Weighted BCE
7,20,146,0.5662461519241333,MLP|Weighted BCE
7,21,147,0.5443466901779175,MLP|Weighted BCE
8,1,148,0.5039982795715332,MLP|Weighted BCE
8,2,149,0.5407260060310364,MLP|Weighted BCE
8,3,150,0.5741055011749268,MLP|Weighted BCE
8,4,151,0.47709032893180847,MLP|Weighted BCE
8,5,152,0.4923016428947449,MLP|Weighted BCE
8,6,153,0.543304443359375,MLP|Weighted BCE
8,7,154,0.5830819606781006,MLP|Weighted BCE
8,8,155,0.6564963459968567,MLP|Weighted BCE
8,9,156,0.5570805072784424,MLP|Weighted BCE
8,10,157,0.6496701240539551,MLP|Weighted BCE
8,11,158,0.49549970030784607,MLP|Weighted BCE
8,12,159,0.6625978350639343,MLP|Weighted BCE
8,13,160,0.426233172416687,MLP|Weighted BCE
8,14,161,0.5610024333000183,MLP|Weighted BCE
8,15,162,0.5540844798088074,MLP|Weighted BCE
8,16,163,0.5127825140953064,MLP|Weighted BCE
8,17,164,0.5628405809402466,MLP|Weighted BCE
8,18,165,0.5635300278663635,MLP|Weighted BCE
8,19,166,0.5284340977668762,MLP|Weighted BCE
8,20,167,0.694502592086792,MLP|Weighted BCE
8,21,168,0.40484657883644104,MLP|Weighted BCE
9,1,169,0.5152890682220459,MLP|Weighted BCE
9,2,170,0.43996402621269226,MLP|Weighted BCE
9,3,171,0.7492995262145996,MLP|Weighted BCE
9,4,172,0.5754782557487488,MLP|Weighted BCE
9,5,173,0.6966058015823364,MLP|Weighted BCE
9,6,174,0.4649721682071686,MLP|Weighted BCE
9,7,175,0.48427504301071167,MLP|Weighted BCE
9,8,176,0.6380397081375122,MLP|Weighted BCE
9,9,177,0.6888032555580139,MLP|Weighted BCE
9,10,178,0.5581289529800415,MLP|Weighted BCE
9,11,179,0.5365219712257385,MLP|Weighted BCE
9,12,180,0.5075099468231201,MLP|Weighted BCE
9,13,181,0.4832656979560852,MLP|Weighted BCE
9,14,182,0.620588481426239,MLP|Weighted BCE
9,15,183,0.47936517000198364,MLP|Weighted BCE
9,16,184,0.5212364792823792,MLP|Weighted BCE
9,17,185,0.5841439962387085,MLP|Weighted BCE
9,18,186,0.49298086762428284,MLP|Weighted BCE
9,19,187,0.41825634241104126,MLP|Weighted BCE
9,20,188,0.475492924451828,MLP|Weighted BCE
9,21,189,0.3865102231502533,MLP|Weighted BCE
10,1,190,0.5450434684753418,MLP|Weighted BCE
10,2,191,0.5964320302009583,MLP|Weighted BCE
10,3,192,0.4989836812019348,MLP|Weighted BCE
10,4,193,0.5229414105415344,MLP|Weighted BCE
10,5,194,0.466220498085022,MLP|Weighted BCE
10,6,195,0.4947284460067749,MLP|Weighted BCE
10,7,196,0.4600236713886261,MLP|Weighted BCE
10,8,197,0.6048728227615356,MLP|Weighted BCE
10,9,198,0.6064743995666504,MLP|Weighted BCE
10,10,199,0.5573210120201111,MLP|Weighted BCE
10,11,200,0.6622053384780884,MLP|Weighted BCE
10,12,201,0.508666455745697,MLP|Weighted BCE
10,13,202,0.6722468137741089,MLP|Weighted BCE
10,14,203,0.502751886844635,MLP|Weighted BCE
10,15,204,0.4727088510990143,MLP|Weighted BCE
10,16,205,0.5743526220321655,MLP|Weighted BCE
10,17,206,0.5824754238128662,MLP|Weighted BCE
10,18,207,0.4836099445819855,MLP|Weighted BCE
10,19,208,0.42064809799194336,MLP|Weighted BCE
10,20,209,0.45613932609558105,MLP|Weighted BCE
10,21,210,0.3919002413749695,MLP|Weighted BCE
11,1,211,0.39332491159439087,MLP|Weighted BCE
11,2,212,0.6047452092170715,MLP|Weighted BCE
11,3,213,0.4178938865661621,MLP|Weighted BCE
11,4,214,0.41163939237594604,MLP|Weighted BCE
11,5,215,0.5447289943695068,MLP|Weighted BCE
11,6,216,0.44764816761016846,MLP|Weighted BCE
11,7,217,0.5956578254699707,MLP|Weighted BCE
11,8,218,0.5257838368415833,MLP|Weighted BCE
11,9,219,0.47267481684684753,MLP|Weighted BCE
11,10,220,0.5092613101005554,MLP|Weighted BCE
11,11,221,0.4987666606903076,MLP|Weighted BCE
11,12,222,0.5284450650215149,MLP|Weighted BCE
11,13,223,0.5411239862442017,MLP|Weighted BCE
11,14,224,0.4769720435142517,MLP|Weighted BCE
11,15,225,0.5084786415100098,MLP|Weighted BCE
11,16,226,0.5960825085639954,MLP|Weighted BCE
11,17,227,0.5284460783004761,MLP|Weighted BCE
11,18,228,0.6240240931510925,MLP|Weighted BCE
11,19,229,0.5789376497268677,MLP|Weighted BCE
11,20,230,0.5086665153503418,MLP|Weighted BCE
11,21,231,0.5273584127426147,MLP|Weighted BCE
12,1,232,0.5040321946144104,MLP|Weighted BCE
12,2,233,0.538593053817749,MLP|Weighted BCE
12,3,234,0.4109523892402649,MLP|Weighted BCE
12,4,235,0.5611598491668701,MLP|Weighted BCE
12,5,236,0.5061772465705872,MLP|Weighted BCE
12,6,237,0.4986269474029541,MLP|Weighted BCE
12,7,238,0.5718444585800171,MLP|Weighted BCE
12,8,239,0.5175554752349854,MLP|Weighted BCE
12,9,240,0.49013766646385193,MLP|Weighted BCE
12,10,241,0.4448702335357666,MLP|Weighted BCE
12,11,242,0.4915454685688019,MLP|Weighted BCE
12,12,243,0.5198400020599365,MLP|Weighted BCE
12,13,244,0.4262508153915405,MLP|Weighted BCE
12,14,245,0.5773323178291321,MLP|Weighted BCE
12,15,246,0.4811919033527374,MLP|Weighted BCE
12,16,247,0.47482991218566895,MLP|Weighted BCE
12,17,248,0.47388023138046265,MLP|Weighted BCE
12,18,249,0.5351922512054443,MLP|Weighted BCE
12,19,250,0.48603543639183044,MLP|Weighted BCE
12,20,251,0.5518515706062317,MLP|Weighted BCE
12,21,252,0.5599316358566284,MLP|Weighted BCE
13,1,253,0.4423632323741913,MLP|Weighted BCE
13,2,254,0.5786216259002686,MLP|Weighted BCE
13,3,255,0.5025007724761963,MLP|Weighted BCE
13,4,256,0.5168434381484985,MLP|Weighted BCE
13,5,257,0.49418067932128906,MLP|Weighted BCE
13,6,258,0.4690028429031372,MLP|Weighted BCE
13,7,259,0.5335944890975952,MLP|Weighted BCE
13,8,260,0.45861589908599854,MLP|Weighted BCE
13,9,261,0.46322929859161377,MLP|Weighted BCE
13,10,262,0.5903005003929138,MLP|Weighted BCE
13,11,263,0.37112051248550415,MLP|Weighted BCE
13,12,264,0.549888551235199,MLP|Weighted BCE
13,13,265,0.49916601181030273,MLP|Weighted BCE
13,14,266,0.4516761898994446,MLP|Weighted BCE
13,15,267,0.48917335271835327,MLP|Weighted BCE
13,16,268,0.5459293127059937,MLP|Weighted BCE
13,17,269,0.4429941475391388,MLP|Weighted BCE
13,18,270,0.5882550477981567,MLP|Weighted BCE
13,19,271,0.4366658926010132,MLP|Weighted BCE
13,20,272,0.6943445801734924,MLP|Weighted BCE
13,21,273,0.7879555225372314,MLP|Weighted BCE
14,1,274,0.4611380398273468,MLP|Weighted BCE
14,2,275,0.5055826902389526,MLP|Weighted BCE
14,3,276,0.5198825597763062,MLP|Weighted BCE
14,4,277,0.4965386986732483,MLP|Weighted BCE
14,5,278,0.5995944738388062,MLP|Weighted BCE
14,6,279,0.48587286472320557,MLP|Weighted BCE
14,7,280,0.48784440755844116,MLP|Weighted BCE
14,8,281,0.4319159984588623,MLP|Weighted BCE
14,9,282,0.5530335307121277,MLP|Weighted BCE
14,10,283,0.39283591508865356,MLP|Weighted BCE
14,11,284,0.5484680533409119,MLP|Weighted BCE
14,12,285,0.5165399312973022,MLP|Weighted BCE
14,13,286,0.5135817527770996,MLP|Weighted BCE
14,14,287,0.3802841603755951,MLP|Weighted BCE
14,15,288,0.5082381963729858,MLP|Weighted BCE
14,16,289,0.6202245354652405,MLP|Weighted BCE
14,17,290,0.46559906005859375,MLP|Weighted BCE
14,18,291,0.5012415647506714,MLP|Weighted BCE
14,19,292,0.4489310383796692,MLP|Weighted BCE
14,20,293,0.4444849193096161,MLP|Weighted BCE
14,21,294,0.6084997653961182,MLP|Weighted BCE
15,1,295,0.5156280398368835,MLP|Weighted BCE
15,2,296,0.47661063075065613,MLP|Weighted BCE
15,3,297,0.44324949383735657,MLP|Weighted BCE
15,4,298,0.40545034408569336,MLP|Weighted BCE
15,5,299,0.45357006788253784,MLP|Weighted BCE
15,6,300,0.5201754570007324,MLP|Weighted BCE
15,7,301,0.48579269647598267,MLP|Weighted BCE
15,8,302,0.5242019295692444,MLP|Weighted BCE
15,9,303,0.44746848940849304,MLP|Weighted BCE
15,10,304,0.5229524374008179,MLP|Weighted BCE
15,11,305,0.39900457859039307,MLP|Weighted BCE
15,12,306,0.5237493515014648,MLP|Weighted BCE
15,13,307,0.575681209564209,MLP|Weighted BCE
15,14,308,0.6595036387443542,MLP|Weighted BCE
15,15,309,0.5244182348251343,MLP|Weighted BCE
15,16,310,0.5497147440910339,MLP|Weighted BCE
15,17,311,0.47807776927948,MLP|Weighted BCE
15,18,312,0.39339348673820496,MLP|Weighted BCE
15,19,313,0.43563905358314514,MLP|Weighted BCE
15,20,314,0.48789605498313904,MLP|Weighted BCE
15,21,315,0.42880678176879883,MLP|Weighted BCE
16,1,316,0.33139568567276,MLP|Weighted BCE
16,2,317,0.4188486933708191,MLP|Weighted BCE
16,3,318,0.5919964909553528,MLP|Weighted BCE
16,4,319,0.5375125408172607,MLP|Weighted BCE
16,5,320,0.5664445757865906,MLP|Weighted BCE
16,6,321,0.4518727958202362,MLP|Weighted BCE
16,7,322,0.4422915577888489,MLP|Weighted BCE
16,8,323,0.48669689893722534,MLP|Weighted BCE
16,9,324,0.49777019023895264,MLP|Weighted BCE
16,10,325,0.42861199378967285,MLP|Weighted BCE
16,11,326,0.4376886487007141,MLP|Weighted BCE
16,12,327,0.3556024730205536,MLP|Weighted BCE
16,13,328,0.4467317461967468,MLP|Weighted BCE
16,14,329,0.5353737473487854,MLP|Weighted BCE
16,15,330,0.47410598397254944,MLP|Weighted BCE
16,16,331,0.5113374590873718,MLP|Weighted BCE
16,17,332,0.4201405644416809,MLP|Weighted BCE
16,18,333,0.57285076379776,MLP|Weighted BCE
16,19,334,0.5759835839271545,MLP|Weighted BCE
16,20,335,0.5947470664978027,MLP|Weighted BCE
16,21,336,0.8565506339073181,MLP|Weighted BCE
17,1,337,0.5597151517868042,MLP|Weighted BCE
17,2,338,0.5559049844741821,MLP|Weighted BCE
17,3,339,0.4726395308971405,MLP|Weighted BCE
17,4,340,0.47187215089797974,MLP|Weighted BCE
17,5,341,0.5331020355224609,MLP|Weighted BCE
17,6,342,0.4273841977119446,MLP|Weighted BCE
17,7,343,0.4849289357662201,MLP|Weighted BCE
17,8,344,0.6828293204307556,MLP|Weighted BCE
17,9,345,0.4254724979400635,MLP|Weighted BCE
17,10,346,0.45294374227523804,MLP|Weighted BCE
17,11,347,0.3957488536834717,MLP|Weighted BCE
17,12,348,0.5570816993713379,MLP|Weighted BCE
17,13,349,0.45132413506507874,MLP|Weighted BCE
17,14,350,0.41976794600486755,MLP|Weighted BCE
17,15,351,0.5199688076972961,MLP|Weighted BCE
17,16,352,0.5331623554229736,MLP|Weighted BCE
17,17,353,0.35239917039871216,MLP|Weighted BCE
17,18,354,0.445997029542923,MLP|Weighted BCE
17,19,355,0.34873947501182556,MLP|Weighted BCE
17,20,356,0.42150425910949707,MLP|Weighted BCE
17,21,357,0.3411523997783661,MLP|Weighted BCE
18,1,358,0.4994026720523834,MLP|Weighted BCE
18,2,359,0.3378605544567108,MLP|Weighted BCE
18,3,360,0.3532599210739136,MLP|Weighted BCE
18,4,361,0.5184128284454346,MLP|Weighted BCE
18,5,362,0.6167687773704529,MLP|Weighted BCE
18,6,363,0.4714394807815552,MLP|Weighted BCE
18,7,364,0.5356742739677429,MLP|Weighted BCE
18,8,365,0.47579604387283325,MLP|Weighted BCE
18,9,366,0.35879549384117126,MLP|Weighted BCE
18,10,367,0.5711933970451355,MLP|Weighted BCE
18,11,368,0.45022648572921753,MLP|Weighted BCE
18,12,369,0.4156258702278137,MLP|Weighted BCE
18,13,370,0.5083516836166382,MLP|Weighted BCE
18,14,371,0.4733607769012451,MLP|Weighted BCE
18,15,372,0.5543831586837769,MLP|Weighted BCE
18,16,373,0.5009865760803223,MLP|Weighted BCE
18,17,374,0.38481253385543823,MLP|Weighted BCE
18,18,375,0.6880853176116943,MLP|Weighted BCE
18,19,376,0.39694878458976746,MLP|Weighted BCE
18,20,377,0.439517617225647,MLP|Weighted BCE
18,21,378,0.3399312198162079,MLP|Weighted BCE
19,1,379,0.6049667596817017,MLP|Weighted BCE
19,2,380,0.4455533027648926,MLP|Weighted BCE
19,3,381,0.4412733018398285,MLP|Weighted BCE
19,4,382,0.3838613033294678,MLP|Weighted BCE
19,5,383,0.4458724856376648,MLP|Weighted BCE
19,6,384,0.5434786081314087,MLP|Weighted BCE
19,7,385,0.44216156005859375,MLP|Weighted BCE
19,8,386,0.5169715285301208,MLP|Weighted BCE
19,9,387,0.3636511266231537,MLP|Weighted BCE
19,10,388,0.4272834062576294,MLP|Weighted BCE
19,11,389,0.4164798855781555,MLP|Weighted BCE
19,12,390,0.5141575336456299,MLP|Weighted BCE
19,13,391,0.5223456621170044,MLP|Weighted BCE
19,14,392,0.4721972942352295,MLP|Weighted BCE
19,15,393,0.3487705588340759,MLP|Weighted BCE
19,16,394,0.4237266778945923,MLP|Weighted BCE
19,17,395,0.42834100127220154,MLP|Weighted BCE
19,18,396,0.5021390914916992,MLP|Weighted BCE
19,19,397,0.4696160852909088,MLP|Weighted BCE
19,20,398,0.40291696786880493,MLP|Weighted BCE
19,21,399,0.28132620453834534,MLP|Weighted BCE
20,1,400,0.41382142901420593,MLP|Weighted BCE
20,2,401,0.4480954706668854,MLP|Weighted BCE
20,3,402,0.46318215131759644,MLP|Weighted BCE
20,4,403,0.4045698642730713,MLP|Weighted BCE
20,5,404,0.377491295337677,MLP|Weighted BCE
20,6,405,0.4172787070274353,MLP|Weighted BCE
20,7,406,0.3744427263736725,MLP|Weighted BCE
20,8,407,0.6181004643440247,MLP|Weighted BCE
20,9,408,0.42910099029541016,MLP|Weighted BCE
20,10,409,0.419378399848938,MLP|Weighted BCE
20,11,410,0.4621169865131378,MLP|Weighted BCE
20,12,411,0.5472624897956848,MLP|Weighted BCE
20,13,412,0.4559732973575592,MLP|Weighted BCE
20,14,413,0.45288267731666565,MLP|Weighted BCE
20,15,414,0.4272371828556061,MLP|Weighted BCE
20,16,415,0.46472835540771484,MLP|Weighted BCE
20,17,416,0.44041988253593445,MLP|Weighted BCE
20,18,417,0.39142507314682007,MLP|Weighted BCE
20,19,418,0.5694083571434021,MLP|Weighted BCE
20,20,419,0.3834036588668823,MLP|Weighted BCE
20,21,420,0.30395087599754333,MLP|Weighted BCE
21,1,421,0.46653151512145996,MLP|Weighted BCE
21,2,422,0.46672624349594116,MLP|Weighted BCE
21,3,423,0.4606597125530243,MLP|Weighted BCE
21,4,424,0.39018261432647705,MLP|Weighted BCE
21,5,425,0.5072523355484009,MLP|Weighted BCE
21,6,426,0.34752631187438965,MLP|Weighted BCE
21,7,427,0.48263412714004517,MLP|Weighted BCE
21,8,428,0.504428505897522,MLP|Weighted BCE
21,9,429,0.37817874550819397,MLP|Weighted BCE
21,10,430,0.419175386428833,MLP|Weighted BCE
21,11,431,0.32580307126045227,MLP|Weighted BCE
21,12,432,0.38307252526283264,MLP|Weighted BCE
21,13,433,0.40325838327407837,MLP|Weighted BCE
21,14,434,0.3622192442417145,MLP|Weighted BCE
21,15,435,0.517200231552124,MLP|Weighted BCE
21,16,436,0.519342839717865,MLP|Weighted BCE
21,17,437,0.48238956928253174,MLP|Weighted BCE
21,18,438,0.44392114877700806,MLP|Weighted BCE
21,19,439,0.49581682682037354,MLP|Weighted BCE
21,20,440,0.39516568183898926,MLP|Weighted BCE
21,21,441,0.4263004958629608,MLP|Weighted BCE
22,1,442,0.4405067563056946,MLP|Weighted BCE
22,2,443,0.48763012886047363,MLP|Weighted BCE
22,3,444,0.4681984484195709,MLP|Weighted BCE
22,4,445,0.4455161988735199,MLP|Weighted BCE
22,5,446,0.444276362657547,MLP|Weighted BCE
22,6,447,0.37378162145614624,MLP|Weighted BCE
22,7,448,0.4427575469017029,MLP|Weighted BCE
22,8,449,0.42476725578308105,MLP|Weighted BCE
22,9,450,0.49025195837020874,MLP|Weighted BCE
22,10,451,0.4944691061973572,MLP|Weighted BCE
22,11,452,0.5677054524421692,MLP|Weighted BCE
22,12,453,0.45951607823371887,MLP|Weighted BCE
22,13,454,0.38407525420188904,MLP|Weighted BCE
22,14,455,0.4517715573310852,MLP|Weighted BCE
22,15,456,0.541709303855896,MLP|Weighted BCE
22,16,457,0.4656803607940674,MLP|Weighted BCE
22,17,458,0.3857048749923706,MLP|Weighted BCE
22,18,459,0.3752344250679016,MLP|Weighted BCE
22,19,460,0.3769611716270447,MLP|Weighted BCE
22,20,461,0.4008744955062866,MLP|Weighted BCE
22,21,462,0.5233463644981384,MLP|Weighted BCE
23,1,463,0.3416282534599304,MLP|Weighted BCE
23,2,464,0.6614720225334167,MLP|Weighted BCE
23,3,465,0.5035334825515747,MLP|Weighted BCE
23,4,466,0.32172468304634094,MLP|Weighted BCE
23,5,467,0.41521498560905457,MLP|Weighted BCE
23,6,468,0.49212634563446045,MLP|Weighted BCE
23,7,469,0.487522691488266,MLP|Weighted BCE
23,8,470,0.520635724067688,MLP|Weighted BCE
23,9,471,0.5393820405006409,MLP|Weighted BCE
23,10,472,0.3867358863353729,MLP|Weighted BCE
23,11,473,0.5259592533111572,MLP|Weighted BCE
23,12,474,0.47780272364616394,MLP|Weighted BCE
23,13,475,0.35503101348876953,MLP|Weighted BCE
23,14,476,0.38131341338157654,MLP|Weighted BCE
23,15,477,0.3591485321521759,MLP|Weighted BCE
23,16,478,0.3825177848339081,MLP|Weighted BCE
23,17,479,0.5190861225128174,MLP|Weighted BCE
23,18,480,0.4651351869106293,MLP|Weighted BCE
23,19,481,0.46383559703826904,MLP|Weighted BCE
23,20,482,0.3479042947292328,MLP|Weighted BCE
23,21,483,0.6446870565414429,MLP|Weighted BCE
24,1,484,0.45440542697906494,MLP|Weighted BCE
24,2,485,0.43473970890045166,MLP|Weighted BCE
24,3,486,0.44183388352394104,MLP|Weighted BCE
24,4,487,0.4771432876586914,MLP|Weighted BCE
24,5,488,0.40477538108825684,MLP|Weighted BCE
24,6,489,0.33073800802230835,MLP|Weighted BCE
24,7,490,0.49518823623657227,MLP|Weighted BCE
24,8,491,0.3923473060131073,MLP|Weighted BCE
24,9,492,0.44723641872406006,MLP|Weighted BCE
24,10,493,0.3332708775997162,MLP|Weighted BCE
24,11,494,0.4717252254486084,MLP|Weighted BCE
24,12,495,0.36484959721565247,MLP|Weighted BCE
24,13,496,0.485786497592926,MLP|Weighted BCE
24,14,497,0.5128940939903259,MLP|Weighted BCE
24,15,498,0.3377998471260071,MLP|Weighted BCE
24,16,499,0.5252007246017456,MLP|Weighted BCE
24,17,500,0.4203483462333679,MLP|Weighted BCE
24,18,501,0.3808082938194275,MLP|Weighted BCE
24,19,502,0.37986379861831665,MLP|Weighted BCE
24,20,503,0.43003177642822266,MLP|Weighted BCE
24,21,504,0.3183153569698334,MLP|Weighted BCE
25,1,505,0.5166298151016235,MLP|Weighted BCE
25,2,506,0.5447425246238708,MLP|Weighted BCE
25,3,507,0.35069578886032104,MLP|Weighted BCE
25,4,508,0.3929016590118408,MLP|Weighted BCE
25,5,509,0.35307562351226807,MLP|Weighted BCE
25,6,510,0.4533465802669525,MLP|Weighted BCE
25,7,511,0.39683714509010315,MLP|Weighted BCE
25,8,512,0.4305332899093628,MLP|Weighted BCE
25,9,513,0.4053490161895752,MLP|Weighted BCE
25,10,514,0.47923576831817627,MLP|Weighted BCE
25,11,515,0.3973335921764374,MLP|Weighted BCE
25,12,516,0.48307284712791443,MLP|Weighted BCE
25,13,517,0.41776466369628906,MLP|Weighted BCE
25,14,518,0.4579203724861145,MLP|Weighted BCE
25,15,519,0.45818978548049927,MLP|Weighted BCE
25,16,520,0.42614036798477173,MLP|Weighted BCE
25,17,521,0.5376921892166138,MLP|Weighted BCE
25,18,522,0.46372708678245544,MLP|Weighted BCE
25,19,523,0.3311508893966675,MLP|Weighted BCE
25,20,524,0.34627729654312134,MLP|Weighted BCE
25,21,525,0.2842884659767151,MLP|Weighted BCE
26,1,526,0.46953731775283813,MLP|Weighted BCE
26,2,527,0.3283366560935974,MLP|Weighted BCE
26,3,528,0.4169265627861023,MLP|Weighted BCE
26,4,529,0.4695475697517395,MLP|Weighted BCE
26,5,530,0.5049638152122498,MLP|Weighted BCE
26,6,531,0.42231738567352295,MLP|Weighted BCE
26,7,532,0.43217533826828003,MLP|Weighted BCE
26,8,533,0.44123172760009766,MLP|Weighted BCE
26,9,534,0.35555607080459595,MLP|Weighted BCE
26,10,535,0.6578778028488159,MLP|Weighted BCE
26,11,536,0.42305707931518555,MLP|Weighted BCE
26,12,537,0.49124062061309814,MLP|Weighted BCE
26,13,538,0.48052263259887695,MLP|Weighted BCE
26,14,539,0.3737770617008209,MLP|Weighted BCE
26,15,540,0.36820653080940247,MLP|Weighted BCE
26,16,541,0.34152936935424805,MLP|Weighted BCE
26,17,542,0.312380850315094,MLP|Weighted BCE
26,18,543,0.36514636874198914,MLP|Weighted BCE
26,19,544,0.3326554298400879,MLP|Weighted BCE
26,20,545,0.37584513425827026,MLP|Weighted BCE
26,21,546,0.2416078746318817,MLP|Weighted BCE
27,1,547,0.5774660110473633,MLP|Weighted BCE
27,2,548,0.5343408584594727,MLP|Weighted BCE
27,3,549,0.5892689228057861,MLP|Weighted BCE
27,4,550,0.4082026779651642,MLP|Weighted BCE
27,5,551,0.34798768162727356,MLP|Weighted BCE
27,6,552,0.4035649299621582,MLP|Weighted BCE
27,7,553,0.3989366888999939,MLP|Weighted BCE
27,8,554,0.47375553846359253,MLP|Weighted BCE
27,9,555,0.45657917857170105,MLP|Weighted BCE
27,10,556,0.46529853343963623,MLP|Weighted BCE
27,11,557,0.36109599471092224,MLP|Weighted BCE
27,12,558,0.3568173944950104,MLP|Weighted BCE
27,13,559,0.33114996552467346,MLP|Weighted BCE
27,14,560,0.3636961579322815,MLP|Weighted BCE
27,15,561,0.49970027804374695,MLP|Weighted BCE
27,16,562,0.5175820589065552,MLP|Weighted BCE
27,17,563,0.3616735339164734,MLP|Weighted BCE
27,18,564,0.5253475308418274,MLP|Weighted BCE
27,19,565,0.38277435302734375,MLP|Weighted BCE
27,20,566,0.25189095735549927,MLP|Weighted BCE
27,21,567,0.27699515223503113,MLP|Weighted BCE
28,1,568,0.46116092801094055,MLP|Weighted BCE
28,2,569,0.40120676159858704,MLP|Weighted BCE
28,3,570,0.4009218215942383,MLP|Weighted BCE
28,4,571,0.47925570607185364,MLP|Weighted BCE
28,5,572,0.5204728245735168,MLP|Weighted BCE
28,6,573,0.4201611876487732,MLP|Weighted BCE
28,7,574,0.5186351537704468,MLP|Weighted BCE
28,8,575,0.3597167730331421,MLP|Weighted BCE
28,9,576,0.4841368794441223,MLP|Weighted BCE
28,10,577,0.3946138620376587,MLP|Weighted BCE
28,11,578,0.3381243646144867,MLP|Weighted BCE
28,12,579,0.3869178593158722,MLP|Weighted BCE
28,13,580,0.38913583755493164,MLP|Weighted BCE
28,14,581,0.3308015465736389,MLP|Weighted BCE
28,15,582,0.4727535843849182,MLP|Weighted BCE
28,16,583,0.46395590901374817,MLP|Weighted BCE
28,17,584,0.46304789185523987,MLP|Weighted BCE
28,18,585,0.3693840205669403,MLP|Weighted BCE
28,19,586,0.3838587999343872,MLP|Weighted BCE
28,20,587,0.3138073682785034,MLP|Weighted BCE
28,21,588,0.2032020092010498,MLP|Weighted BCE
29,1,589,0.4011068344116211,MLP|Weighted BCE
29,2,590,0.30993208289146423,MLP|Weighted BCE
29,3,591,0.45187127590179443,MLP|Weighted BCE
29,4,592,0.3304614722728729,MLP|Weighted BCE
29,5,593,0.3711775839328766,MLP|Weighted BCE
29,6,594,0.4336010813713074,MLP|Weighted BCE
29,7,595,0.3887946605682373,MLP|Weighted BCE
29,8,596,0.42254891991615295,MLP|Weighted BCE
29,9,597,0.47710007429122925,MLP|Weighted BCE
29,10,598,0.46110856533050537,MLP|Weighted BCE
29,11,599,0.38866305351257324,MLP|Weighted BCE
29,12,600,0.47336822748184204,MLP|Weighted BCE
29,13,601,0.3753237724304199,MLP|Weighted BCE
29,14,602,0.41723862290382385,MLP|Weighted BCE
29,15,603,0.3869372606277466,MLP|Weighted BCE
29,16,604,0.4900495707988739,MLP|Weighted BCE
29,17,605,0.30011674761772156,MLP|Weighted BCE
29,18,606,0.38758665323257446,MLP|Weighted BCE
29,19,607,0.3607603907585144,MLP|Weighted BCE
29,20,608,0.4326432943344116,MLP|Weighted BCE
29,21,609,0.23837849497795105,MLP|Weighted BCE
30,1,610,0.3693158030509949,MLP|Weighted BCE
30,2,611,0.36854177713394165,MLP|Weighted BCE
30,3,612,0.5383628606796265,MLP|Weighted BCE
30,4,613,0.3714396059513092,MLP|Weighted BCE
30,5,614,0.41069504618644714,MLP|Weighted BCE
30,6,615,0.3423066735267639,MLP|Weighted BCE
30,7,616,0.41372328996658325,MLP|Weighted BCE
30,8,617,0.4503442049026489,MLP|Weighted BCE
30,9,618,0.2775523066520691,MLP|Weighted BCE
30,10,619,0.39788147807121277,MLP|Weighted BCE
30,11,620,0.37888774275779724,MLP|Weighted BCE
30,12,621,0.3220086097717285,MLP|Weighted BCE
30,13,622,0.40331435203552246,MLP|Weighted BCE
30,14,623,0.3430783748626709,MLP|Weighted BCE
30,15,624,0.33997902274131775,MLP|Weighted BCE
30,16,625,0.43626922369003296,MLP|Weighted BCE
30,17,626,0.4382082521915436,MLP|Weighted BCE
30,18,627,0.4452231526374817,MLP|Weighted BCE
30,19,628,0.46788692474365234,MLP|Weighted BCE
30,20,629,0.43479883670806885,MLP|Weighted BCE
30,21,630,0.4933578372001648,MLP|Weighted BCE
31,1,631,0.44339519739151,MLP|Weighted BCE
31,2,632,0.32200244069099426,MLP|Weighted BCE
31,3,633,0.3798346221446991,MLP|Weighted BCE
31,4,634,0.584421694278717,MLP|Weighted BCE
31,5,635,0.40860846638679504,MLP|Weighted BCE
31,6,636,0.36524006724357605,MLP|Weighted BCE
31,7,637,0.5392428040504456,MLP|Weighted BCE
31,8,638,0.3731161952018738,MLP|Weighted BCE
31,9,639,0.4613111615180969,MLP|Weighted BCE
31,10,640,0.38483303785324097,MLP|Weighted BCE
31,11,641,0.37086278200149536,MLP|Weighted BCE
31,12,642,0.4125685393810272,MLP|Weighted BCE
31,13,643,0.35674741864204407,MLP|Weighted BCE
31,14,644,0.2994630038738251,MLP|Weighted BCE
31,15,645,0.4227379560470581,MLP|Weighted BCE
31,16,646,0.4360083341598511,MLP|Weighted BCE
31,17,647,0.4284157156944275,MLP|Weighted BCE
31,18,648,0.36406636238098145,MLP|Weighted BCE
31,19,649,0.284869521856308,MLP|Weighted BCE
31,20,650,0.255067378282547,MLP|Weighted BCE
31,21,651,0.9500402212142944,MLP|Weighted BCE
32,1,652,0.4429652988910675,MLP|Weighted BCE
32,2,653,0.36136898398399353,MLP|Weighted BCE
32,3,654,0.3559251129627228,MLP|Weighted BCE
32,4,655,0.4542001187801361,MLP|Weighted BCE
32,5,656,0.35722923278808594,MLP|Weighted BCE
32,6,657,0.3503527343273163,MLP|Weighted BCE
32,7,658,0.5244144201278687,MLP|Weighted BCE
32,8,659,0.40297824144363403,MLP|Weighted BCE
32,9,660,0.41147667169570923,MLP|Weighted BCE
32,10,661,0.4547852575778961,MLP|Weighted BCE
32,11,662,0.4631059765815735,MLP|Weighted BCE
32,12,663,0.36410465836524963,MLP|Weighted BCE
32,13,664,0.37609344720840454,MLP|Weighted BCE
32,14,665,0.4187590777873993,MLP|Weighted BCE
32,15,666,0.3950099050998688,MLP|Weighted BCE
32,16,667,0.30964624881744385,MLP|Weighted BCE
32,17,668,0.4755176603794098,MLP|Weighted BCE
32,18,669,0.4670008420944214,MLP|Weighted BCE
32,19,670,0.3500637710094452,MLP|Weighted BCE
32,20,671,0.41252732276916504,MLP|Weighted BCE
32,21,672,0.45222094655036926,MLP|Weighted BCE
33,1,673,0.3528175950050354,MLP|Weighted BCE
33,2,674,0.28996920585632324,MLP|Weighted BCE
33,3,675,0.32200518250465393,MLP|Weighted BCE
33,4,676,0.5222054123878479,MLP|Weighted BCE
33,5,677,0.4949287176132202,MLP|Weighted BCE
33,6,678,0.29975172877311707,MLP|Weighted BCE
33,7,679,0.37887004017829895,MLP|Weighted BCE
33,8,680,0.35543742775917053,MLP|Weighted BCE
33,9,681,0.4452768564224243,MLP|Weighted BCE
33,10,682,0.43409600853919983,MLP|Weighted BCE
33,11,683,0.42273277044296265,MLP|Weighted BCE
33,12,684,0.47246912121772766,MLP|Weighted BCE
33,13,685,0.27868300676345825,MLP|Weighted BCE
33,14,686,0.2988240122795105,MLP|Weighted BCE
33,15,687,0.40052324533462524,MLP|Weighted BCE
33,16,688,0.3546188771724701,MLP|Weighted BCE
33,17,689,0.5195921659469604,MLP|Weighted BCE
33,18,690,0.36103540658950806,MLP|Weighted BCE
33,19,691,0.466961145401001,MLP|Weighted BCE
33,20,692,0.4235598146915436,MLP|Weighted BCE
33,21,693,0.4994218647480011,MLP|Weighted BCE
34,1,694,0.3515612483024597,MLP|Weighted BCE
34,2,695,0.3963577449321747,MLP|Weighted BCE
34,3,696,0.3618100881576538,MLP|Weighted BCE
34,4,697,0.4612664580345154,MLP|Weighted BCE
34,5,698,0.466758668422699,MLP|Weighted BCE
34,6,699,0.3994957208633423,MLP|Weighted BCE
34,7,700,0.35251644253730774,MLP|Weighted BCE
34,8,701,0.3796255886554718,MLP|Weighted BCE
34,9,702,0.40277978777885437,MLP|Weighted BCE
34,10,703,0.3160470128059387,MLP|Weighted BCE
34,11,704,0.2489805519580841,MLP|Weighted BCE
34,12,705,0.3116108775138855,MLP|Weighted BCE
34,13,706,0.4237796664237976,MLP|Weighted BCE
34,14,707,0.39178937673568726,MLP|Weighted BCE
34,15,708,0.3437732458114624,MLP|Weighted BCE
34,16,709,0.34836462140083313,MLP|Weighted BCE
34,17,710,0.41989704966545105,MLP|Weighted BCE
34,18,711,0.31077122688293457,MLP|Weighted BCE
34,19,712,0.3322737216949463,MLP|Weighted BCE
34,20,713,0.454957515001297,MLP|Weighted BCE
34,21,714,0.23997090756893158,MLP|Weighted BCE
35,1,715,0.31028684973716736,MLP|Weighted BCE
35,2,716,0.4507061541080475,MLP|Weighted BCE
35,3,717,0.6636949181556702,MLP|Weighted BCE
35,4,718,0.4260072708129883,MLP|Weighted BCE
35,5,719,0.4005053639411926,MLP|Weighted BCE
35,6,720,0.3745500147342682,MLP|Weighted BCE
35,7,721,0.3524525761604309,MLP|Weighted BCE
35,8,722,0.36279919743537903,MLP|Weighted BCE
35,9,723,0.3207281231880188,MLP|Weighted BCE
35,10,724,0.29807326197624207,MLP|Weighted BCE
35,11,725,0.3208492398262024,MLP|Weighted BCE
35,12,726,0.39393919706344604,MLP|Weighted BCE
35,13,727,0.3421580195426941,MLP|Weighted BCE
35,14,728,0.34234777092933655,MLP|Weighted BCE
35,15,729,0.4785870313644409,MLP|Weighted BCE
35,16,730,0.3664151430130005,MLP|Weighted BCE
35,17,731,0.4758889079093933,MLP|Weighted BCE
35,18,732,0.38470521569252014,MLP|Weighted BCE
35,19,733,0.40061452984809875,MLP|Weighted BCE
35,20,734,0.42022234201431274,MLP|Weighted BCE
35,21,735,0.23798595368862152,MLP|Weighted BCE
36,1,736,0.34720540046691895,MLP|Weighted BCE
36,2,737,0.39149439334869385,MLP|Weighted BCE
36,3,738,0.4341263771057129,MLP|Weighted BCE
36,4,739,0.4619857668876648,MLP|Weighted BCE
36,5,740,0.33810874819755554,MLP|Weighted BCE
36,6,741,0.3228629231452942,MLP|Weighted BCE
36,7,742,0.38333630561828613,MLP|Weighted BCE
36,8,743,0.4303780794143677,MLP|Weighted BCE
36,9,744,0.29826074838638306,MLP|Weighted BCE
36,10,745,0.3379708230495453,MLP|Weighted BCE
36,11,746,0.3192555010318756,MLP|Weighted BCE
36,12,747,0.41936835646629333,MLP|Weighted BCE
36,13,748,0.3992689847946167,MLP|Weighted BCE
36,14,749,0.2759561240673065,MLP|Weighted BCE
36,15,750,0.3610677123069763,MLP|Weighted BCE
36,16,751,0.4055812954902649,MLP|Weighted BCE
36,17,752,0.321756511926651,MLP|Weighted BCE
36,18,753,0.7013417482376099,MLP|Weighted BCE
36,19,754,0.3948315680027008,MLP|Weighted BCE
36,20,755,0.45968061685562134,MLP|Weighted BCE
36,21,756,0.2180364578962326,MLP|Weighted BCE
37,1,757,0.3046429753303528,MLP|Weighted BCE
37,2,758,0.2624671161174774,MLP|Weighted BCE
37,3,759,0.37122130393981934,MLP|Weighted BCE
37,4,760,0.42588621377944946,MLP|Weighted BCE
37,5,761,0.33365491032600403,MLP|Weighted BCE
37,6,762,0.28658801317214966,MLP|Weighted BCE
37,7,763,0.3293071985244751,MLP|Weighted BCE
37,8,764,0.29382678866386414,MLP|Weighted BCE
37,9,765,0.4169498682022095,MLP|Weighted BCE
37,10,766,0.5778895616531372,MLP|Weighted BCE
37,11,767,0.3765142261981964,MLP|Weighted BCE
37,12,768,0.4332449734210968,MLP|Weighted BCE
37,13,769,0.2882229685783386,MLP|Weighted BCE
37,14,770,0.3424665927886963,MLP|Weighted BCE
37,15,771,0.35098570585250854,MLP|Weighted BCE
37,16,772,0.47343742847442627,MLP|Weighted BCE
37,17,773,0.2815687358379364,MLP|Weighted BCE
37,18,774,0.3357676565647125,MLP|Weighted BCE
37,19,775,0.5559021830558777,MLP|Weighted BCE
37,20,776,0.2814881205558777,MLP|Weighted BCE
37,21,777,0.31089529395103455,MLP|Weighted BCE
38,1,778,0.31273144483566284,MLP|Weighted BCE
38,2,779,0.3728429079055786,MLP|Weighted BCE
38,3,780,0.3813871443271637,MLP|Weighted BCE
38,4,781,0.35842427611351013,MLP|Weighted BCE
38,5,782,0.39816173911094666,MLP|Weighted BCE
38,6,783,0.42987072467803955,MLP|Weighted BCE
38,7,784,0.2728312015533447,MLP|Weighted BCE
38,8,785,0.3815406560897827,MLP|Weighted BCE
38,9,786,0.5879068374633789,MLP|Weighted BCE
38,10,787,0.318656325340271,MLP|Weighted BCE
38,11,788,0.3965402841567993,MLP|Weighted BCE
38,12,789,0.24111631512641907,MLP|Weighted BCE
38,13,790,0.36843141913414,MLP|Weighted BCE
38,14,791,0.38822102546691895,MLP|Weighted BCE
38,15,792,0.4419797360897064,MLP|Weighted BCE
38,16,793,0.319195032119751,MLP|Weighted BCE
38,17,794,0.31196510791778564,MLP|Weighted BCE
38,18,795,0.36569687724113464,MLP|Weighted BCE
38,19,796,0.3263719081878662,MLP|Weighted BCE
38,20,797,0.36004409193992615,MLP|Weighted BCE
38,21,798,0.18323753774166107,MLP|Weighted BCE
39,1,799,0.2937893271446228,MLP|Weighted BCE
39,2,800,0.3812914788722992,MLP|Weighted BCE
39,3,801,0.3565840721130371,MLP|Weighted BCE
39,4,802,0.40039876103401184,MLP|Weighted BCE
39,5,803,0.31030938029289246,MLP|Weighted BCE
39,6,804,0.2834809422492981,MLP|Weighted BCE
39,7,805,0.367613285779953,MLP|Weighted BCE
39,8,806,0.34862828254699707,MLP|Weighted BCE
39,9,807,0.31095850467681885,MLP|Weighted BCE
39,10,808,0.2770065665245056,MLP|Weighted BCE
39,11,809,0.38444584608078003,MLP|Weighted BCE
39,12,810,0.5915570259094238,MLP|Weighted BCE
39,13,811,0.45520660281181335,MLP|Weighted BCE
39,14,812,0.38605111837387085,MLP|Weighted BCE
39,15,813,0.2363855540752411,MLP|Weighted BCE
39,16,814,0.3743746876716614,MLP|Weighted BCE
39,17,815,0.3575114607810974,MLP|Weighted BCE
39,18,816,0.4376411437988281,MLP|Weighted BCE
39,19,817,0.4050425589084625,MLP|Weighted BCE
39,20,818,0.3288663327693939,MLP|Weighted BCE
39,21,819,0.3757285475730896,MLP|Weighted BCE
40,1,820,0.3369598984718323,MLP|Weighted BCE
40,2,821,0.35095980763435364,MLP|Weighted BCE
40,3,822,0.36993053555488586,MLP|Weighted BCE
40,4,823,0.5067679286003113,MLP|Weighted BCE
40,5,824,0.3752305507659912,MLP|Weighted BCE
40,6,825,0.2979595363140106,MLP|Weighted BCE
40,7,826,0.4256483316421509,MLP|Weighted BCE
40,8,827,0.3651524782180786,MLP|Weighted BCE
40,9,828,0.37780845165252686,MLP|Weighted BCE
40,10,829,0.3756372630596161,MLP|Weighted BCE
40,11,830,0.3772522807121277,MLP|Weighted BCE
40,12,831,0.3221164345741272,MLP|Weighted BCE
40,13,832,0.33523979783058167,MLP|Weighted BCE
40,14,833,0.41900336742401123,MLP|Weighted BCE
40,15,834,0.3537593483924866,MLP|Weighted BCE
40,16,835,0.23313969373703003,MLP|Weighted BCE
40,17,836,0.3041207492351532,MLP|Weighted BCE
40,18,837,0.4045318365097046,MLP|Weighted BCE
40,19,838,0.37382641434669495,MLP|Weighted BCE
40,20,839,0.2506994605064392,MLP|Weighted BCE
40,21,840,0.5222664475440979,MLP|Weighted BCE
41,1,841,0.36429721117019653,MLP|Weighted BCE
41,2,842,0.2726631164550781,MLP|Weighted BCE
41,3,843,0.35122746229171753,MLP|Weighted BCE
41,4,844,0.30598002672195435,MLP|Weighted BCE
41,5,845,0.2977183759212494,MLP|Weighted BCE
41,6,846,0.3571741282939911,MLP|Weighted BCE
41,7,847,0.5042088627815247,MLP|Weighted BCE
41,8,848,0.3780440092086792,MLP|Weighted BCE
41,9,849,0.4851484000682831,MLP|Weighted BCE
41,10,850,0.3099789321422577,MLP|Weighted BCE
41,11,851,0.2990407943725586,MLP|Weighted BCE
41,12,852,0.3669900894165039,MLP|Weighted BCE
41,13,853,0.35231149196624756,MLP|Weighted BCE
41,14,854,0.4487041234970093,MLP|Weighted BCE
41,15,855,0.4480665624141693,MLP|Weighted BCE
41,16,856,0.37020713090896606,MLP|Weighted BCE
41,17,857,0.31491604447364807,MLP|Weighted BCE
41,18,858,0.460500031709671,MLP|Weighted BCE
41,19,859,0.34215396642684937,MLP|Weighted BCE
41,20,860,0.4792294502258301,MLP|Weighted BCE
41,21,861,0.2413131445646286,MLP|Weighted BCE
42,1,862,0.35508158802986145,MLP|Weighted BCE
42,2,863,0.3706999123096466,MLP|Weighted BCE
42,3,864,0.4108944833278656,MLP|Weighted BCE
42,4,865,0.37491676211357117,MLP|Weighted BCE
42,5,866,0.28648293018341064,MLP|Weighted BCE
42,6,867,0.45220762491226196,MLP|Weighted BCE
42,7,868,0.34864866733551025,MLP|Weighted BCE
42,8,869,0.47124892473220825,MLP|Weighted BCE
42,9,870,0.29661574959754944,MLP|Weighted BCE
42,10,871,0.44051337242126465,MLP|Weighted BCE
42,11,872,0.3155103325843811,MLP|Weighted BCE
42,12,873,0.292939156293869,MLP|Weighted BCE
42,13,874,0.3181939125061035,MLP|Weighted BCE
42,14,875,0.40458202362060547,MLP|Weighted BCE
42,15,876,0.32163867354393005,MLP|Weighted BCE
42,16,877,0.35322141647338867,MLP|Weighted BCE
42,17,878,0.332576721906662,MLP|Weighted BCE
42,18,879,0.3920702040195465,MLP|Weighted BCE
42,19,880,0.4160000681877136,MLP|Weighted BCE
42,20,881,0.2857983410358429,MLP|Weighted BCE
42,21,882,0.4306126832962036,MLP|Weighted BCE
43,1,883,0.3477329611778259,MLP|Weighted BCE
43,2,884,0.40127235651016235,MLP|Weighted BCE
43,3,885,0.5162788033485413,MLP|Weighted BCE
43,4,886,0.3491632044315338,MLP|Weighted BCE
43,5,887,0.30691996216773987,MLP|Weighted BCE
43,6,888,0.26965606212615967,MLP|Weighted BCE
43,7,889,0.35367923974990845,MLP|Weighted BCE
43,8,890,0.19519184529781342,MLP|Weighted BCE
43,9,891,0.2674068212509155,MLP|Weighted BCE
43,10,892,0.34539636969566345,MLP|Weighted BCE
43,11,893,0.3451906144618988,MLP|Weighted BCE
43,12,894,0.3699878454208374,MLP|Weighted BCE
43,13,895,0.4059320092201233,MLP|Weighted BCE
43,14,896,0.4148627817630768,MLP|Weighted BCE
43,15,897,0.4528956711292267,MLP|Weighted BCE
43,16,898,0.34520551562309265,MLP|Weighted BCE
43,17,899,0.43878868222236633,MLP|Weighted BCE
43,18,900,0.32708123326301575,MLP|Weighted BCE
43,19,901,0.5148347020149231,MLP|Weighted BCE
43,20,902,0.3967427909374237,MLP|Weighted BCE
43,21,903,0.511819064617157,MLP|Weighted BCE
44,1,904,0.2867316007614136,MLP|Weighted BCE
44,2,905,0.27150699496269226,MLP|Weighted BCE
44,3,906,0.37071460485458374,MLP|Weighted BCE
44,4,907,0.4302246570587158,MLP|Weighted BCE
44,5,908,0.40873852372169495,MLP|Weighted BCE
44,6,909,0.26443490386009216,MLP|Weighted BCE
44,7,910,0.2926414906978607,MLP|Weighted BCE
44,8,911,0.4304561913013458,MLP|Weighted BCE
44,9,912,0.3265283703804016,MLP|Weighted BCE
44,10,913,0.277100145816803,MLP|Weighted BCE
44,11,914,0.3471340239048004,MLP|Weighted BCE
44,12,915,0.29023072123527527,MLP|Weighted BCE
44,13,916,0.34934812784194946,MLP|Weighted BCE
44,14,917,0.3192077875137329,MLP|Weighted BCE
44,15,918,0.3326728641986847,MLP|Weighted BCE
44,16,919,0.43158215284347534,MLP|Weighted BCE
44,17,920,0.3884505033493042,MLP|Weighted BCE
44,18,921,0.3290170133113861,MLP|Weighted BCE
44,19,922,0.49692046642303467,MLP|Weighted BCE
44,20,923,0.2616015672683716,MLP|Weighted BCE
44,21,924,0.5669669508934021,MLP|Weighted BCE
45,1,925,0.23685956001281738,MLP|Weighted BCE
45,2,926,0.4129774868488312,MLP|Weighted BCE
45,3,927,0.3403246998786926,MLP|Weighted BCE
45,4,928,0.3377860188484192,MLP|Weighted BCE
45,5,929,0.3745989203453064,MLP|Weighted BCE
45,6,930,0.34809890389442444,MLP|Weighted BCE
45,7,931,0.3344951868057251,MLP|Weighted BCE
45,8,932,0.31904301047325134,MLP|Weighted BCE
45,9,933,0.39859887957572937,MLP|Weighted BCE
45,10,934,0.38198378682136536,MLP|Weighted BCE
45,11,935,0.3460977375507355,MLP|Weighted BCE
45,12,936,0.3472501337528229,MLP|Weighted BCE
45,13,937,0.21576520800590515,MLP|Weighted BCE
45,14,938,0.41152089834213257,MLP|Weighted BCE
45,15,939,0.36203452944755554,MLP|Weighted BCE
45,16,940,0.2987297773361206,MLP|Weighted BCE
45,17,941,0.3631017804145813,MLP|Weighted BCE
45,18,942,0.3215521574020386,MLP|Weighted BCE
45,19,943,0.3409859240055084,MLP|Weighted BCE
45,20,944,0.6966805458068848,MLP|Weighted BCE
45,21,945,0.4700528085231781,MLP|Weighted BCE
46,1,946,0.39578568935394287,MLP|Weighted BCE
46,2,947,0.27703121304512024,MLP|Weighted BCE
46,3,948,0.3327657878398895,MLP|Weighted BCE
46,4,949,0.3550426959991455,MLP|Weighted BCE
46,5,950,0.36658015847206116,MLP|Weighted BCE
46,6,951,0.363679438829422,MLP|Weighted BCE
46,7,952,0.3717351257801056,MLP|Weighted BCE
46,8,953,0.36812347173690796,MLP|Weighted BCE
46,9,954,0.3529633581638336,MLP|Weighted BCE
46,10,955,0.3494259715080261,MLP|Weighted BCE
46,11,956,0.40434518456459045,MLP|Weighted BCE
46,12,957,0.32681557536125183,MLP|Weighted BCE
46,13,958,0.3390655815601349,MLP|Weighted BCE
46,14,959,0.33687761425971985,MLP|Weighted BCE
46,15,960,0.3633395731449127,MLP|Weighted BCE
46,16,961,0.44187214970588684,MLP|Weighted BCE
46,17,962,0.4138637185096741,MLP|Weighted BCE
46,18,963,0.3304232954978943,MLP|Weighted BCE
46,19,964,0.2417038232088089,MLP|Weighted BCE
46,20,965,0.4285520613193512,MLP|Weighted BCE
46,21,966,0.3748086392879486,MLP|Weighted BCE
47,1,967,0.3238276243209839,MLP|Weighted BCE
47,2,968,0.27260592579841614,MLP|Weighted BCE
47,3,969,0.37040242552757263,MLP|Weighted BCE
47,4,970,0.3910968005657196,MLP|Weighted BCE
47,5,971,0.2862066626548767,MLP|Weighted BCE
47,6,972,0.3431648910045624,MLP|Weighted BCE
47,7,973,0.3406790494918823,MLP|Weighted BCE
47,8,974,0.4127146601676941,MLP|Weighted BCE
47,9,975,0.4328826665878296,MLP|Weighted BCE
47,10,976,0.343414843082428,MLP|Weighted BCE
47,11,977,0.29172173142433167,MLP|Weighted BCE
47,12,978,0.28830990195274353,MLP|Weighted BCE
47,13,979,0.3337090313434601,MLP|Weighted BCE
47,14,980,0.48519423604011536,MLP|Weighted BCE
47,15,981,0.2977283000946045,MLP|Weighted BCE
47,16,982,0.2616020441055298,MLP|Weighted BCE
47,17,983,0.3669019937515259,MLP|Weighted BCE
47,18,984,0.4335370659828186,MLP|Weighted BCE
47,19,985,0.3862687349319458,MLP|Weighted BCE
47,20,986,0.2520506978034973,MLP|Weighted BCE
47,21,987,0.45506492257118225,MLP|Weighted BCE
48,1,988,0.46229150891304016,MLP|Weighted BCE
48,2,989,0.3311226963996887,MLP|Weighted BCE
48,3,990,0.32267364859580994,MLP|Weighted BCE
48,4,991,0.34989795088768005,MLP|Weighted BCE
48,5,992,0.3846939206123352,MLP|Weighted BCE
48,6,993,0.3041227459907532,MLP|Weighted BCE
48,7,994,0.38424935936927795,MLP|Weighted BCE
48,8,995,0.23258663713932037,MLP|Weighted BCE
48,9,996,0.2831587493419647,MLP|Weighted BCE
48,10,997,0.36077553033828735,MLP|Weighted BCE
48,11,998,0.36904221773147583,MLP|Weighted BCE
48,12,999,0.5261106491088867,MLP|Weighted BCE
48,13,1000,0.3440813422203064,MLP|Weighted BCE
48,14,1001,0.42240601778030396,MLP|Weighted BCE
48,15,1002,0.25562334060668945,MLP|Weighted BCE
48,16,1003,0.31534862518310547,MLP|Weighted BCE
48,17,1004,0.2834986448287964,MLP|Weighted BCE
48,18,1005,0.3449782133102417,MLP|Weighted BCE
48,19,1006,0.28296947479248047,MLP|Weighted BCE
48,20,1007,0.2579286992549896,MLP|Weighted BCE
48,21,1008,0.31159594655036926,MLP|Weighted BCE
49,1,1009,0.30993661284446716,MLP|Weighted BCE
49,2,1010,0.2742624878883362,MLP|Weighted BCE
49,3,1011,0.2714140713214874,MLP|Weighted BCE
49,4,1012,0.25216466188430786,MLP|Weighted BCE
49,5,1013,0.3994937837123871,MLP|Weighted BCE
49,6,1014,0.4892151653766632,MLP|Weighted BCE
49,7,1015,0.2580040991306305,MLP|Weighted BCE
49,8,1016,0.34461960196495056,MLP|Weighted BCE
49,9,1017,0.2854568064212799,MLP|Weighted BCE
49,10,1018,0.3253089189529419,MLP|Weighted BCE
49,11,1019,0.39039257168769836,MLP|Weighted BCE
49,12,1020,0.35727930068969727,MLP|Weighted BCE
49,13,1021,0.2929922342300415,MLP|Weighted BCE
49,14,1022,0.3627101480960846,MLP|Weighted BCE
49,15,1023,0.39058494567871094,MLP|Weighted BCE
49,16,1024,0.25280049443244934,MLP|Weighted BCE
49,17,1025,0.36400389671325684,MLP|Weighted BCE
49,18,1026,0.3841831386089325,MLP|Weighted BCE
49,19,1027,0.29665231704711914,MLP|Weighted BCE
49,20,1028,0.35958197712898254,MLP|Weighted BCE
49,21,1029,0.36044740676879883,MLP|Weighted BCE
50,1,1030,0.23426102101802826,MLP|Weighted BCE
50,2,1031,0.3725208342075348,MLP|Weighted BCE
50,3,1032,0.4865493178367615,MLP|Weighted BCE
50,4,1033,0.35234564542770386,MLP|Weighted BCE
50,5,1034,0.3717213273048401,MLP|Weighted BCE
50,6,1035,0.34535160660743713,MLP|Weighted BCE
50,7,1036,0.36633720993995667,MLP|Weighted BCE
50,8,1037,0.3454015851020813,MLP|Weighted BCE
50,9,1038,0.23203453421592712,MLP|Weighted BCE
50,10,1039,0.35605329275131226,MLP|Weighted BCE
50,11,1040,0.3585625886917114,MLP|Weighted BCE
50,12,1041,0.32573434710502625,MLP|Weighted BCE
50,13,1042,0.3401660919189453,MLP|Weighted BCE
50,14,1043,0.3125123381614685,MLP|Weighted BCE
50,15,1044,0.3397662937641144,MLP|Weighted BCE
50,16,1045,0.30522865056991577,MLP|Weighted BCE
50,17,1046,0.529385507106781,MLP|Weighted BCE
50,18,1047,0.289730966091156,MLP|Weighted BCE
50,19,1048,0.37197205424308777,MLP|Weighted BCE
50,20,1049,0.33945202827453613,MLP|Weighted BCE
50,21,1050,0.3505486249923706,MLP|Weighted BCE
51,1,1051,0.2788921892642975,MLP|Weighted BCE
51,2,1052,0.3609314560890198,MLP|Weighted BCE
51,3,1053,0.3080601990222931,MLP|Weighted BCE
51,4,1054,0.34540826082229614,MLP|Weighted BCE
51,5,1055,0.4267647862434387,MLP|Weighted BCE
51,6,1056,0.4013039469718933,MLP|Weighted BCE
51,7,1057,0.5049352645874023,MLP|Weighted BCE
51,8,1058,0.4276381731033325,MLP|Weighted BCE
51,9,1059,0.2727099657058716,MLP|Weighted BCE
51,10,1060,0.33196020126342773,MLP|Weighted BCE
51,11,1061,0.33732372522354126,MLP|Weighted BCE
51,12,1062,0.24982863664627075,MLP|Weighted BCE
51,13,1063,0.25722843408584595,MLP|Weighted BCE
51,14,1064,0.3535895347595215,MLP|Weighted BCE
51,15,1065,0.40861278772354126,MLP|Weighted BCE
51,16,1066,0.4511690139770508,MLP|Weighted BCE
51,17,1067,0.30425527691841125,MLP|Weighted BCE
51,18,1068,0.25442054867744446,MLP|Weighted BCE
51,19,1069,0.27118149399757385,MLP|Weighted BCE
51,20,1070,0.3402063548564911,MLP|Weighted BCE
51,21,1071,0.29692041873931885,MLP|Weighted BCE
52,1,1072,0.26872292160987854,MLP|Weighted BCE
52,2,1073,0.2817367911338806,MLP|Weighted BCE
52,3,1074,0.22493833303451538,MLP|Weighted BCE
52,4,1075,0.32296860218048096,MLP|Weighted BCE
52,5,1076,0.3063712418079376,MLP|Weighted BCE
52,6,1077,0.3840130865573883,MLP|Weighted BCE
52,7,1078,0.3408305048942566,MLP|Weighted BCE
52,8,1079,0.3750312328338623,MLP|Weighted BCE
52,9,1080,0.47871267795562744,MLP|Weighted BCE
52,10,1081,0.3555414080619812,MLP|Weighted BCE
52,11,1082,0.37883153557777405,MLP|Weighted BCE
52,12,1083,0.38801243901252747,MLP|Weighted BCE
52,13,1084,0.35551488399505615,MLP|Weighted BCE
52,14,1085,0.3716874122619629,MLP|Weighted BCE
52,15,1086,0.34970512986183167,MLP|Weighted BCE
52,16,1087,0.2535460293292999,MLP|Weighted BCE
52,17,1088,0.4666580557823181,MLP|Weighted BCE
52,18,1089,0.3079833984375,MLP|Weighted BCE
52,19,1090,0.34895262122154236,MLP|Weighted BCE
52,20,1091,0.350188285112381,MLP|Weighted BCE
52,21,1092,0.5957224369049072,MLP|Weighted BCE
53,1,1093,0.33332663774490356,MLP|Weighted BCE
53,2,1094,0.32748687267303467,MLP|Weighted BCE
53,3,1095,0.27284643054008484,MLP|Weighted BCE
53,4,1096,0.2587677240371704,MLP|Weighted BCE
53,5,1097,0.3002758324146271,MLP|Weighted BCE
53,6,1098,0.44804444909095764,MLP|Weighted BCE
53,7,1099,0.2665576934814453,MLP|Weighted BCE
53,8,1100,0.3365560472011566,MLP|Weighted BCE
53,9,1101,0.2890665829181671,MLP|Weighted BCE
53,10,1102,0.2628626823425293,MLP|Weighted BCE
53,11,1103,0.27169474959373474,MLP|Weighted BCE
53,12,1104,0.36759865283966064,MLP|Weighted BCE
53,13,1105,0.3332771956920624,MLP|Weighted BCE
53,14,1106,0.3496050536632538,MLP|Weighted BCE
53,15,1107,0.339388370513916,MLP|Weighted BCE
53,16,1108,0.31104791164398193,MLP|Weighted BCE
53,17,1109,0.43408918380737305,MLP|Weighted BCE
53,18,1110,0.3422538638114929,MLP|Weighted BCE
53,19,1111,0.3684333860874176,MLP|Weighted BCE
53,20,1112,0.5239763259887695,MLP|Weighted BCE
53,21,1113,0.5378879904747009,MLP|Weighted BCE
54,1,1114,0.3190520405769348,MLP|Weighted BCE
54,2,1115,0.2756446301937103,MLP|Weighted BCE
54,3,1116,0.39772436022758484,MLP|Weighted BCE
54,4,1117,0.4251694679260254,MLP|Weighted BCE
54,5,1118,0.3288109004497528,MLP|Weighted BCE
54,6,1119,0.3815446197986603,MLP|Weighted BCE
54,7,1120,0.2849004864692688,MLP|Weighted BCE
54,8,1121,0.3510874807834625,MLP|Weighted BCE
54,9,1122,0.2618829607963562,MLP|Weighted BCE
54,10,1123,0.5053020715713501,MLP|Weighted BCE
54,11,1124,0.43320193886756897,MLP|Weighted BCE
54,12,1125,0.27295318245887756,MLP|Weighted BCE
54,13,1126,0.35744673013687134,MLP|Weighted BCE
54,14,1127,0.34628555178642273,MLP|Weighted BCE
54,15,1128,0.36413949728012085,MLP|Weighted BCE
54,16,1129,0.3601330518722534,MLP|Weighted BCE
54,17,1130,0.29651981592178345,MLP|Weighted BCE
54,18,1131,0.33010631799697876,MLP|Weighted BCE
54,19,1132,0.37212592363357544,MLP|Weighted BCE
54,20,1133,0.32146528363227844,MLP|Weighted BCE
54,21,1134,0.24179621040821075,MLP|Weighted BCE
55,1,1135,0.2793688476085663,MLP|Weighted BCE
55,2,1136,0.3433634042739868,MLP|Weighted BCE
55,3,1137,0.30593833327293396,MLP|Weighted BCE
55,4,1138,0.4243297576904297,MLP|Weighted BCE
55,5,1139,0.30425164103507996,MLP|Weighted BCE
55,6,1140,0.3489065170288086,MLP|Weighted BCE
55,7,1141,0.42637497186660767,MLP|Weighted BCE
55,8,1142,0.3478609621524811,MLP|Weighted BCE
55,9,1143,0.4273093640804291,MLP|Weighted BCE
55,10,1144,0.2971910536289215,MLP|Weighted BCE
55,11,1145,0.34919172525405884,MLP|Weighted BCE
55,12,1146,0.3334108889102936,MLP|Weighted BCE
55,13,1147,0.32320472598075867,MLP|Weighted BCE
55,14,1148,0.3204784095287323,MLP|Weighted BCE
55,15,1149,0.32691124081611633,MLP|Weighted BCE
55,16,1150,0.360834538936615,MLP|Weighted BCE
55,17,1151,0.24444085359573364,MLP|Weighted BCE
55,18,1152,0.47039997577667236,MLP|Weighted BCE
55,19,1153,0.24813339114189148,MLP|Weighted BCE
55,20,1154,0.3552553653717041,MLP|Weighted BCE
55,21,1155,0.16427013278007507,MLP|Weighted BCE
56,1,1156,0.23632702231407166,MLP|Weighted BCE
56,2,1157,0.33198773860931396,MLP|Weighted BCE
56,3,1158,0.41384240984916687,MLP|Weighted BCE
56,4,1159,0.22903084754943848,MLP|Weighted BCE
56,5,1160,0.31239601969718933,MLP|Weighted BCE
56,6,1161,0.23081225156784058,MLP|Weighted BCE
56,7,1162,0.3788892328739166,MLP|Weighted BCE
56,8,1163,0.3677062690258026,MLP|Weighted BCE
56,9,1164,0.2794654667377472,MLP|Weighted BCE
56,10,1165,0.3584437072277069,MLP|Weighted BCE
56,11,1166,0.3781664967536926,MLP|Weighted BCE
56,12,1167,0.27114468812942505,MLP|Weighted BCE
56,13,1168,0.279249370098114,MLP|Weighted BCE
56,14,1169,0.30925747752189636,MLP|Weighted BCE
56,15,1170,0.4129197299480438,MLP|Weighted BCE
56,16,1171,0.41482964158058167,MLP|Weighted BCE
56,17,1172,0.3086007535457611,MLP|Weighted BCE
56,18,1173,0.34790271520614624,MLP|Weighted BCE
56,19,1174,0.337625652551651,MLP|Weighted BCE
56,20,1175,0.417807400226593,MLP|Weighted BCE
56,21,1176,0.36063340306282043,MLP|Weighted BCE
57,1,1177,0.29958027601242065,MLP|Weighted BCE
57,2,1178,0.32883626222610474,MLP|Weighted BCE
57,3,1179,0.3607475757598877,MLP|Weighted BCE
57,4,1180,0.34433701634407043,MLP|Weighted BCE
57,5,1181,0.24260690808296204,MLP|Weighted BCE
57,6,1182,0.3605939745903015,MLP|Weighted BCE
57,7,1183,0.3335241377353668,MLP|Weighted BCE
57,8,1184,0.39311355352401733,MLP|Weighted BCE
57,9,1185,0.43347272276878357,MLP|Weighted BCE
57,10,1186,0.2569742202758789,MLP|Weighted BCE
57,11,1187,0.38487300276756287,MLP|Weighted BCE
57,12,1188,0.3183557987213135,MLP|Weighted BCE
57,13,1189,0.3436281085014343,MLP|Weighted BCE
57,14,1190,0.4003641605377197,MLP|Weighted BCE
57,15,1191,0.19820089638233185,MLP|Weighted BCE
57,16,1192,0.3757558763027191,MLP|Weighted BCE
57,17,1193,0.25932949781417847,MLP|Weighted BCE
57,18,1194,0.3490053713321686,MLP|Weighted BCE
57,19,1195,0.32788169384002686,MLP|Weighted BCE
57,20,1196,0.2929845452308655,MLP|Weighted BCE
57,21,1197,0.5658091306686401,MLP|Weighted BCE
58,1,1198,0.3000066578388214,MLP|Weighted BCE
58,2,1199,0.4744396507740021,MLP|Weighted BCE
58,3,1200,0.3598437011241913,MLP|Weighted BCE
58,4,1201,0.3147886097431183,MLP|Weighted BCE
58,5,1202,0.24558228254318237,MLP|Weighted BCE
58,6,1203,0.4135155975818634,MLP|Weighted BCE
58,7,1204,0.2937083840370178,MLP|Weighted BCE
58,8,1205,0.33957284688949585,MLP|Weighted BCE
58,9,1206,0.3429591655731201,MLP|Weighted BCE
58,10,1207,0.39707744121551514,MLP|Weighted BCE
58,11,1208,0.3303212523460388,MLP|Weighted BCE
58,12,1209,0.30063608288764954,MLP|Weighted BCE
58,13,1210,0.2816329300403595,MLP|Weighted BCE
58,14,1211,0.24681152403354645,MLP|Weighted BCE
58,15,1212,0.29082614183425903,MLP|Weighted BCE
58,16,1213,0.2582935094833374,MLP|Weighted BCE
58,17,1214,0.40352901816368103,MLP|Weighted BCE
58,18,1215,0.30656197667121887,MLP|Weighted BCE
58,19,1216,0.3316570520401001,MLP|Weighted BCE
58,20,1217,0.37152329087257385,MLP|Weighted BCE
58,21,1218,0.12894362211227417,MLP|Weighted BCE
59,1,1219,0.3338991105556488,MLP|Weighted BCE
59,2,1220,0.24629372358322144,MLP|Weighted BCE
59,3,1221,0.33776962757110596,MLP|Weighted BCE
59,4,1222,0.5008779168128967,MLP|Weighted BCE
59,5,1223,0.3959076404571533,MLP|Weighted BCE
59,6,1224,0.34357574582099915,MLP|Weighted BCE
59,7,1225,0.31293267011642456,MLP|Weighted BCE
59,8,1226,0.29697278141975403,MLP|Weighted BCE
59,9,1227,0.23653648793697357,MLP|Weighted BCE
59,10,1228,0.346506804227829,MLP|Weighted BCE
59,11,1229,0.38591548800468445,MLP|Weighted BCE
59,12,1230,0.28858307003974915,MLP|Weighted BCE
59,13,1231,0.4264839291572571,MLP|Weighted BCE
59,14,1232,0.3093951940536499,MLP|Weighted BCE
59,15,1233,0.3953981101512909,MLP|Weighted BCE
59,16,1234,0.2530444860458374,MLP|Weighted BCE
59,17,1235,0.34628283977508545,MLP|Weighted BCE
59,18,1236,0.42135167121887207,MLP|Weighted BCE
59,19,1237,0.2822168171405792,MLP|Weighted BCE
59,20,1238,0.31550711393356323,MLP|Weighted BCE
59,21,1239,0.20877614617347717,MLP|Weighted BCE
60,1,1240,0.31239455938339233,MLP|Weighted BCE
60,2,1241,0.2963699698448181,MLP|Weighted BCE
60,3,1242,0.35810336470603943,MLP|Weighted BCE
60,4,1243,0.24776408076286316,MLP|Weighted BCE
60,5,1244,0.4629427492618561,MLP|Weighted BCE
60,6,1245,0.3290093243122101,MLP|Weighted BCE
60,7,1246,0.428293913602829,MLP|Weighted BCE
60,8,1247,0.2410573810338974,MLP|Weighted BCE
60,9,1248,0.3097859025001526,MLP|Weighted BCE
60,10,1249,0.2822229266166687,MLP|Weighted BCE
60,11,1250,0.24297232925891876,MLP|Weighted BCE
60,12,1251,0.3106500208377838,MLP|Weighted BCE
60,13,1252,0.31659382581710815,MLP|Weighted BCE
60,14,1253,0.5171486139297485,MLP|Weighted BCE
60,15,1254,0.3868437707424164,MLP|Weighted BCE
60,16,1255,0.370491623878479,MLP|Weighted BCE
60,17,1256,0.326106458902359,MLP|Weighted BCE
60,18,1257,0.376448392868042,MLP|Weighted BCE
60,19,1258,0.2020224779844284,MLP|Weighted BCE
60,20,1259,0.24285751581192017,MLP|Weighted BCE
60,21,1260,0.24171040952205658,MLP|Weighted BCE
61,1,1261,0.3660738170146942,MLP|Weighted BCE
61,2,1262,0.2904428541660309,MLP|Weighted BCE
61,3,1263,0.29782670736312866,MLP|Weighted BCE
61,4,1264,0.26564058661460876,MLP|Weighted BCE
61,5,1265,0.32347482442855835,MLP|Weighted BCE
61,6,1266,0.335226833820343,MLP|Weighted BCE
61,7,1267,0.38955157995224,MLP|Weighted BCE
61,8,1268,0.32802528142929077,MLP|Weighted BCE
61,9,1269,0.39080920815467834,MLP|Weighted BCE
61,10,1270,0.28255051374435425,MLP|Weighted BCE
61,11,1271,0.3436787724494934,MLP|Weighted BCE
61,12,1272,0.3146488070487976,MLP|Weighted BCE
61,13,1273,0.2821059823036194,MLP|Weighted BCE
61,14,1274,0.4283945858478546,MLP|Weighted BCE
61,15,1275,0.29573744535446167,MLP|Weighted BCE
61,16,1276,0.33366307616233826,MLP|Weighted BCE
61,17,1277,0.2749698758125305,MLP|Weighted BCE
61,18,1278,0.3241020441055298,MLP|Weighted BCE
61,19,1279,0.3789235055446625,MLP|Weighted BCE
61,20,1280,0.3074682354927063,MLP|Weighted BCE
61,21,1281,0.19538195431232452,MLP|Weighted BCE
62,1,1282,0.25239530205726624,MLP|Weighted BCE
62,2,1283,0.3003723621368408,MLP|Weighted BCE
62,3,1284,0.28968262672424316,MLP|Weighted BCE
62,4,1285,0.33270376920700073,MLP|Weighted BCE
62,5,1286,0.37264448404312134,MLP|Weighted BCE
62,6,1287,0.30496975779533386,MLP|Weighted BCE
62,7,1288,0.2687658667564392,MLP|Weighted BCE
62,8,1289,0.30410706996917725,MLP|Weighted BCE
62,9,1290,0.6162965893745422,MLP|Weighted BCE
62,10,1291,0.3685062825679779,MLP|Weighted BCE
62,11,1292,0.21561530232429504,MLP|Weighted BCE
62,12,1293,0.3383760452270508,MLP|Weighted BCE
62,13,1294,0.2394287884235382,MLP|Weighted BCE
62,14,1295,0.27686449885368347,MLP|Weighted BCE
62,15,1296,0.2855185270309448,MLP|Weighted BCE
62,16,1297,0.21852454543113708,MLP|Weighted BCE
62,17,1298,0.21728113293647766,MLP|Weighted BCE
62,18,1299,0.31333038210868835,MLP|Weighted BCE
62,19,1300,0.3141600489616394,MLP|Weighted BCE
62,20,1301,0.32111865282058716,MLP|Weighted BCE
62,21,1302,0.3496409058570862,MLP|Weighted BCE
63,1,1303,0.1933722048997879,MLP|Weighted BCE
63,2,1304,0.24227362871170044,MLP|Weighted BCE
63,3,1305,0.34605932235717773,MLP|Weighted BCE
63,4,1306,0.2657015323638916,MLP|Weighted BCE
63,5,1307,0.4499790370464325,MLP|Weighted BCE
63,6,1308,0.4524061381816864,MLP|Weighted BCE
63,7,1309,0.4717503488063812,MLP|Weighted BCE
63,8,1310,0.406991571187973,MLP|Weighted BCE
63,9,1311,0.2101292908191681,MLP|Weighted BCE
63,10,1312,0.27143919467926025,MLP|Weighted BCE
63,11,1313,0.27495771646499634,MLP|Weighted BCE
63,12,1314,0.284995436668396,MLP|Weighted BCE
63,13,1315,0.3827296793460846,MLP|Weighted BCE
63,14,1316,0.321891725063324,MLP|Weighted BCE
63,15,1317,0.39861375093460083,MLP|Weighted BCE
63,16,1318,0.3505786955356598,MLP|Weighted BCE
63,17,1319,0.33234572410583496,MLP|Weighted BCE
63,18,1320,0.21759983897209167,MLP|Weighted BCE
63,19,1321,0.3094824552536011,MLP|Weighted BCE
63,20,1322,0.39450016617774963,MLP|Weighted BCE
63,21,1323,0.20541732013225555,MLP|Weighted BCE
64,1,1324,0.3582046926021576,MLP|Weighted BCE
64,2,1325,0.17877179384231567,MLP|Weighted BCE
64,3,1326,0.42122882604599,MLP|Weighted BCE
64,4,1327,0.34091538190841675,MLP|Weighted BCE
64,5,1328,0.1851365566253662,MLP|Weighted BCE
64,6,1329,0.20920592546463013,MLP|Weighted BCE
64,7,1330,0.21107295155525208,MLP|Weighted BCE
64,8,1331,0.3287116587162018,MLP|Weighted BCE
64,9,1332,0.23905788362026215,MLP|Weighted BCE
64,10,1333,0.33370083570480347,MLP|Weighted BCE
64,11,1334,0.47908222675323486,MLP|Weighted BCE
64,12,1335,0.5486562252044678,MLP|Weighted BCE
64,13,1336,0.38647305965423584,MLP|Weighted BCE
64,14,1337,0.41025203466415405,MLP|Weighted BCE
64,15,1338,0.2965705394744873,MLP|Weighted BCE
64,16,1339,0.22631850838661194,MLP|Weighted BCE
64,17,1340,0.36452174186706543,MLP|Weighted BCE
64,18,1341,0.2618659734725952,MLP|Weighted BCE
64,19,1342,0.41076743602752686,MLP|Weighted BCE
64,20,1343,0.2732801139354706,MLP|Weighted BCE
64,21,1344,0.46023765206336975,MLP|Weighted BCE
65,1,1345,0.33249807357788086,MLP|Weighted BCE
65,2,1346,0.3205164074897766,MLP|Weighted BCE
65,3,1347,0.28330302238464355,MLP|Weighted BCE
65,4,1348,0.36886847019195557,MLP|Weighted BCE
65,5,1349,0.32882651686668396,MLP|Weighted BCE
65,6,1350,0.2714555859565735,MLP|Weighted BCE
65,7,1351,0.31268009543418884,MLP|Weighted BCE
65,8,1352,0.34099993109703064,MLP|Weighted BCE
65,9,1353,0.36994636058807373,MLP|Weighted BCE
65,10,1354,0.2505580484867096,MLP|Weighted BCE
65,11,1355,0.4733593463897705,MLP|Weighted BCE
65,12,1356,0.260200560092926,MLP|Weighted BCE
65,13,1357,0.31852787733078003,MLP|Weighted BCE
65,14,1358,0.4134335219860077,MLP|Weighted BCE
65,15,1359,0.17067892849445343,MLP|Weighted BCE
65,16,1360,0.27191126346588135,MLP|Weighted BCE
65,17,1361,0.24576319754123688,MLP|Weighted BCE
65,18,1362,0.29793742299079895,MLP|Weighted BCE
65,19,1363,0.24879330396652222,MLP|Weighted BCE
65,20,1364,0.3478469252586365,MLP|Weighted BCE
65,21,1365,0.2390495240688324,MLP|Weighted BCE
66,1,1366,0.3040882349014282,MLP|Weighted BCE
66,2,1367,0.3082581162452698,MLP|Weighted BCE
66,3,1368,0.3475937247276306,MLP|Weighted BCE
66,4,1369,0.24659714102745056,MLP|Weighted BCE
66,5,1370,0.3182767629623413,MLP|Weighted BCE
66,6,1371,0.3130720853805542,MLP|Weighted BCE
66,7,1372,0.37883076071739197,MLP|Weighted BCE
66,8,1373,0.3326956033706665,MLP|Weighted BCE
66,9,1374,0.34347131848335266,MLP|Weighted BCE
66,10,1375,0.32076549530029297,MLP|Weighted BCE
66,11,1376,0.19229143857955933,MLP|Weighted BCE
66,12,1377,0.32250481843948364,MLP|Weighted BCE
66,13,1378,0.35954549908638,MLP|Weighted BCE
66,14,1379,0.2092614769935608,MLP|Weighted BCE
66,15,1380,0.2573927044868469,MLP|Weighted BCE
66,16,1381,0.3302408456802368,MLP|Weighted BCE
66,17,1382,0.40318089723587036,MLP|Weighted BCE
66,18,1383,0.22370800375938416,MLP|Weighted BCE
66,19,1384,0.23845520615577698,MLP|Weighted BCE
66,20,1385,0.2205398976802826,MLP|Weighted BCE
66,21,1386,0.2056109458208084,MLP|Weighted BCE
67,1,1387,0.28225013613700867,MLP|Weighted BCE
67,2,1388,0.23776143789291382,MLP|Weighted BCE
67,3,1389,0.2550506889820099,MLP|Weighted BCE
67,4,1390,0.30438295006752014,MLP|Weighted BCE
67,5,1391,0.2833794951438904,MLP|Weighted BCE
67,6,1392,0.24129128456115723,MLP|Weighted BCE
67,7,1393,0.4212338328361511,MLP|Weighted BCE
67,8,1394,0.4055465757846832,MLP|Weighted BCE
67,9,1395,0.2834530174732208,MLP|Weighted BCE
67,10,1396,0.2557202875614166,MLP|Weighted BCE
67,11,1397,0.30556389689445496,MLP|Weighted BCE
67,12,1398,0.29460084438323975,MLP|Weighted BCE
67,13,1399,0.330960750579834,MLP|Weighted BCE
67,14,1400,0.24656876921653748,MLP|Weighted BCE
67,15,1401,0.3558635711669922,MLP|Weighted BCE
67,16,1402,0.33558571338653564,MLP|Weighted BCE
67,17,1403,0.25036367774009705,MLP|Weighted BCE
67,18,1404,0.39746275544166565,MLP|Weighted BCE
67,19,1405,0.34259673953056335,MLP|Weighted BCE
67,20,1406,0.2631065547466278,MLP|Weighted BCE
67,21,1407,0.22572094202041626,MLP|Weighted BCE
68,1,1408,0.32529476284980774,MLP|Weighted BCE
68,2,1409,0.2217891812324524,MLP|Weighted BCE
68,3,1410,0.24991446733474731,MLP|Weighted BCE
68,4,1411,0.2562372386455536,MLP|Weighted BCE
68,5,1412,0.2586185336112976,MLP|Weighted BCE
68,6,1413,0.25498732924461365,MLP|Weighted BCE
68,7,1414,0.33801546692848206,MLP|Weighted BCE
68,8,1415,0.27295246720314026,MLP|Weighted BCE
68,9,1416,0.5681239366531372,MLP|Weighted BCE
68,10,1417,0.29703715443611145,MLP|Weighted BCE
68,11,1418,0.27837422490119934,MLP|Weighted BCE
68,12,1419,0.37349238991737366,MLP|Weighted BCE
68,13,1420,0.32221904397010803,MLP|Weighted BCE
68,14,1421,0.3225211501121521,MLP|Weighted BCE
68,15,1422,0.24610109627246857,MLP|Weighted BCE
68,16,1423,0.3082766532897949,MLP|Weighted BCE
68,17,1424,0.3098660111427307,MLP|Weighted BCE
68,18,1425,0.26244068145751953,MLP|Weighted BCE
68,19,1426,0.3237174153327942,MLP|Weighted BCE
68,20,1427,0.33733347058296204,MLP|Weighted BCE
68,21,1428,0.281663715839386,MLP|Weighted BCE
69,1,1429,0.37268075346946716,MLP|Weighted BCE
69,2,1430,0.303376704454422,MLP|Weighted BCE
69,3,1431,0.2870772182941437,MLP|Weighted BCE
69,4,1432,0.3333952724933624,MLP|Weighted BCE
69,5,1433,0.2333056926727295,MLP|Weighted BCE
69,6,1434,0.35098016262054443,MLP|Weighted BCE
69,7,1435,0.46121591329574585,MLP|Weighted BCE
69,8,1436,0.3385293781757355,MLP|Weighted BCE
69,9,1437,0.27762559056282043,MLP|Weighted BCE
69,10,1438,0.3443218469619751,MLP|Weighted BCE
69,11,1439,0.3269575834274292,MLP|Weighted BCE
69,12,1440,0.22178947925567627,MLP|Weighted BCE
69,13,1441,0.21127620339393616,MLP|Weighted BCE
69,14,1442,0.351268470287323,MLP|Weighted BCE
69,15,1443,0.40496793389320374,MLP|Weighted BCE
69,16,1444,0.3083511292934418,MLP|Weighted BCE
69,17,1445,0.3575698137283325,MLP|Weighted BCE
69,18,1446,0.20260632038116455,MLP|Weighted BCE
69,19,1447,0.2895430326461792,MLP|Weighted BCE
69,20,1448,0.212480366230011,MLP|Weighted BCE
69,21,1449,0.21476301550865173,MLP|Weighted BCE
70,1,1450,0.37299060821533203,MLP|Weighted BCE
70,2,1451,0.24660107493400574,MLP|Weighted BCE
70,3,1452,0.2680234909057617,MLP|Weighted BCE
70,4,1453,0.21737711131572723,MLP|Weighted BCE
70,5,1454,0.22216060757637024,MLP|Weighted BCE
70,6,1455,0.3496991693973541,MLP|Weighted BCE
70,7,1456,0.27891939878463745,MLP|Weighted BCE
70,8,1457,0.3060304522514343,MLP|Weighted BCE
70,9,1458,0.1807866096496582,MLP|Weighted BCE
70,10,1459,0.30320167541503906,MLP|Weighted BCE
70,11,1460,0.21991118788719177,MLP|Weighted BCE
70,12,1461,0.2557165026664734,MLP|Weighted BCE
70,13,1462,0.3530585765838623,MLP|Weighted BCE
70,14,1463,0.3454730212688446,MLP|Weighted BCE
70,15,1464,0.447113960981369,MLP|Weighted BCE
70,16,1465,0.5118085741996765,MLP|Weighted BCE
70,17,1466,0.4249070882797241,MLP|Weighted BCE
70,18,1467,0.19361093640327454,MLP|Weighted BCE
70,19,1468,0.2990550100803375,MLP|Weighted BCE
70,20,1469,0.28225022554397583,MLP|Weighted BCE
70,21,1470,0.36255085468292236,MLP|Weighted BCE
71,1,1471,0.45508742332458496,MLP|Weighted BCE
71,2,1472,0.335165798664093,MLP|Weighted BCE
71,3,1473,0.21781697869300842,MLP|Weighted BCE
71,4,1474,0.20869363844394684,MLP|Weighted BCE
71,5,1475,0.2825945019721985,MLP|Weighted BCE
71,6,1476,0.28524184226989746,MLP|Weighted BCE
71,7,1477,0.23952311277389526,MLP|Weighted BCE
71,8,1478,0.2733650803565979,MLP|Weighted BCE
71,9,1479,0.2584531307220459,MLP|Weighted BCE
71,10,1480,0.30615735054016113,MLP|Weighted BCE
71,11,1481,0.29795846343040466,MLP|Weighted BCE
71,12,1482,0.23949621617794037,MLP|Weighted BCE
71,13,1483,0.2538468539714813,MLP|Weighted BCE
71,14,1484,0.29025837779045105,MLP|Weighted BCE
71,15,1485,0.27460652589797974,MLP|Weighted BCE
71,16,1486,0.3195224106311798,MLP|Weighted BCE
71,17,1487,0.30686601996421814,MLP|Weighted BCE
71,18,1488,0.2874087691307068,MLP|Weighted BCE
71,19,1489,0.4110451340675354,MLP|Weighted BCE
71,20,1490,0.32836562395095825,MLP|Weighted BCE
71,21,1491,0.3419729769229889,MLP|Weighted BCE
72,1,1492,0.3102957308292389,MLP|Weighted BCE
72,2,1493,0.3385486304759979,MLP|Weighted BCE
72,3,1494,0.29100561141967773,MLP|Weighted BCE
72,4,1495,0.24518485367298126,MLP|Weighted BCE
72,5,1496,0.2654998302459717,MLP|Weighted BCE
72,6,1497,0.26342862844467163,MLP|Weighted BCE
72,7,1498,0.31126296520233154,MLP|Weighted BCE
72,8,1499,0.30299949645996094,MLP|Weighted BCE
72,9,1500,0.2012992650270462,MLP|Weighted BCE
72,10,1501,0.3548973798751831,MLP|Weighted BCE
72,11,1502,0.24981474876403809,MLP|Weighted BCE
72,12,1503,0.41455599665641785,MLP|Weighted BCE
72,13,1504,0.34729820489883423,MLP|Weighted BCE
72,14,1505,0.22990374267101288,MLP|Weighted BCE
72,15,1506,0.27562835812568665,MLP|Weighted BCE
72,16,1507,0.23816193640232086,MLP|Weighted BCE
72,17,1508,0.36941710114479065,MLP|Weighted BCE
72,18,1509,0.26327943801879883,MLP|Weighted BCE
72,19,1510,0.25119543075561523,MLP|Weighted BCE
72,20,1511,0.37639757990837097,MLP|Weighted BCE
72,21,1512,0.4040335714817047,MLP|Weighted BCE
73,1,1513,0.2972896695137024,MLP|Weighted BCE
73,2,1514,0.23287536203861237,MLP|Weighted BCE
73,3,1515,0.30693864822387695,MLP|Weighted BCE
73,4,1516,0.2363758087158203,MLP|Weighted BCE
73,5,1517,0.2050195336341858,MLP|Weighted BCE
73,6,1518,0.20306342840194702,MLP|Weighted BCE
73,7,1519,0.3388557434082031,MLP|Weighted BCE
73,8,1520,0.3268533945083618,MLP|Weighted BCE
73,9,1521,0.2644566297531128,MLP|Weighted BCE
73,10,1522,0.37725356221199036,MLP|Weighted BCE
73,11,1523,0.23438987135887146,MLP|Weighted BCE
73,12,1524,0.35275477170944214,MLP|Weighted BCE
73,13,1525,0.35790640115737915,MLP|Weighted BCE
73,14,1526,0.3825322687625885,MLP|Weighted BCE
73,15,1527,0.23309022188186646,MLP|Weighted BCE
73,16,1528,0.4426555335521698,MLP|Weighted BCE
73,17,1529,0.29570478200912476,MLP|Weighted BCE
73,18,1530,0.24796369671821594,MLP|Weighted BCE
73,19,1531,0.44675132632255554,MLP|Weighted BCE
73,20,1532,0.2888285517692566,MLP|Weighted BCE
73,21,1533,0.2517419159412384,MLP|Weighted BCE
74,1,1534,0.316769540309906,MLP|Weighted BCE
74,2,1535,0.3928999602794647,MLP|Weighted BCE
74,3,1536,0.31613069772720337,MLP|Weighted BCE
74,4,1537,0.3132800757884979,MLP|Weighted BCE
74,5,1538,0.2847582697868347,MLP|Weighted BCE
74,6,1539,0.25588783621788025,MLP|Weighted BCE
74,7,1540,0.3634033203125,MLP|Weighted BCE
74,8,1541,0.31940147280693054,MLP|Weighted BCE
74,9,1542,0.20892921090126038,MLP|Weighted BCE
74,10,1543,0.2868102788925171,MLP|Weighted BCE
74,11,1544,0.22671900689601898,MLP|Weighted BCE
74,12,1545,0.32249167561531067,MLP|Weighted BCE
74,13,1546,0.26716354489326477,MLP|Weighted BCE
74,14,1547,0.37114089727401733,MLP|Weighted BCE
74,15,1548,0.2758435308933258,MLP|Weighted BCE
74,16,1549,0.48889005184173584,MLP|Weighted BCE
74,17,1550,0.31284889578819275,MLP|Weighted BCE
74,18,1551,0.26162075996398926,MLP|Weighted BCE
74,19,1552,0.4799700081348419,MLP|Weighted BCE
74,20,1553,0.2290305644273758,MLP|Weighted BCE
74,21,1554,0.26274004578590393,MLP|Weighted BCE
75,1,1555,0.2810620665550232,MLP|Weighted BCE
75,2,1556,0.3525400757789612,MLP|Weighted BCE
75,3,1557,0.32097119092941284,MLP|Weighted BCE
75,4,1558,0.2531970739364624,MLP|Weighted BCE
75,5,1559,0.37507903575897217,MLP|Weighted BCE
75,6,1560,0.2339690625667572,MLP|Weighted BCE
75,7,1561,0.24471904337406158,MLP|Weighted BCE
75,8,1562,0.39845648407936096,MLP|Weighted BCE
75,9,1563,0.3082486391067505,MLP|Weighted BCE
75,10,1564,0.3836117088794708,MLP|Weighted BCE
75,11,1565,0.2069886326789856,MLP|Weighted BCE
75,12,1566,0.3583509624004364,MLP|Weighted BCE
75,13,1567,0.2699068486690521,MLP|Weighted BCE
75,14,1568,0.2594159245491028,MLP|Weighted BCE
75,15,1569,0.316620796918869,MLP|Weighted BCE
75,16,1570,0.338447630405426,MLP|Weighted BCE
75,17,1571,0.30530551075935364,MLP|Weighted BCE
75,18,1572,0.24116714298725128,MLP|Weighted BCE
75,19,1573,0.29893410205841064,MLP|Weighted BCE
75,20,1574,0.37558114528656006,MLP|Weighted BCE
75,21,1575,0.5025614500045776,MLP|Weighted BCE
76,1,1576,0.24142101407051086,MLP|Weighted BCE
76,2,1577,0.3384007215499878,MLP|Weighted BCE
76,3,1578,0.28912782669067383,MLP|Weighted BCE
76,4,1579,0.374128520488739,MLP|Weighted BCE
76,5,1580,0.23119808733463287,MLP|Weighted BCE
76,6,1581,0.3394842743873596,MLP|Weighted BCE
76,7,1582,0.28556546568870544,MLP|Weighted BCE
76,8,1583,0.2799628674983978,MLP|Weighted BCE
76,9,1584,0.3158723711967468,MLP|Weighted BCE
76,10,1585,0.26334264874458313,MLP|Weighted BCE
76,11,1586,0.36760056018829346,MLP|Weighted BCE
76,12,1587,0.35765817761421204,MLP|Weighted BCE
76,13,1588,0.3105488121509552,MLP|Weighted BCE
76,14,1589,0.4715613126754761,MLP|Weighted BCE
76,15,1590,0.2712830901145935,MLP|Weighted BCE
76,16,1591,0.27991634607315063,MLP|Weighted BCE
76,17,1592,0.23791056871414185,MLP|Weighted BCE
76,18,1593,0.4046086072921753,MLP|Weighted BCE
76,19,1594,0.30510395765304565,MLP|Weighted BCE
76,20,1595,0.35734620690345764,MLP|Weighted BCE
76,21,1596,0.6281368136405945,MLP|Weighted BCE
77,1,1597,0.2637297213077545,MLP|Weighted BCE
77,2,1598,0.2778942286968231,MLP|Weighted BCE
77,3,1599,0.21620894968509674,MLP|Weighted BCE
77,4,1600,0.2927536964416504,MLP|Weighted BCE
77,5,1601,0.45417970418930054,MLP|Weighted BCE
77,6,1602,0.416913777589798,MLP|Weighted BCE
77,7,1603,0.3271627426147461,MLP|Weighted BCE
77,8,1604,0.2199425846338272,MLP|Weighted BCE
77,9,1605,0.22044964134693146,MLP|Weighted BCE
77,10,1606,0.3101501762866974,MLP|Weighted BCE
77,11,1607,0.3887770473957062,MLP|Weighted BCE
77,12,1608,0.3088253438472748,MLP|Weighted BCE
77,13,1609,0.25562041997909546,MLP|Weighted BCE
77,14,1610,0.22444185614585876,MLP|Weighted BCE
77,15,1611,0.3399205803871155,MLP|Weighted BCE
77,16,1612,0.3060987889766693,MLP|Weighted BCE
77,17,1613,0.5155071020126343,MLP|Weighted BCE
77,18,1614,0.30816689133644104,MLP|Weighted BCE
77,19,1615,0.22185006737709045,MLP|Weighted BCE
77,20,1616,0.2886604070663452,MLP|Weighted BCE
77,21,1617,0.47048714756965637,MLP|Weighted BCE
78,1,1618,0.16784633696079254,MLP|Weighted BCE
78,2,1619,0.2993292212486267,MLP|Weighted BCE
78,3,1620,0.35190385580062866,MLP|Weighted BCE
78,4,1621,0.2955377995967865,MLP|Weighted BCE
78,5,1622,0.2969134449958801,MLP|Weighted BCE
78,6,1623,0.2942480444908142,MLP|Weighted BCE
78,7,1624,0.21785995364189148,MLP|Weighted BCE
78,8,1625,0.2448526918888092,MLP|Weighted BCE
78,9,1626,0.33628782629966736,MLP|Weighted BCE
78,10,1627,0.23498086631298065,MLP|Weighted BCE
78,11,1628,0.2611064612865448,MLP|Weighted BCE
78,12,1629,0.33658021688461304,MLP|Weighted BCE
78,13,1630,0.30815187096595764,MLP|Weighted BCE
78,14,1631,0.30093926191329956,MLP|Weighted BCE
78,15,1632,0.31017598509788513,MLP|Weighted BCE
78,16,1633,0.37493956089019775,MLP|Weighted BCE
78,17,1634,0.22402630746364594,MLP|Weighted BCE
78,18,1635,0.26960688829421997,MLP|Weighted BCE
78,19,1636,0.24189406633377075,MLP|Weighted BCE
78,20,1637,0.2542487680912018,MLP|Weighted BCE
78,21,1638,0.4857417643070221,MLP|Weighted BCE
79,1,1639,0.22381100058555603,MLP|Weighted BCE
79,2,1640,0.3186365067958832,MLP|Weighted BCE
79,3,1641,0.32835352420806885,MLP|Weighted BCE
79,4,1642,0.27942579984664917,MLP|Weighted BCE
79,5,1643,0.4120911657810211,MLP|Weighted BCE
79,6,1644,0.34235119819641113,MLP|Weighted BCE
79,7,1645,0.27620717883110046,MLP|Weighted BCE
79,8,1646,0.1988116353750229,MLP|Weighted BCE
79,9,1647,0.27083587646484375,MLP|Weighted BCE
79,10,1648,0.30919456481933594,MLP|Weighted BCE
79,11,1649,0.2907278537750244,MLP|Weighted BCE
79,12,1650,0.30955106019973755,MLP|Weighted BCE
79,13,1651,0.2508437931537628,MLP|Weighted BCE
79,14,1652,0.29629719257354736,MLP|Weighted BCE
79,15,1653,0.36200588941574097,MLP|Weighted BCE
79,16,1654,0.2922200560569763,MLP|Weighted BCE
79,17,1655,0.19883622229099274,MLP|Weighted BCE
79,18,1656,0.31200894713401794,MLP|Weighted BCE
79,19,1657,0.2500329613685608,MLP|Weighted BCE
79,20,1658,0.2857227623462677,MLP|Weighted BCE
79,21,1659,0.6491500735282898,MLP|Weighted BCE
80,1,1660,0.26890939474105835,MLP|Weighted BCE
80,2,1661,0.30714982748031616,MLP|Weighted BCE
80,3,1662,0.31143391132354736,MLP|Weighted BCE
80,4,1663,0.303844153881073,MLP|Weighted BCE
80,5,1664,0.20747889578342438,MLP|Weighted BCE
80,6,1665,0.25376036763191223,MLP|Weighted BCE
80,7,1666,0.23226895928382874,MLP|Weighted BCE
80,8,1667,0.2549472749233246,MLP|Weighted BCE
80,9,1668,0.33138009905815125,MLP|Weighted BCE
80,10,1669,0.22288739681243896,MLP|Weighted BCE
80,11,1670,0.33010345697402954,MLP|Weighted BCE
80,12,1671,0.23344790935516357,MLP|Weighted BCE
80,13,1672,0.4587252140045166,MLP|Weighted BCE
80,14,1673,0.35176026821136475,MLP|Weighted BCE
80,15,1674,0.19313274323940277,MLP|Weighted BCE
80,16,1675,0.23843029141426086,MLP|Weighted BCE
80,17,1676,0.29827257990837097,MLP|Weighted BCE
80,18,1677,0.5156122446060181,MLP|Weighted BCE
80,19,1678,0.2568972110748291,MLP|Weighted BCE
80,20,1679,0.2895444929599762,MLP|Weighted BCE
80,21,1680,0.4633208215236664,MLP|Weighted BCE
81,1,1681,0.2418448030948639,MLP|Weighted BCE
81,2,1682,0.2525622546672821,MLP|Weighted BCE
81,3,1683,0.22081619501113892,MLP|Weighted BCE
81,4,1684,0.2014484703540802,MLP|Weighted BCE
81,5,1685,0.1804199069738388,MLP|Weighted BCE
81,6,1686,0.28907597064971924,MLP|Weighted BCE
81,7,1687,0.24164505302906036,MLP|Weighted BCE
81,8,1688,0.3123537003993988,MLP|Weighted BCE
81,9,1689,0.27840662002563477,MLP|Weighted BCE
81,10,1690,0.35736092925071716,MLP|Weighted BCE
81,11,1691,0.2506808340549469,MLP|Weighted BCE
81,12,1692,0.2158285677433014,MLP|Weighted BCE
81,13,1693,0.32079556584358215,MLP|Weighted BCE
81,14,1694,0.29595911502838135,MLP|Weighted BCE
81,15,1695,0.40689051151275635,MLP|Weighted BCE
81,16,1696,0.30974510312080383,MLP|Weighted BCE
81,17,1697,0.2539919912815094,MLP|Weighted BCE
81,18,1698,0.24008914828300476,MLP|Weighted BCE
81,19,1699,0.30781590938568115,MLP|Weighted BCE
81,20,1700,0.3917827308177948,MLP|Weighted BCE
81,21,1701,1.126933217048645,MLP|Weighted BCE
82,1,1702,0.24228550493717194,MLP|Weighted BCE
82,2,1703,0.22409343719482422,MLP|Weighted BCE
82,3,1704,0.3341747522354126,MLP|Weighted BCE
82,4,1705,0.332852303981781,MLP|Weighted BCE
82,5,1706,0.3145174980163574,MLP|Weighted BCE
82,6,1707,0.3129303753376007,MLP|Weighted BCE
82,7,1708,0.2650206685066223,MLP|Weighted BCE
82,8,1709,0.2682558000087738,MLP|Weighted BCE
82,9,1710,0.21010562777519226,MLP|Weighted BCE
82,10,1711,0.2674233913421631,MLP|Weighted BCE
82,11,1712,0.22918665409088135,MLP|Weighted BCE
82,12,1713,0.24872705340385437,MLP|Weighted BCE
82,13,1714,0.3375928997993469,MLP|Weighted BCE
82,14,1715,0.539157509803772,MLP|Weighted BCE
82,15,1716,0.33180537819862366,MLP|Weighted BCE
82,16,1717,0.27888426184654236,MLP|Weighted BCE
82,17,1718,0.33102181553840637,MLP|Weighted BCE
82,18,1719,0.2362147867679596,MLP|Weighted BCE
82,19,1720,0.2375984787940979,MLP|Weighted BCE
82,20,1721,0.293795108795166,MLP|Weighted BCE
82,21,1722,0.29094478487968445,MLP|Weighted BCE
83,1,1723,0.2379141002893448,MLP|Weighted BCE
83,2,1724,0.24847732484340668,MLP|Weighted BCE
83,3,1725,0.20437999069690704,MLP|Weighted BCE
83,4,1726,0.26430773735046387,MLP|Weighted BCE
83,5,1727,0.2756344676017761,MLP|Weighted BCE
83,6,1728,0.20020483434200287,MLP|Weighted BCE
83,7,1729,0.3366623520851135,MLP|Weighted BCE
83,8,1730,0.3212805390357971,MLP|Weighted BCE
83,9,1731,0.2911299169063568,MLP|Weighted BCE
83,10,1732,0.39078962802886963,MLP|Weighted BCE
83,11,1733,0.24877798557281494,MLP|Weighted BCE
83,12,1734,0.28813374042510986,MLP|Weighted BCE
83,13,1735,0.297038733959198,MLP|Weighted BCE
83,14,1736,0.26037752628326416,MLP|Weighted BCE
83,15,1737,0.2184411734342575,MLP|Weighted BCE
83,16,1738,0.5202879309654236,MLP|Weighted BCE
83,17,1739,0.23067361116409302,MLP|Weighted BCE
83,18,1740,0.23649020493030548,MLP|Weighted BCE
83,19,1741,0.3928525149822235,MLP|Weighted BCE
83,20,1742,0.41713544726371765,MLP|Weighted BCE
83,21,1743,0.39503586292266846,MLP|Weighted BCE
84,1,1744,0.17297512292861938,MLP|Weighted BCE
84,2,1745,0.2787042558193207,MLP|Weighted BCE
84,3,1746,0.4277060925960541,MLP|Weighted BCE
84,4,1747,0.3065323829650879,MLP|Weighted BCE
84,5,1748,0.25847941637039185,MLP|Weighted BCE
84,6,1749,0.3233366012573242,MLP|Weighted BCE
84,7,1750,0.3628057837486267,MLP|Weighted BCE
84,8,1751,0.41307517886161804,MLP|Weighted BCE
84,9,1752,0.4417322874069214,MLP|Weighted BCE
84,10,1753,0.3370162844657898,MLP|Weighted BCE
84,11,1754,0.29727068543434143,MLP|Weighted BCE
84,12,1755,0.2783074975013733,MLP|Weighted BCE
84,13,1756,0.2833126187324524,MLP|Weighted BCE
84,14,1757,0.3150349259376526,MLP|Weighted BCE
84,15,1758,0.24881552159786224,MLP|Weighted BCE
84,16,1759,0.17493492364883423,MLP|Weighted BCE
84,17,1760,0.26096755266189575,MLP|Weighted BCE
84,18,1761,0.3274852931499481,MLP|Weighted BCE
84,19,1762,0.28235357999801636,MLP|Weighted BCE
84,20,1763,0.23090462386608124,MLP|Weighted BCE
84,21,1764,0.2652880847454071,MLP|Weighted BCE
85,1,1765,0.3399154841899872,MLP|Weighted BCE
85,2,1766,0.21260523796081543,MLP|Weighted BCE
85,3,1767,0.3320082724094391,MLP|Weighted BCE
85,4,1768,0.20925650000572205,MLP|Weighted BCE
85,5,1769,0.3078571557998657,MLP|Weighted BCE
85,6,1770,0.2503589689731598,MLP|Weighted BCE
85,7,1771,0.2765307128429413,MLP|Weighted BCE
85,8,1772,0.24805010855197906,MLP|Weighted BCE
85,9,1773,0.2527148425579071,MLP|Weighted BCE
85,10,1774,0.4530408978462219,MLP|Weighted BCE
85,11,1775,0.2377931922674179,MLP|Weighted BCE
85,12,1776,0.261918306350708,MLP|Weighted BCE
85,13,1777,0.3288944959640503,MLP|Weighted BCE
85,14,1778,0.18082135915756226,MLP|Weighted BCE
85,15,1779,0.26110076904296875,MLP|Weighted BCE
85,16,1780,0.2785606384277344,MLP|Weighted BCE
85,17,1781,0.30142149329185486,MLP|Weighted BCE
85,18,1782,0.29253536462783813,MLP|Weighted BCE
85,19,1783,0.40205201506614685,MLP|Weighted BCE
85,20,1784,0.2487468421459198,MLP|Weighted BCE
85,21,1785,0.3663228452205658,MLP|Weighted BCE
86,1,1786,0.2237394005060196,MLP|Weighted BCE
86,2,1787,0.2600999176502228,MLP|Weighted BCE
86,3,1788,0.33674928545951843,MLP|Weighted BCE
86,4,1789,0.2394474893808365,MLP|Weighted BCE
86,5,1790,0.2091408669948578,MLP|Weighted BCE
86,6,1791,0.3271781802177429,MLP|Weighted BCE
86,7,1792,0.3234955370426178,MLP|Weighted BCE
86,8,1793,0.2918581962585449,MLP|Weighted BCE
86,9,1794,0.16519373655319214,MLP|Weighted BCE
86,10,1795,0.2388729602098465,MLP|Weighted BCE
86,11,1796,0.5743181109428406,MLP|Weighted BCE
86,12,1797,0.26942169666290283,MLP|Weighted BCE
86,13,1798,0.22028349339962006,MLP|Weighted BCE
86,14,1799,0.25542154908180237,MLP|Weighted BCE
86,15,1800,0.4261244833469391,MLP|Weighted BCE
86,16,1801,0.28316015005111694,MLP|Weighted BCE
86,17,1802,0.18607929348945618,MLP|Weighted BCE
86,18,1803,0.24932178854942322,MLP|Weighted BCE
86,19,1804,0.39287516474723816,MLP|Weighted BCE
86,20,1805,0.28943249583244324,MLP|Weighted BCE
86,21,1806,0.4327002763748169,MLP|Weighted BCE
87,1,1807,0.3444499969482422,MLP|Weighted BCE
87,2,1808,0.2330608069896698,MLP|Weighted BCE
87,3,1809,0.27876171469688416,MLP|Weighted BCE
87,4,1810,0.28200992941856384,MLP|Weighted BCE
87,5,1811,0.22083434462547302,MLP|Weighted BCE
87,6,1812,0.3108799159526825,MLP|Weighted BCE
87,7,1813,0.3784153461456299,MLP|Weighted BCE
87,8,1814,0.24906589090824127,MLP|Weighted BCE
87,9,1815,0.20212717354297638,MLP|Weighted BCE
87,10,1816,0.31564003229141235,MLP|Weighted BCE
87,11,1817,0.25577789545059204,MLP|Weighted BCE
87,12,1818,0.3068321943283081,MLP|Weighted BCE
87,13,1819,0.2692413926124573,MLP|Weighted BCE
87,14,1820,0.2339373677968979,MLP|Weighted BCE
87,15,1821,0.36314547061920166,MLP|Weighted BCE
87,16,1822,0.3099867105484009,MLP|Weighted BCE
87,17,1823,0.31059107184410095,MLP|Weighted BCE
87,18,1824,0.2667621374130249,MLP|Weighted BCE
87,19,1825,0.29513639211654663,MLP|Weighted BCE
87,20,1826,0.24245524406433105,MLP|Weighted BCE
87,21,1827,0.19023673236370087,MLP|Weighted BCE
88,1,1828,0.25843894481658936,MLP|Weighted BCE
88,2,1829,0.24166588485240936,MLP|Weighted BCE
88,3,1830,0.3050451874732971,MLP|Weighted BCE
88,4,1831,0.3043278753757477,MLP|Weighted BCE
88,5,1832,0.2690604031085968,MLP|Weighted BCE
88,6,1833,0.49216124415397644,MLP|Weighted BCE
88,7,1834,0.3263672888278961,MLP|Weighted BCE
88,8,1835,0.38109853863716125,MLP|Weighted BCE
88,9,1836,0.26731008291244507,MLP|Weighted BCE
88,10,1837,0.4026852250099182,MLP|Weighted BCE
88,11,1838,0.27689266204833984,MLP|Weighted BCE
88,12,1839,0.29765915870666504,MLP|Weighted BCE
88,13,1840,0.24045510590076447,MLP|Weighted BCE
88,14,1841,0.3061724007129669,MLP|Weighted BCE
88,15,1842,0.2648957669734955,MLP|Weighted BCE
88,16,1843,0.28828370571136475,MLP|Weighted BCE
88,17,1844,0.3746482729911804,MLP|Weighted BCE
88,18,1845,0.3006618916988373,MLP|Weighted BCE
88,19,1846,0.21233589947223663,MLP|Weighted BCE
88,20,1847,0.20800280570983887,MLP|Weighted BCE
88,21,1848,0.3154122531414032,MLP|Weighted BCE
89,1,1849,0.2334853559732437,MLP|Weighted BCE
89,2,1850,0.27197229862213135,MLP|Weighted BCE
89,3,1851,0.3098480701446533,MLP|Weighted BCE
89,4,1852,0.23300142586231232,MLP|Weighted BCE
89,5,1853,0.23978009819984436,MLP|Weighted BCE
89,6,1854,0.1953311264514923,MLP|Weighted BCE
89,7,1855,0.194965660572052,MLP|Weighted BCE
89,8,1856,0.3099114000797272,MLP|Weighted BCE
89,9,1857,0.1573038250207901,MLP|Weighted BCE
89,10,1858,0.26873984932899475,MLP|Weighted BCE
89,11,1859,0.43830740451812744,MLP|Weighted BCE
89,12,1860,0.23066966235637665,MLP|Weighted BCE
89,13,1861,0.3480045199394226,MLP|Weighted BCE
89,14,1862,0.5150861740112305,MLP|Weighted BCE
89,15,1863,0.3069920837879181,MLP|Weighted BCE
89,16,1864,0.1904097944498062,MLP|Weighted BCE
89,17,1865,0.2469143271446228,MLP|Weighted BCE
89,18,1866,0.2743001878261566,MLP|Weighted BCE
89,19,1867,0.1669386774301529,MLP|Weighted BCE
89,20,1868,0.5451256036758423,MLP|Weighted BCE
89,21,1869,0.2106190323829651,MLP|Weighted BCE
90,1,1870,0.2332996428012848,MLP|Weighted BCE
90,2,1871,0.3404121994972229,MLP|Weighted BCE
90,3,1872,0.2687566578388214,MLP|Weighted BCE
90,4,1873,0.29702019691467285,MLP|Weighted BCE
90,5,1874,0.235026553273201,MLP|Weighted BCE
90,6,1875,0.4272476136684418,MLP|Weighted BCE
90,7,1876,0.27104172110557556,MLP|Weighted BCE
90,8,1877,0.259945273399353,MLP|Weighted BCE
90,9,1878,0.3119223117828369,MLP|Weighted BCE
90,10,1879,0.22449958324432373,MLP|Weighted BCE
90,11,1880,0.23842203617095947,MLP|Weighted BCE
90,12,1881,0.23752789199352264,MLP|Weighted BCE
90,13,1882,0.34014856815338135,MLP|Weighted BCE
90,14,1883,0.24604162573814392,MLP|Weighted BCE
90,15,1884,0.32705673575401306,MLP|Weighted BCE
90,16,1885,0.2518262267112732,MLP|Weighted BCE
90,17,1886,0.2599427402019501,MLP|Weighted BCE
90,18,1887,0.30423107743263245,MLP|Weighted BCE
90,19,1888,0.27023157477378845,MLP|Weighted BCE
90,20,1889,0.1726810336112976,MLP|Weighted BCE
90,21,1890,0.17146940529346466,MLP|Weighted BCE
91,1,1891,0.3603827655315399,MLP|Weighted BCE
91,2,1892,0.273676335811615,MLP|Weighted BCE
91,3,1893,0.2510300874710083,MLP|Weighted BCE
91,4,1894,0.3451101779937744,MLP|Weighted BCE
91,5,1895,0.3976297676563263,MLP|Weighted BCE
91,6,1896,0.20746314525604248,MLP|Weighted BCE
91,7,1897,0.249322772026062,MLP|Weighted BCE
91,8,1898,0.24395832419395447,MLP|Weighted BCE
91,9,1899,0.23209945857524872,MLP|Weighted BCE
91,10,1900,0.3728169798851013,MLP|Weighted BCE
91,11,1901,0.19142718613147736,MLP|Weighted BCE
91,12,1902,0.255531370639801,MLP|Weighted BCE
91,13,1903,0.191908597946167,MLP|Weighted BCE
91,14,1904,0.27313289046287537,MLP|Weighted BCE
91,15,1905,0.23889820277690887,MLP|Weighted BCE
91,16,1906,0.2306547462940216,MLP|Weighted BCE
91,17,1907,0.18986009061336517,MLP|Weighted BCE
91,18,1908,0.15126490592956543,MLP|Weighted BCE
91,19,1909,0.6067802906036377,MLP|Weighted BCE
91,20,1910,0.2455461323261261,MLP|Weighted BCE
91,21,1911,0.2705802917480469,MLP|Weighted BCE
92,1,1912,0.21961137652397156,MLP|Weighted BCE
92,2,1913,0.32854586839675903,MLP|Weighted BCE
92,3,1914,0.18386846780776978,MLP|Weighted BCE
92,4,1915,0.27527713775634766,MLP|Weighted BCE
92,5,1916,0.2569378912448883,MLP|Weighted BCE
92,6,1917,0.27180716395378113,MLP|Weighted BCE
92,7,1918,0.42251262068748474,MLP|Weighted BCE
92,8,1919,0.4111360013484955,MLP|Weighted BCE
92,9,1920,0.17703014612197876,MLP|Weighted BCE
92,10,1921,0.2984451949596405,MLP|Weighted BCE
92,11,1922,0.28859129548072815,MLP|Weighted BCE
92,12,1923,0.29356861114501953,MLP|Weighted BCE
92,13,1924,0.30916228890419006,MLP|Weighted BCE
92,14,1925,0.24308864772319794,MLP|Weighted BCE
92,15,1926,0.32334303855895996,MLP|Weighted BCE
92,16,1927,0.2576502859592438,MLP|Weighted BCE
92,17,1928,0.1548525094985962,MLP|Weighted BCE
92,18,1929,0.3227938115596771,MLP|Weighted BCE
92,19,1930,0.28332966566085815,MLP|Weighted BCE
92,20,1931,0.37258729338645935,MLP|Weighted BCE
92,21,1932,0.30540478229522705,MLP|Weighted BCE
93,1,1933,0.19069263339042664,MLP|Weighted BCE
93,2,1934,0.2798454761505127,MLP|Weighted BCE
93,3,1935,0.3448639512062073,MLP|Weighted BCE
93,4,1936,0.37043851613998413,MLP|Weighted BCE
93,5,1937,0.2396717667579651,MLP|Weighted BCE
93,6,1938,0.3203638792037964,MLP|Weighted BCE
93,7,1939,0.3448103070259094,MLP|Weighted BCE
93,8,1940,0.5641858577728271,MLP|Weighted BCE
93,9,1941,0.25855404138565063,MLP|Weighted BCE
93,10,1942,0.33608192205429077,MLP|Weighted BCE
93,11,1943,0.1791338473558426,MLP|Weighted BCE
93,12,1944,0.24532626569271088,MLP|Weighted BCE
93,13,1945,0.3572804927825928,MLP|Weighted BCE
93,14,1946,0.2679722309112549,MLP|Weighted BCE
93,15,1947,0.2457822561264038,MLP|Weighted BCE
93,16,1948,0.23851512372493744,MLP|Weighted BCE
93,17,1949,0.14205655455589294,MLP|Weighted BCE
93,18,1950,0.14873044192790985,MLP|Weighted BCE
93,19,1951,0.3487108051776886,MLP|Weighted BCE
93,20,1952,0.35892483592033386,MLP|Weighted BCE
93,21,1953,0.250398725271225,MLP|Weighted BCE
94,1,1954,0.33298298716545105,MLP|Weighted BCE
94,2,1955,0.2839992642402649,MLP|Weighted BCE
94,3,1956,0.33613190054893494,MLP|Weighted BCE
94,4,1957,0.32100534439086914,MLP|Weighted BCE
94,5,1958,0.2353428155183792,MLP|Weighted BCE
94,6,1959,0.34379640221595764,MLP|Weighted BCE
94,7,1960,0.18061120808124542,MLP|Weighted BCE
94,8,1961,0.3394024670124054,MLP|Weighted BCE
94,9,1962,0.17073273658752441,MLP|Weighted BCE
94,10,1963,0.17450256645679474,MLP|Weighted BCE
94,11,1964,0.23765797913074493,MLP|Weighted BCE
94,12,1965,0.27970150113105774,MLP|Weighted BCE
94,13,1966,0.3203026056289673,MLP|Weighted BCE
94,14,1967,0.2804950773715973,MLP|Weighted BCE
94,15,1968,0.3012089431285858,MLP|Weighted BCE
94,16,1969,0.2646024227142334,MLP|Weighted BCE
94,17,1970,0.2877501845359802,MLP|Weighted BCE
94,18,1971,0.2245132178068161,MLP|Weighted BCE
94,19,1972,0.36690935492515564,MLP|Weighted BCE
94,20,1973,0.4166417717933655,MLP|Weighted BCE
94,21,1974,0.3331979811191559,MLP|Weighted BCE
95,1,1975,0.2558751106262207,MLP|Weighted BCE
95,2,1976,0.29100850224494934,MLP|Weighted BCE
95,3,1977,0.28338247537612915,MLP|Weighted BCE
95,4,1978,0.2720212936401367,MLP|Weighted BCE
95,5,1979,0.19989706575870514,MLP|Weighted BCE
95,6,1980,0.23828653991222382,MLP|Weighted BCE
95,7,1981,0.243220716714859,MLP|Weighted BCE
95,8,1982,0.3575820326805115,MLP|Weighted BCE
95,9,1983,0.3012555241584778,MLP|Weighted BCE
95,10,1984,0.2272505760192871,MLP|Weighted BCE
95,11,1985,0.251701682806015,MLP|Weighted BCE
95,12,1986,0.3249356746673584,MLP|Weighted BCE
95,13,1987,0.3215336799621582,MLP|Weighted BCE
95,14,1988,0.34726855158805847,MLP|Weighted BCE
95,15,1989,0.2933085858821869,MLP|Weighted BCE
95,16,1990,0.31926214694976807,MLP|Weighted BCE
95,17,1991,0.3287419378757477,MLP|Weighted BCE
95,18,1992,0.29997873306274414,MLP|Weighted BCE
95,19,1993,0.2142299860715866,MLP|Weighted BCE
95,20,1994,0.47647789120674133,MLP|Weighted BCE
95,21,1995,0.3132289946079254,MLP|Weighted BCE
96,1,1996,0.25325578451156616,MLP|Weighted BCE
96,2,1997,0.24682676792144775,MLP|Weighted BCE
96,3,1998,0.2201499044895172,MLP|Weighted BCE
96,4,1999,0.30473726987838745,MLP|Weighted BCE
96,5,2000,0.2238871455192566,MLP|Weighted BCE
96,6,2001,0.33886948227882385,MLP|Weighted BCE
96,7,2002,0.25003355741500854,MLP|Weighted BCE
96,8,2003,0.2273705005645752,MLP|Weighted BCE
96,9,2004,0.3231373727321625,MLP|Weighted BCE
96,10,2005,0.21326732635498047,MLP|Weighted BCE
96,11,2006,0.28573310375213623,MLP|Weighted BCE
96,12,2007,0.2256418913602829,MLP|Weighted BCE
96,13,2008,0.26064035296440125,MLP|Weighted BCE
96,14,2009,0.2627229690551758,MLP|Weighted BCE
96,15,2010,0.1976933479309082,MLP|Weighted BCE
96,16,2011,0.2949539124965668,MLP|Weighted BCE
96,17,2012,0.22814595699310303,MLP|Weighted BCE
96,18,2013,0.30154263973236084,MLP|Weighted BCE
96,19,2014,0.2987516522407532,MLP|Weighted BCE
96,20,2015,0.18542461097240448,MLP|Weighted BCE
96,21,2016,1.4008897542953491,MLP|Weighted BCE
97,1,2017,0.3478502631187439,MLP|Weighted BCE
97,2,2018,0.2486647367477417,MLP|Weighted BCE
97,3,2019,0.31272217631340027,MLP|Weighted BCE
97,4,2020,0.25451192259788513,MLP|Weighted BCE
97,5,2021,0.31570199131965637,MLP|Weighted BCE
97,6,2022,0.21215038001537323,MLP|Weighted BCE
97,7,2023,0.28254738450050354,MLP|Weighted BCE
97,8,2024,0.24693360924720764,MLP|Weighted BCE
97,9,2025,0.3928315043449402,MLP|Weighted BCE
97,10,2026,0.2216038554906845,MLP|Weighted BCE
97,11,2027,0.25628453493118286,MLP|Weighted BCE
97,12,2028,0.21797162294387817,MLP|Weighted BCE
97,13,2029,0.22949881851673126,MLP|Weighted BCE
97,14,2030,0.349739134311676,MLP|Weighted BCE
97,15,2031,0.37356680631637573,MLP|Weighted BCE
97,16,2032,0.23927563428878784,MLP|Weighted BCE
97,17,2033,0.2236984521150589,MLP|Weighted BCE
97,18,2034,0.26329338550567627,MLP|Weighted BCE
97,19,2035,0.261542409658432,MLP|Weighted BCE
97,20,2036,0.29212430119514465,MLP|Weighted BCE
97,21,2037,0.2628263235092163,MLP|Weighted BCE
98,1,2038,0.2583538889884949,MLP|Weighted BCE
98,2,2039,0.24741700291633606,MLP|Weighted BCE
98,3,2040,0.20192372798919678,MLP|Weighted BCE
98,4,2041,0.30129730701446533,MLP|Weighted BCE
98,5,2042,0.3193681240081787,MLP|Weighted BCE
98,6,2043,0.28739696741104126,MLP|Weighted BCE
98,7,2044,0.2889707684516907,MLP|Weighted BCE
98,8,2045,0.28220027685165405,MLP|Weighted BCE
98,9,2046,0.2626817524433136,MLP|Weighted BCE
98,10,2047,0.20817409455776215,MLP|Weighted BCE
98,11,2048,0.3429693877696991,MLP|Weighted BCE
98,12,2049,0.25207141041755676,MLP|Weighted BCE
98,13,2050,0.21774570643901825,MLP|Weighted BCE
98,14,2051,0.2677254378795624,MLP|Weighted BCE
98,15,2052,0.18345284461975098,MLP|Weighted BCE
98,16,2053,0.29574739933013916,MLP|Weighted BCE
98,17,2054,0.25546836853027344,MLP|Weighted BCE
98,18,2055,0.25838935375213623,MLP|Weighted BCE
98,19,2056,0.2105180323123932,MLP|Weighted BCE
98,20,2057,0.4371088147163391,MLP|Weighted BCE
98,21,2058,0.35012155771255493,MLP|Weighted BCE
99,1,2059,0.4481828808784485,MLP|Weighted BCE
99,2,2060,0.17777934670448303,MLP|Weighted BCE
99,3,2061,0.26515108346939087,MLP|Weighted BCE
99,4,2062,0.27819234132766724,MLP|Weighted BCE
99,5,2063,0.15286318957805634,MLP|Weighted BCE
99,6,2064,0.378173828125,MLP|Weighted BCE
99,7,2065,0.35636091232299805,MLP|Weighted BCE
99,8,2066,0.28198879957199097,MLP|Weighted BCE
99,9,2067,0.2842806577682495,MLP|Weighted BCE
99,10,2068,0.23979349434375763,MLP|Weighted BCE
99,11,2069,0.4327443242073059,MLP|Weighted BCE
99,12,2070,0.24139711260795593,MLP|Weighted BCE
99,13,2071,0.2443939447402954,MLP|Weighted BCE
99,14,2072,0.31713566184043884,MLP|Weighted BCE
99,15,2073,0.2354096621274948,MLP|Weighted BCE
99,16,2074,0.3403138816356659,MLP|Weighted BCE
99,17,2075,0.2579669952392578,MLP|Weighted BCE
99,18,2076,0.24941492080688477,MLP|Weighted BCE
99,19,2077,0.2541223168373108,MLP|Weighted BCE
99,20,2078,0.3190460801124573,MLP|Weighted BCE
99,21,2079,0.34448060393333435,MLP|Weighted BCE
100,1,2080,0.3712817430496216,MLP|Weighted BCE
100,2,2081,0.23779967427253723,MLP|Weighted BCE
100,3,2082,0.2916177213191986,MLP|Weighted BCE
100,4,2083,0.22048678994178772,MLP|Weighted BCE
100,5,2084,0.20311479270458221,MLP|Weighted BCE
100,6,2085,0.19829155504703522,MLP|Weighted BCE
100,7,2086,0.2684827744960785,MLP|Weighted BCE
100,8,2087,0.23961764574050903,MLP|Weighted BCE
100,9,2088,0.20030449330806732,MLP|Weighted BCE
100,10,2089,0.2522614002227783,MLP|Weighted BCE
100,11,2090,0.32186901569366455,MLP|Weighted BCE
100,12,2091,0.25375258922576904,MLP|Weighted BCE
100,13,2092,0.25047481060028076,MLP|Weighted BCE
100,14,2093,0.3165569603443146,MLP|Weighted BCE
100,15,2094,0.30131566524505615,MLP|Weighted BCE
100,16,2095,0.3805690407752991,MLP|Weighted BCE
100,17,2096,0.31041961908340454,MLP|Weighted BCE
100,18,2097,0.2588484287261963,MLP|Weighted BCE
100,19,2098,0.268449604511261,MLP|Weighted BCE
100,20,2099,0.24955151975154877,MLP|Weighted BCE
100,21,2100,0.31161269545555115,MLP|Weighted BCE
101,1,2101,0.30058422684669495,MLP|Weighted BCE
101,2,2102,0.2264057993888855,MLP|Weighted BCE
101,3,2103,0.2585940659046173,MLP|Weighted BCE
101,4,2104,0.2990284264087677,MLP|Weighted BCE
101,5,2105,0.23492474853992462,MLP|Weighted BCE
101,6,2106,0.2946150600910187,MLP|Weighted BCE
101,7,2107,0.30676594376564026,MLP|Weighted BCE
101,8,2108,0.2596732974052429,MLP|Weighted BCE
101,9,2109,0.19367079436779022,MLP|Weighted BCE
101,10,2110,0.3676154613494873,MLP|Weighted BCE
101,11,2111,0.2759295701980591,MLP|Weighted BCE
101,12,2112,0.22613467276096344,MLP|Weighted BCE
101,13,2113,0.42745575308799744,MLP|Weighted BCE
101,14,2114,0.27915212512016296,MLP|Weighted BCE
101,15,2115,0.27339163422584534,MLP|Weighted BCE
101,16,2116,0.22979223728179932,MLP|Weighted BCE
101,17,2117,0.20452313125133514,MLP|Weighted BCE
101,18,2118,0.3113889992237091,MLP|Weighted BCE
101,19,2119,0.3777574300765991,MLP|Weighted BCE
101,20,2120,0.3131040334701538,MLP|Weighted BCE
101,21,2121,0.30706989765167236,MLP|Weighted BCE
102,1,2122,0.37326356768608093,MLP|Weighted BCE
102,2,2123,0.2449461817741394,MLP|Weighted BCE
102,3,2124,0.23478733003139496,MLP|Weighted BCE
102,4,2125,0.197398841381073,MLP|Weighted BCE
102,5,2126,0.2262035310268402,MLP|Weighted BCE
102,6,2127,0.261628121137619,MLP|Weighted BCE
102,7,2128,0.32453158497810364,MLP|Weighted BCE
102,8,2129,0.25986242294311523,MLP|Weighted BCE
102,9,2130,0.20934832096099854,MLP|Weighted BCE
102,10,2131,0.3195062279701233,MLP|Weighted BCE
102,11,2132,0.30437612533569336,MLP|Weighted BCE
102,12,2133,0.15417885780334473,MLP|Weighted BCE
102,13,2134,0.2889978289604187,MLP|Weighted BCE
102,14,2135,0.17156243324279785,MLP|Weighted BCE
102,15,2136,0.2630746066570282,MLP|Weighted BCE
102,16,2137,0.24145524203777313,MLP|Weighted BCE
102,17,2138,0.26249682903289795,MLP|Weighted BCE
102,18,2139,0.3828228712081909,MLP|Weighted BCE
102,19,2140,0.24155810475349426,MLP|Weighted BCE
102,20,2141,0.4123866856098175,MLP|Weighted BCE
102,21,2142,0.2240147590637207,MLP|Weighted BCE
103,1,2143,0.2980864644050598,MLP|Weighted BCE
103,2,2144,0.31617751717567444,MLP|Weighted BCE
103,3,2145,0.3192412853240967,MLP|Weighted BCE
103,4,2146,0.26666346192359924,MLP|Weighted BCE
103,5,2147,0.2670515179634094,MLP|Weighted BCE
103,6,2148,0.2752314805984497,MLP|Weighted BCE
103,7,2149,0.181461900472641,MLP|Weighted BCE
103,8,2150,0.27961984276771545,MLP|Weighted BCE
103,9,2151,0.43308722972869873,MLP|Weighted BCE
103,10,2152,0.35058584809303284,MLP|Weighted BCE
103,11,2153,0.1519557386636734,MLP|Weighted BCE
103,12,2154,0.19996444880962372,MLP|Weighted BCE
103,13,2155,0.24135425686836243,MLP|Weighted BCE
103,14,2156,0.2063281536102295,MLP|Weighted BCE
103,15,2157,0.33631834387779236,MLP|Weighted BCE
103,16,2158,0.3499302864074707,MLP|Weighted BCE
103,17,2159,0.2206830084323883,MLP|Weighted BCE
103,18,2160,0.26066434383392334,MLP|Weighted BCE
103,19,2161,0.1784500628709793,MLP|Weighted BCE
103,20,2162,0.251465380191803,MLP|Weighted BCE
103,21,2163,0.2973375916481018,MLP|Weighted BCE
104,1,2164,0.3393101096153259,MLP|Weighted BCE
104,2,2165,0.23879069089889526,MLP|Weighted BCE
104,3,2166,0.22815003991127014,MLP|Weighted BCE
104,4,2167,0.2625576853752136,MLP|Weighted BCE
104,5,2168,0.2254524528980255,MLP|Weighted BCE
104,6,2169,0.1865440309047699,MLP|Weighted BCE
104,7,2170,0.29458096623420715,MLP|Weighted BCE
104,8,2171,0.20883795619010925,MLP|Weighted BCE
104,9,2172,0.21537387371063232,MLP|Weighted BCE
104,10,2173,0.26459741592407227,MLP|Weighted BCE
104,11,2174,0.22870296239852905,MLP|Weighted BCE
104,12,2175,0.20467370748519897,MLP|Weighted BCE
104,13,2176,0.296793669462204,MLP|Weighted BCE
104,14,2177,0.3352639079093933,MLP|Weighted BCE
104,15,2178,0.23902489244937897,MLP|Weighted BCE
104,16,2179,0.23828259110450745,MLP|Weighted BCE
104,17,2180,0.23268914222717285,MLP|Weighted BCE
104,18,2181,0.2888322174549103,MLP|Weighted BCE
104,19,2182,0.4276369512081146,MLP|Weighted BCE
104,20,2183,0.4499712884426117,MLP|Weighted BCE
104,21,2184,0.3300017714500427,MLP|Weighted BCE
105,1,2185,0.21475273370742798,MLP|Weighted BCE
105,2,2186,0.252482533454895,MLP|Weighted BCE
105,3,2187,0.25800904631614685,MLP|Weighted BCE
105,4,2188,0.33574751019477844,MLP|Weighted BCE
105,5,2189,0.20677466690540314,MLP|Weighted BCE
105,6,2190,0.22580836713314056,MLP|Weighted BCE
105,7,2191,0.30363547801971436,MLP|Weighted BCE
105,8,2192,0.27989470958709717,MLP|Weighted BCE
105,9,2193,0.244405597448349,MLP|Weighted BCE
105,10,2194,0.3269613981246948,MLP|Weighted BCE
105,11,2195,0.26257824897766113,MLP|Weighted BCE
105,12,2196,0.21100842952728271,MLP|Weighted BCE
105,13,2197,0.2785220146179199,MLP|Weighted BCE
105,14,2198,0.15844228863716125,MLP|Weighted BCE
105,15,2199,0.289180725812912,MLP|Weighted BCE
105,16,2200,0.2390727400779724,MLP|Weighted BCE
105,17,2201,0.267871230840683,MLP|Weighted BCE
105,18,2202,0.18844987452030182,MLP|Weighted BCE
105,19,2203,0.264975368976593,MLP|Weighted BCE
105,20,2204,0.46895870566368103,MLP|Weighted BCE
105,21,2205,0.33580270409584045,MLP|Weighted BCE
106,1,2206,0.27794402837753296,MLP|Weighted BCE
106,2,2207,0.22126859426498413,MLP|Weighted BCE
106,3,2208,0.2469746470451355,MLP|Weighted BCE
106,4,2209,0.24572165310382843,MLP|Weighted BCE
106,5,2210,0.3012365698814392,MLP|Weighted BCE
106,6,2211,0.337581992149353,MLP|Weighted BCE
106,7,2212,0.3704473376274109,MLP|Weighted BCE
106,8,2213,0.2174128293991089,MLP|Weighted BCE
106,9,2214,0.26132386922836304,MLP|Weighted BCE
106,10,2215,0.4194434881210327,MLP|Weighted BCE
106,11,2216,0.17878611385822296,MLP|Weighted BCE
106,12,2217,0.2331102341413498,MLP|Weighted BCE
106,13,2218,0.26824700832366943,MLP|Weighted BCE
106,14,2219,0.3166637122631073,MLP|Weighted BCE
106,15,2220,0.17550121247768402,MLP|Weighted BCE
106,16,2221,0.38068580627441406,MLP|Weighted BCE
106,17,2222,0.29477643966674805,MLP|Weighted BCE
106,18,2223,0.15761663019657135,MLP|Weighted BCE
106,19,2224,0.4017186164855957,MLP|Weighted BCE
106,20,2225,0.2941409945487976,MLP|Weighted BCE
106,21,2226,0.09687399864196777,MLP|Weighted BCE
107,1,2227,0.260337233543396,MLP|Weighted BCE
107,2,2228,0.1853400319814682,MLP|Weighted BCE
107,3,2229,0.2920040786266327,MLP|Weighted BCE
107,4,2230,0.3800226151943207,MLP|Weighted BCE
107,5,2231,0.26079079508781433,MLP|Weighted BCE
107,6,2232,0.28066837787628174,MLP|Weighted BCE
107,7,2233,0.2721973657608032,MLP|Weighted BCE
107,8,2234,0.2933500409126282,MLP|Weighted BCE
107,9,2235,0.31197506189346313,MLP|Weighted BCE
107,10,2236,0.1674390435218811,MLP|Weighted BCE
107,11,2237,0.20332947373390198,MLP|Weighted BCE
107,12,2238,0.26025789976119995,MLP|Weighted BCE
107,13,2239,0.23529863357543945,MLP|Weighted BCE
107,14,2240,0.20535115897655487,MLP|Weighted BCE
107,15,2241,0.2298492193222046,MLP|Weighted BCE
107,16,2242,0.2664414346218109,MLP|Weighted BCE
107,17,2243,0.32409316301345825,MLP|Weighted BCE
107,18,2244,0.297866553068161,MLP|Weighted BCE
107,19,2245,0.17601437866687775,MLP|Weighted BCE
107,20,2246,0.23882585763931274,MLP|Weighted BCE
107,21,2247,0.5837134122848511,MLP|Weighted BCE
108,1,2248,0.23125430941581726,MLP|Weighted BCE
108,2,2249,0.20036590099334717,MLP|Weighted BCE
108,3,2250,0.2246924489736557,MLP|Weighted BCE
108,4,2251,0.2454034984111786,MLP|Weighted BCE
108,5,2252,0.25681623816490173,MLP|Weighted BCE
108,6,2253,0.1580757051706314,MLP|Weighted BCE
108,7,2254,0.3658885061740875,MLP|Weighted BCE
108,8,2255,0.26030632853507996,MLP|Weighted BCE
108,9,2256,0.21882987022399902,MLP|Weighted BCE
108,10,2257,0.331524133682251,MLP|Weighted BCE
108,11,2258,0.22184056043624878,MLP|Weighted BCE
108,12,2259,0.3581286668777466,MLP|Weighted BCE
108,13,2260,0.40560582280158997,MLP|Weighted BCE
108,14,2261,0.24602767825126648,MLP|Weighted BCE
108,15,2262,0.3249287009239197,MLP|Weighted BCE
108,16,2263,0.4402906596660614,MLP|Weighted BCE
108,17,2264,0.2915340065956116,MLP|Weighted BCE
108,18,2265,0.2573655843734741,MLP|Weighted BCE
108,19,2266,0.23363171517848969,MLP|Weighted BCE
108,20,2267,0.170585498213768,MLP|Weighted BCE
108,21,2268,0.38767486810684204,MLP|Weighted BCE
109,1,2269,0.37381860613822937,MLP|Weighted BCE
109,2,2270,0.32927432656288147,MLP|Weighted BCE
109,3,2271,0.2487298995256424,MLP|Weighted BCE
109,4,2272,0.24833723902702332,MLP|Weighted BCE
109,5,2273,0.27179208397865295,MLP|Weighted BCE
109,6,2274,0.32752591371536255,MLP|Weighted BCE
109,7,2275,0.22442378103733063,MLP|Weighted BCE
109,8,2276,0.21698448061943054,MLP|Weighted BCE
109,9,2277,0.20774346590042114,MLP|Weighted BCE
109,10,2278,0.1337411105632782,MLP|Weighted BCE
109,11,2279,0.17975153028964996,MLP|Weighted BCE
109,12,2280,0.15217451751232147,MLP|Weighted BCE
109,13,2281,0.18365195393562317,MLP|Weighted BCE
109,14,2282,0.30108675360679626,MLP|Weighted BCE
109,15,2283,0.30922234058380127,MLP|Weighted BCE
109,16,2284,0.18448731303215027,MLP|Weighted BCE
109,17,2285,0.3287366032600403,MLP|Weighted BCE
109,18,2286,0.2905571460723877,MLP|Weighted BCE
109,19,2287,0.22038106620311737,MLP|Weighted BCE
109,20,2288,0.29460519552230835,MLP|Weighted BCE
109,21,2289,1.6058253049850464,MLP|Weighted BCE
110,1,2290,0.48681366443634033,MLP|Weighted BCE
110,2,2291,0.4033297896385193,MLP|Weighted BCE
110,3,2292,0.31287482380867004,MLP|Weighted BCE
110,4,2293,0.2117406129837036,MLP|Weighted BCE
110,5,2294,0.1802438199520111,MLP|Weighted BCE
110,6,2295,0.26593664288520813,MLP|Weighted BCE
110,7,2296,0.2406006008386612,MLP|Weighted BCE
110,8,2297,0.21932576596736908,MLP|Weighted BCE
110,9,2298,0.26561370491981506,MLP|Weighted BCE
110,10,2299,0.1606977880001068,MLP|Weighted BCE
110,11,2300,0.24467910826206207,MLP|Weighted BCE
110,12,2301,0.21619287133216858,MLP|Weighted BCE
110,13,2302,0.43010213971138,MLP|Weighted BCE
110,14,2303,0.21504724025726318,MLP|Weighted BCE
110,15,2304,0.16478654742240906,MLP|Weighted BCE
110,16,2305,0.24883408844470978,MLP|Weighted BCE
110,17,2306,0.4068469703197479,MLP|Weighted BCE
110,18,2307,0.21548479795455933,MLP|Weighted BCE
110,19,2308,0.35968250036239624,MLP|Weighted BCE
110,20,2309,0.23467059433460236,MLP|Weighted BCE
110,21,2310,0.3655843436717987,MLP|Weighted BCE
1,1,1,0.12103763222694397,MLP|Focal Loss
1,2,2,0.09860856831073761,MLP|Focal Loss
1,3,3,0.10421176254749298,MLP|Focal Loss
1,4,4,0.10288170725107193,MLP|Focal Loss
1,5,5,0.10764726996421814,MLP|Focal Loss
1,6,6,0.09635687619447708,MLP|Focal Loss
1,7,7,0.09495635330677032,MLP|Focal Loss
1,8,8,0.0909372940659523,MLP|Focal Loss
1,9,9,0.08814316242933273,MLP|Focal Loss
1,10,10,0.0960923358798027,MLP|Focal Loss
1,11,11,0.10117928683757782,MLP|Focal Loss
1,12,12,0.08318418264389038,MLP|Focal Loss
1,13,13,0.09452366828918457,MLP|Focal Loss
1,14,14,0.09137867391109467,MLP|Focal Loss
1,15,15,0.08309955894947052,MLP|Focal Loss
1,16,16,0.07543094456195831,MLP|Focal Loss
1,17,17,0.07648077607154846,MLP|Focal Loss
1,18,18,0.07743722200393677,MLP|Focal Loss
1,19,19,0.07311628013849258,MLP|Focal Loss
1,20,20,0.07857874035835266,MLP|Focal Loss
1,21,21,0.07579796761274338,MLP|Focal Loss
2,1,22,0.06758686900138855,MLP|Focal Loss
2,2,23,0.07585255801677704,MLP|Focal Loss
2,3,24,0.07174403965473175,MLP|Focal Loss
2,4,25,0.06734975427389145,MLP|Focal Loss
2,5,26,0.084445521235466,MLP|Focal Loss
2,6,27,0.07046132534742355,MLP|Focal Loss
2,7,28,0.07362489402294159,MLP|Focal Loss
2,8,29,0.08469740301370621,MLP|Focal Loss
2,9,30,0.07010116428136826,MLP|Focal Loss
2,10,31,0.06471073627471924,MLP|Focal Loss
2,11,32,0.08012852072715759,MLP|Focal Loss
2,12,33,0.06696635484695435,MLP|Focal Loss
2,13,34,0.075167216360569,MLP|Focal Loss
2,14,35,0.0744829922914505,MLP|Focal Loss
2,15,36,0.0632271021604538,MLP|Focal Loss
2,16,37,0.07363056391477585,MLP|Focal Loss
2,17,38,0.09593920409679413,MLP|Focal Loss
2,18,39,0.08012405037879944,MLP|Focal Loss
2,19,40,0.07767736911773682,MLP|Focal Loss
2,20,41,0.06468461453914642,MLP|Focal Loss
2,21,42,0.07221005111932755,MLP|Focal Loss
3,1,43,0.06611471623182297,MLP|Focal Loss
3,2,44,0.07576651871204376,MLP|Focal Loss
3,3,45,0.0630403533577919,MLP|Focal Loss
3,4,46,0.0645756945014,MLP|Focal Loss
3,5,47,0.07592442631721497,MLP|Focal Loss
3,6,48,0.072195865213871,MLP|Focal Loss
3,7,49,0.07486225664615631,MLP|Focal Loss
3,8,50,0.06631887704133987,MLP|Focal Loss
3,9,51,0.07337221503257751,MLP|Focal Loss
3,10,52,0.07321587949991226,MLP|Focal Loss
3,11,53,0.06779832392930984,MLP|Focal Loss
3,12,54,0.06625896692276001,MLP|Focal Loss
3,13,55,0.06416191160678864,MLP|Focal Loss
3,14,56,0.07194164395332336,MLP|Focal Loss
3,15,57,0.06692607700824738,MLP|Focal Loss
3,16,58,0.07508180290460587,MLP|Focal Loss
3,17,59,0.05728590115904808,MLP|Focal Loss
3,18,60,0.06385725736618042,MLP|Focal Loss
3,19,61,0.07000918686389923,MLP|Focal Loss
3,20,62,0.07377715408802032,MLP|Focal Loss
3,21,63,0.06346569955348969,MLP|Focal Loss
4,1,64,0.06858941167593002,MLP|Focal Loss
4,2,65,0.063379667699337,MLP|Focal Loss
4,3,66,0.07298629730939865,MLP|Focal Loss
4,4,67,0.0753791555762291,MLP|Focal Loss
4,5,68,0.0639064684510231,MLP|Focal Loss
4,6,69,0.06324028968811035,MLP|Focal Loss
4,7,70,0.06849941611289978,MLP|Focal Loss
4,8,71,0.07343487441539764,MLP|Focal Loss
4,9,72,0.06673944741487503,MLP|Focal Loss
4,10,73,0.05392161011695862,MLP|Focal Loss
4,11,74,0.06040341407060623,MLP|Focal Loss
4,12,75,0.07196040451526642,MLP|Focal Loss
4,13,76,0.06175777316093445,MLP|Focal Loss
4,14,77,0.061591390520334244,MLP|Focal Loss
4,15,78,0.06370078027248383,MLP|Focal Loss
4,16,79,0.06828050315380096,MLP|Focal Loss
4,17,80,0.07943451404571533,MLP|Focal Loss
4,18,81,0.051924318075180054,MLP|Focal Loss
4,19,82,0.06968791782855988,MLP|Focal Loss
4,20,83,0.05699389800429344,MLP|Focal Loss
4,21,84,0.05079520493745804,MLP|Focal Loss
5,1,85,0.06425166875123978,MLP|Focal Loss
5,2,86,0.06651342660188675,MLP|Focal Loss
5,3,87,0.05613087862730026,MLP|Focal Loss
5,4,88,0.05302881449460983,MLP|Focal Loss
5,5,89,0.05709540843963623,MLP|Focal Loss
5,6,90,0.05578199401497841,MLP|Focal Loss
5,7,91,0.05142505094408989,MLP|Focal Loss
5,8,92,0.07049955427646637,MLP|Focal Loss
5,9,93,0.06210190802812576,MLP|Focal Loss
5,10,94,0.07299550622701645,MLP|Focal Loss
5,11,95,0.06291276216506958,MLP|Focal Loss
5,12,96,0.06613907963037491,MLP|Focal Loss
5,13,97,0.06342949718236923,MLP|Focal Loss
5,14,98,0.06544698774814606,MLP|Focal Loss
5,15,99,0.06365280598402023,MLP|Focal Loss
5,16,100,0.06909536570310593,MLP|Focal Loss
5,17,101,0.056166574358940125,MLP|Focal Loss
5,18,102,0.05927516520023346,MLP|Focal Loss
5,19,103,0.05141255259513855,MLP|Focal Loss
5,20,104,0.06248518452048302,MLP|Focal Loss
5,21,105,0.044395845383405685,MLP|Focal Loss
6,1,106,0.05387818440794945,MLP|Focal Loss
6,2,107,0.06574779748916626,MLP|Focal Loss
6,3,108,0.06336631625890732,MLP|Focal Loss
6,4,109,0.06055213510990143,MLP|Focal Loss
6,5,110,0.05840997397899628,MLP|Focal Loss
6,6,111,0.05802620202302933,MLP|Focal Loss
6,7,112,0.053277622908353806,MLP|Focal Loss
6,8,113,0.060689982026815414,MLP|Focal Loss
6,9,114,0.05487831309437752,MLP|Focal Loss
6,10,115,0.05422629415988922,MLP|Focal Loss
6,11,116,0.05990772694349289,MLP|Focal Loss
6,12,117,0.06427932530641556,MLP|Focal Loss
6,13,118,0.06005700305104256,MLP|Focal Loss
6,14,119,0.05617950111627579,MLP|Focal Loss
6,15,120,0.05206678807735443,MLP|Focal Loss
6,16,121,0.06334489583969116,MLP|Focal Loss
6,17,122,0.05930718034505844,MLP|Focal Loss
6,18,123,0.05436784029006958,MLP|Focal Loss
6,19,124,0.06660429388284683,MLP|Focal Loss
6,20,125,0.07126109302043915,MLP|Focal Loss
6,21,126,0.048673756420612335,MLP|Focal Loss
7,1,127,0.05663751810789108,MLP|Focal Loss
7,2,128,0.05396340414881706,MLP|Focal Loss
7,3,129,0.056223273277282715,MLP|Focal Loss
7,4,130,0.07572628557682037,MLP|Focal Loss
7,5,131,0.055668026208877563,MLP|Focal Loss
7,6,132,0.06535173952579498,MLP|Focal Loss
7,7,133,0.06248517334461212,MLP|Focal Loss
7,8,134,0.04994623735547066,MLP|Focal Loss
7,9,135,0.0582120306789875,MLP|Focal Loss
7,10,136,0.058808546513319016,MLP|Focal Loss
7,11,137,0.04404529184103012,MLP|Focal Loss
7,12,138,0.056805577129125595,MLP|Focal Loss
7,13,139,0.06392291188240051,MLP|Focal Loss
7,14,140,0.05787434056401253,MLP|Focal Loss
7,15,141,0.050389762967824936,MLP|Focal Loss
7,16,142,0.06385847926139832,MLP|Focal Loss
7,17,143,0.04731229692697525,MLP|Focal Loss
7,18,144,0.06588432192802429,MLP|Focal Loss
7,19,145,0.053417667746543884,MLP|Focal Loss
7,20,146,0.0642898678779602,MLP|Focal Loss
7,21,147,0.04955168068408966,MLP|Focal Loss
8,1,148,0.05278429016470909,MLP|Focal Loss
8,2,149,0.05492645129561424,MLP|Focal Loss
8,3,150,0.057566843926906586,MLP|Focal Loss
8,4,151,0.048662200570106506,MLP|Focal Loss
8,5,152,0.052116312086582184,MLP|Focal Loss
8,6,153,0.055004872381687164,MLP|Focal Loss
8,7,154,0.05209869518876076,MLP|Focal Loss
8,8,155,0.07566773146390915,MLP|Focal Loss
8,9,156,0.05679197236895561,MLP|Focal Loss
8,10,157,0.06291072815656662,MLP|Focal Loss
8,11,158,0.05191073566675186,MLP|Focal Loss
8,12,159,0.06261886656284332,MLP|Focal Loss
8,13,160,0.04733338579535484,MLP|Focal Loss
8,14,161,0.05895312875509262,MLP|Focal Loss
8,15,162,0.0600099191069603,MLP|Focal Loss
8,16,163,0.05297364294528961,MLP|Focal Loss
8,17,164,0.05441547557711601,MLP|Focal Loss
8,18,165,0.05560596287250519,MLP|Focal Loss
8,19,166,0.05306529998779297,MLP|Focal Loss
8,20,167,0.0715707391500473,MLP|Focal Loss
8,21,168,0.0412687212228775,MLP|Focal Loss
9,1,169,0.0505843348801136,MLP|Focal Loss
9,2,170,0.05049295350909233,MLP|Focal Loss
9,3,171,0.07020732015371323,MLP|Focal Loss
9,4,172,0.055746447294950485,MLP|Focal Loss
9,5,173,0.06263954192399979,MLP|Focal Loss
9,6,174,0.051024582237005234,MLP|Focal Loss
9,7,175,0.05100113898515701,MLP|Focal Loss
9,8,176,0.06738626956939697,MLP|Focal Loss
9,9,177,0.06687048077583313,MLP|Focal Loss
9,10,178,0.056830767542123795,MLP|Focal Loss
9,11,179,0.057141274213790894,MLP|Focal Loss
9,12,180,0.05023869127035141,MLP|Focal Loss
9,13,181,0.05086333677172661,MLP|Focal Loss
9,14,182,0.06077483296394348,MLP|Focal Loss
9,15,183,0.045774366706609726,MLP|Focal Loss
9,16,184,0.05484282970428467,MLP|Focal Loss
9,17,185,0.055307213217020035,MLP|Focal Loss
9,18,186,0.04883498325943947,MLP|Focal Loss
9,19,187,0.044330157339572906,MLP|Focal Loss
9,20,188,0.0487978421151638,MLP|Focal Loss
9,21,189,0.04838159307837486,MLP|Focal Loss
10,1,190,0.05391993373632431,MLP|Focal Loss
10,2,191,0.06013239175081253,MLP|Focal Loss
10,3,192,0.049493368715047836,MLP|Focal Loss
10,4,193,0.052038826048374176,MLP|Focal Loss
10,5,194,0.04670136421918869,MLP|Focal Loss
10,6,195,0.052243880927562714,MLP|Focal Loss
10,7,196,0.04568343609571457,MLP|Focal Loss
10,8,197,0.05436614900827408,MLP|Focal Loss
10,9,198,0.05961062014102936,MLP|Focal Loss
10,10,199,0.055980175733566284,MLP|Focal Loss
10,11,200,0.05653494596481323,MLP|Focal Loss
10,12,201,0.051931172609329224,MLP|Focal Loss
10,13,202,0.0633801519870758,MLP|Focal Loss
10,14,203,0.05226527154445648,MLP|Focal Loss
10,15,204,0.04311685264110565,MLP|Focal Loss
10,16,205,0.05457943305373192,MLP|Focal Loss
10,17,206,0.0510316826403141,MLP|Focal Loss
10,18,207,0.051846861839294434,MLP|Focal Loss
10,19,208,0.0447167307138443,MLP|Focal Loss
10,20,209,0.04410521313548088,MLP|Focal Loss
10,21,210,0.042739760130643845,MLP|Focal Loss
11,1,211,0.04387824609875679,MLP|Focal Loss
11,2,212,0.053181957453489304,MLP|Focal Loss
11,3,213,0.03939133137464523,MLP|Focal Loss
11,4,214,0.04176660627126694,MLP|Focal Loss
11,5,215,0.05829627439379692,MLP|Focal Loss
11,6,216,0.042279068380594254,MLP|Focal Loss
11,7,217,0.05692574381828308,MLP|Focal Loss
11,8,218,0.05264502018690109,MLP|Focal Loss
11,9,219,0.047993000596761703,MLP|Focal Loss
11,10,220,0.04726206511259079,MLP|Focal Loss
11,11,221,0.0501142255961895,MLP|Focal Loss
11,12,222,0.05416962504386902,MLP|Focal Loss
11,13,223,0.05552132427692413,MLP|Focal Loss
11,14,224,0.0469106063246727,MLP|Focal Loss
11,15,225,0.05520272254943848,MLP|Focal Loss
11,16,226,0.05738556385040283,MLP|Focal Loss
11,17,227,0.05490254610776901,MLP|Focal Loss
11,18,228,0.06219591200351715,MLP|Focal Loss
11,19,229,0.057747870683670044,MLP|Focal Loss
11,20,230,0.049676135182380676,MLP|Focal Loss
11,21,231,0.053105805069208145,MLP|Focal Loss
12,1,232,0.04502372816205025,MLP|Focal Loss
12,2,233,0.05284307152032852,MLP|Focal Loss
12,3,234,0.04312795773148537,MLP|Focal Loss
12,4,235,0.055136263370513916,MLP|Focal Loss
12,5,236,0.04518936201930046,MLP|Focal Loss
12,6,237,0.05103856325149536,MLP|Focal Loss
12,7,238,0.0587584488093853,MLP|Focal Loss
12,8,239,0.048274796456098557,MLP|Focal Loss
12,9,240,0.048066575080156326,MLP|Focal Loss
12,10,241,0.04750390723347664,MLP|Focal Loss
12,11,242,0.049682654440402985,MLP|Focal Loss
12,12,243,0.049663200974464417,MLP|Focal Loss
12,13,244,0.04746489226818085,MLP|Focal Loss
12,14,245,0.05729611963033676,MLP|Focal Loss
12,15,246,0.04860760644078255,MLP|Focal Loss
12,16,247,0.04542956501245499,MLP|Focal Loss
12,17,248,0.04959602653980255,MLP|Focal Loss
12,18,249,0.050151482224464417,MLP|Focal Loss
12,19,250,0.04838235303759575,MLP|Focal Loss
12,20,251,0.054825905710458755,MLP|Focal Loss
12,21,252,0.06023801490664482,MLP|Focal Loss
13,1,253,0.04438203573226929,MLP|Focal Loss
13,2,254,0.05360252037644386,MLP|Focal Loss
13,3,255,0.04803690314292908,MLP|Focal Loss
13,4,256,0.0508289597928524,MLP|Focal Loss
13,5,257,0.045259036123752594,MLP|Focal Loss
13,6,258,0.04719454050064087,MLP|Focal Loss
13,7,259,0.05006538704037666,MLP|Focal Loss
13,8,260,0.04656016826629639,MLP|Focal Loss
13,9,261,0.04412403702735901,MLP|Focal Loss
13,10,262,0.054984480142593384,MLP|Focal Loss
13,11,263,0.040337204933166504,MLP|Focal Loss
13,12,264,0.05086591839790344,MLP|Focal Loss
13,13,265,0.046178173273801804,MLP|Focal Loss
13,14,266,0.0516023188829422,MLP|Focal Loss
13,15,267,0.04546757787466049,MLP|Focal Loss
13,16,268,0.05149044468998909,MLP|Focal Loss
13,17,269,0.045909881591796875,MLP|Focal Loss
13,18,270,0.05525227636098862,MLP|Focal Loss
13,19,271,0.04465537518262863,MLP|Focal Loss
13,20,272,0.06033328175544739,MLP|Focal Loss
13,21,273,0.06508965790271759,MLP|Focal Loss
14,1,274,0.04263942316174507,MLP|Focal Loss
14,2,275,0.05351833254098892,MLP|Focal Loss
14,3,276,0.0527903214097023,MLP|Focal Loss
14,4,277,0.0498611219227314,MLP|Focal Loss
14,5,278,0.058908671140670776,MLP|Focal Loss
14,6,279,0.05119505152106285,MLP|Focal Loss
14,7,280,0.04609265178442001,MLP|Focal Loss
14,8,281,0.044785626232624054,MLP|Focal Loss
14,9,282,0.04530292749404907,MLP|Focal Loss
14,10,283,0.03935060277581215,MLP|Focal Loss
14,11,284,0.05333938077092171,MLP|Focal Loss
14,12,285,0.05010097473859787,MLP|Focal Loss
14,13,286,0.05196011811494827,MLP|Focal Loss
14,14,287,0.038702744990587234,MLP|Focal Loss
14,15,288,0.04970535263419151,MLP|Focal Loss
14,16,289,0.052653513848781586,MLP|Focal Loss
14,17,290,0.04694671183824539,MLP|Focal Loss
14,18,291,0.049891941249370575,MLP|Focal Loss
14,19,292,0.04337088391184807,MLP|Focal Loss
14,20,293,0.044040508568286896,MLP|Focal Loss
14,21,294,0.047417521476745605,MLP|Focal Loss
15,1,295,0.0526900514960289,MLP|Focal Loss
15,2,296,0.04696009308099747,MLP|Focal Loss
15,3,297,0.04484918341040611,MLP|Focal Loss
15,4,298,0.04014952480792999,MLP|Focal Loss
15,5,299,0.045709624886512756,MLP|Focal Loss
15,6,300,0.05495324358344078,MLP|Focal Loss
15,7,301,0.044716160744428635,MLP|Focal Loss
15,8,302,0.04682735726237297,MLP|Focal Loss
15,9,303,0.04348895326256752,MLP|Focal Loss
15,10,304,0.049665890634059906,MLP|Focal Loss
15,11,305,0.03905503451824188,MLP|Focal Loss
15,12,306,0.05181169509887695,MLP|Focal Loss
15,13,307,0.056611694395542145,MLP|Focal Loss
15,14,308,0.06018705666065216,MLP|Focal Loss
15,15,309,0.04714113473892212,MLP|Focal Loss
15,16,310,0.049001120030879974,MLP|Focal Loss
15,17,311,0.05069606378674507,MLP|Focal Loss
15,18,312,0.03816968575119972,MLP|Focal Loss
15,19,313,0.043099548667669296,MLP|Focal Loss
15,20,314,0.047751765698194504,MLP|Focal Loss
15,21,315,0.04015634208917618,MLP|Focal Loss
16,1,316,0.034111544489860535,MLP|Focal Loss
16,2,317,0.04617689177393913,MLP|Focal Loss
16,3,318,0.05551114305853844,MLP|Focal Loss
16,4,319,0.04870682582259178,MLP|Focal Loss
16,5,320,0.05585244297981262,MLP|Focal Loss
16,6,321,0.04521746560931206,MLP|Focal Loss
16,7,322,0.0447993278503418,MLP|Focal Loss
16,8,323,0.046642713248729706,MLP|Focal Loss
16,9,324,0.05036222189664841,MLP|Focal Loss
16,10,325,0.04471910372376442,MLP|Focal Loss
16,11,326,0.044036027044057846,MLP|Focal Loss
16,12,327,0.036209069192409515,MLP|Focal Loss
16,13,328,0.046211544424295425,MLP|Focal Loss
16,14,329,0.05012202635407448,MLP|Focal Loss
16,15,330,0.04485054686665535,MLP|Focal Loss
16,16,331,0.04440630227327347,MLP|Focal Loss
16,17,332,0.04162757471203804,MLP|Focal Loss
16,18,333,0.04764261841773987,MLP|Focal Loss
16,19,334,0.055312395095825195,MLP|Focal Loss
16,20,335,0.05635340139269829,MLP|Focal Loss
16,21,336,0.07142531126737595,MLP|Focal Loss
17,1,337,0.052995242178440094,MLP|Focal Loss
17,2,338,0.052057620137929916,MLP|Focal Loss
17,3,339,0.04495469108223915,MLP|Focal Loss
17,4,340,0.04489491879940033,MLP|Focal Loss
17,5,341,0.04577169939875603,MLP|Focal Loss
17,6,342,0.04639959707856178,MLP|Focal Loss
17,7,343,0.046989891678094864,MLP|Focal Loss
17,8,344,0.06477370113134384,MLP|Focal Loss
17,9,345,0.04145044460892677,MLP|Focal Loss
17,10,346,0.04561082646250725,MLP|Focal Loss
17,11,347,0.03880578279495239,MLP|Focal Loss
17,12,348,0.04491320252418518,MLP|Focal Loss
17,13,349,0.04364390671253204,MLP|Focal Loss
17,14,350,0.038364242762327194,MLP|Focal Loss
17,15,351,0.04881720989942551,MLP|Focal Loss
17,16,352,0.05154242366552353,MLP|Focal Loss
17,17,353,0.0342080257833004,MLP|Focal Loss
17,18,354,0.04238808900117874,MLP|Focal Loss
17,19,355,0.02892635017633438,MLP|Focal Loss
17,20,356,0.04500515013933182,MLP|Focal Loss
17,21,357,0.03432934731245041,MLP|Focal Loss
18,1,358,0.04621284082531929,MLP|Focal Loss
18,2,359,0.034858595579862595,MLP|Focal Loss
18,3,360,0.04209815710783005,MLP|Focal Loss
18,4,361,0.05066044256091118,MLP|Focal Loss
18,5,362,0.0581691712141037,MLP|Focal Loss
18,6,363,0.0487917959690094,MLP|Focal Loss
18,7,364,0.05346651375293732,MLP|Focal Loss
18,8,365,0.04430033266544342,MLP|Focal Loss
18,9,366,0.03363887220621109,MLP|Focal Loss
18,10,367,0.05311043560504913,MLP|Focal Loss
18,11,368,0.043027084320783615,MLP|Focal Loss
18,12,369,0.0410083569586277,MLP|Focal Loss
18,13,370,0.04591352492570877,MLP|Focal Loss
18,14,371,0.043832793831825256,MLP|Focal Loss
18,15,372,0.05067095905542374,MLP|Focal Loss
18,16,373,0.049760572612285614,MLP|Focal Loss
18,17,374,0.040223583579063416,MLP|Focal Loss
18,18,375,0.06183166056871414,MLP|Focal Loss
18,19,376,0.03744364157319069,MLP|Focal Loss
18,20,377,0.04047800227999687,MLP|Focal Loss
18,21,378,0.03498826175928116,MLP|Focal Loss
19,1,379,0.058359719812870026,MLP|Focal Loss
19,2,380,0.04357357695698738,MLP|Focal Loss
19,3,381,0.043693795800209045,MLP|Focal Loss
19,4,382,0.03943267837166786,MLP|Focal Loss
19,5,383,0.03661692142486572,MLP|Focal Loss
19,6,384,0.05511687695980072,MLP|Focal Loss
19,7,385,0.03908973187208176,MLP|Focal Loss
19,8,386,0.05102088674902916,MLP|Focal Loss
19,9,387,0.03339890018105507,MLP|Focal Loss
19,10,388,0.0438280925154686,MLP|Focal Loss
19,11,389,0.038005854934453964,MLP|Focal Loss
19,12,390,0.04801144823431969,MLP|Focal Loss
19,13,391,0.052317097783088684,MLP|Focal Loss
19,14,392,0.041609033942222595,MLP|Focal Loss
19,15,393,0.036603737622499466,MLP|Focal Loss
19,16,394,0.041123583912849426,MLP|Focal Loss
19,17,395,0.036018624901771545,MLP|Focal Loss
19,18,396,0.047106124460697174,MLP|Focal Loss
19,19,397,0.045356351882219315,MLP|Focal Loss
19,20,398,0.035300079733133316,MLP|Focal Loss
19,21,399,0.031092040240764618,MLP|Focal Loss
20,1,400,0.04066891968250275,MLP|Focal Loss
20,2,401,0.04076111316680908,MLP|Focal Loss
20,3,402,0.04040788859128952,MLP|Focal Loss
20,4,403,0.03898829221725464,MLP|Focal Loss
20,5,404,0.038697972893714905,MLP|Focal Loss
20,6,405,0.039487022906541824,MLP|Focal Loss
20,7,406,0.035107988864183426,MLP|Focal Loss
20,8,407,0.06211467087268829,MLP|Focal Loss
20,9,408,0.03834126517176628,MLP|Focal Loss
20,10,409,0.04015004262328148,MLP|Focal Loss
20,11,410,0.03932756185531616,MLP|Focal Loss
20,12,411,0.04937233030796051,MLP|Focal Loss
20,13,412,0.04641002044081688,MLP|Focal Loss
20,14,413,0.04197293519973755,MLP|Focal Loss
20,15,414,0.038832731544971466,MLP|Focal Loss
20,16,415,0.04536578059196472,MLP|Focal Loss
20,17,416,0.04417174309492111,MLP|Focal Loss
20,18,417,0.04034975543618202,MLP|Focal Loss
20,19,418,0.05173065885901451,MLP|Focal Loss
20,20,419,0.037517353892326355,MLP|Focal Loss
20,21,420,0.03596089035272598,MLP|Focal Loss
21,1,421,0.045414671301841736,MLP|Focal Loss
21,2,422,0.0447477251291275,MLP|Focal Loss
21,3,423,0.04467364400625229,MLP|Focal Loss
21,4,424,0.040933262556791306,MLP|Focal Loss
21,5,425,0.04466533660888672,MLP|Focal Loss
21,6,426,0.03774557262659073,MLP|Focal Loss
21,7,427,0.04531485214829445,MLP|Focal Loss
21,8,428,0.04389861598610878,MLP|Focal Loss
21,9,429,0.03979678824543953,MLP|Focal Loss
21,10,430,0.0362972617149353,MLP|Focal Loss
21,11,431,0.033069491386413574,MLP|Focal Loss
21,12,432,0.03694640472531319,MLP|Focal Loss
21,13,433,0.038409531116485596,MLP|Focal Loss
21,14,434,0.03706568852066994,MLP|Focal Loss
21,15,435,0.05391057953238487,MLP|Focal Loss
21,16,436,0.05103759467601776,MLP|Focal Loss
21,17,437,0.043487999588251114,MLP|Focal Loss
21,18,438,0.0382104329764843,MLP|Focal Loss
21,19,439,0.042416416108608246,MLP|Focal Loss
21,20,440,0.03801443800330162,MLP|Focal Loss
21,21,441,0.04038160666823387,MLP|Focal Loss
22,1,442,0.03927326574921608,MLP|Focal Loss
22,2,443,0.04100460186600685,MLP|Focal Loss
22,3,444,0.04441256821155548,MLP|Focal Loss
22,4,445,0.04157676175236702,MLP|Focal Loss
22,5,446,0.03819352388381958,MLP|Focal Loss
22,6,447,0.033401887863874435,MLP|Focal Loss
22,7,448,0.04086308926343918,MLP|Focal Loss
22,8,449,0.037917375564575195,MLP|Focal Loss
22,9,450,0.04613000527024269,MLP|Focal Loss
22,10,451,0.046759624034166336,MLP|Focal Loss
22,11,452,0.056260816752910614,MLP|Focal Loss
22,12,453,0.04232816770672798,MLP|Focal Loss
22,13,454,0.04332627356052399,MLP|Focal Loss
22,14,455,0.03984767943620682,MLP|Focal Loss
22,15,456,0.04880707338452339,MLP|Focal Loss
22,16,457,0.04224192723631859,MLP|Focal Loss
22,17,458,0.03726024925708771,MLP|Focal Loss
22,18,459,0.03628775477409363,MLP|Focal Loss
22,19,460,0.037115536630153656,MLP|Focal Loss
22,20,461,0.03575048968195915,MLP|Focal Loss
22,21,462,0.05107332766056061,MLP|Focal Loss
23,1,463,0.03304976224899292,MLP|Focal Loss
23,2,464,0.06659889966249466,MLP|Focal Loss
23,3,465,0.04907241091132164,MLP|Focal Loss
23,4,466,0.033661965280771255,MLP|Focal Loss
23,5,467,0.03377699479460716,MLP|Focal Loss
23,6,468,0.04718952998518944,MLP|Focal Loss
23,7,469,0.04256352782249451,MLP|Focal Loss
23,8,470,0.051407091319561005,MLP|Focal Loss
23,9,471,0.04810357466340065,MLP|Focal Loss
23,10,472,0.04191836342215538,MLP|Focal Loss
23,11,473,0.05274432152509689,MLP|Focal Loss
23,12,474,0.043436888605356216,MLP|Focal Loss
23,13,475,0.037747159600257874,MLP|Focal Loss
23,14,476,0.038294583559036255,MLP|Focal Loss
23,15,477,0.03548029810190201,MLP|Focal Loss
23,16,478,0.041679512709379196,MLP|Focal Loss
23,17,479,0.042100779712200165,MLP|Focal Loss
23,18,480,0.04492773860692978,MLP|Focal Loss
23,19,481,0.04621542617678642,MLP|Focal Loss
23,20,482,0.03535919636487961,MLP|Focal Loss
23,21,483,0.04594320058822632,MLP|Focal Loss
24,1,484,0.04025792330503464,MLP|Focal Loss
24,2,485,0.04019927978515625,MLP|Focal Loss
24,3,486,0.034257128834724426,MLP|Focal Loss
24,4,487,0.039591383188962936,MLP|Focal Loss
24,5,488,0.03862440213561058,MLP|Focal Loss
24,6,489,0.032082345336675644,MLP|Focal Loss
24,7,490,0.04264088720083237,MLP|Focal Loss
24,8,491,0.037077803164720535,MLP|Focal Loss
24,9,492,0.04485393315553665,MLP|Focal Loss
24,10,493,0.031433578580617905,MLP|Focal Loss
24,11,494,0.04343119263648987,MLP|Focal Loss
24,12,495,0.036736585199832916,MLP|Focal Loss
24,13,496,0.04109195992350578,MLP|Focal Loss
24,14,497,0.045354291796684265,MLP|Focal Loss
24,15,498,0.03622603416442871,MLP|Focal Loss
24,16,499,0.048247501254081726,MLP|Focal Loss
24,17,500,0.03873394429683685,MLP|Focal Loss
24,18,501,0.03715413808822632,MLP|Focal Loss
24,19,502,0.0389077328145504,MLP|Focal Loss
24,20,503,0.04148750379681587,MLP|Focal Loss
24,21,504,0.032797180116176605,MLP|Focal Loss
25,1,505,0.044074349105358124,MLP|Focal Loss
25,2,506,0.048309244215488434,MLP|Focal Loss
25,3,507,0.029878459870815277,MLP|Focal Loss
25,4,508,0.036016203463077545,MLP|Focal Loss
25,5,509,0.03192371875047684,MLP|Focal Loss
25,6,510,0.041711099445819855,MLP|Focal Loss
25,7,511,0.03575871139764786,MLP|Focal Loss
25,8,512,0.03736775368452072,MLP|Focal Loss
25,9,513,0.04311675205826759,MLP|Focal Loss
25,10,514,0.043819352984428406,MLP|Focal Loss
25,11,515,0.03750019520521164,MLP|Focal Loss
25,12,516,0.04094789922237396,MLP|Focal Loss
25,13,517,0.04422478377819061,MLP|Focal Loss
25,14,518,0.04070446267724037,MLP|Focal Loss
25,15,519,0.043924324214458466,MLP|Focal Loss
25,16,520,0.04379701614379883,MLP|Focal Loss
25,17,521,0.049106914550065994,MLP|Focal Loss
25,18,522,0.04164054989814758,MLP|Focal Loss
25,19,523,0.03388984501361847,MLP|Focal Loss
25,20,524,0.03092004917562008,MLP|Focal Loss
25,21,525,0.02974970079958439,MLP|Focal Loss
26,1,526,0.04053619131445885,MLP|Focal Loss
26,2,527,0.031783416867256165,MLP|Focal Loss
26,3,528,0.03904055431485176,MLP|Focal Loss
26,4,529,0.04597363993525505,MLP|Focal Loss
26,5,530,0.049943145364522934,MLP|Focal Loss
26,6,531,0.03729255497455597,MLP|Focal Loss
26,7,532,0.03766470402479172,MLP|Focal Loss
26,8,533,0.03664655238389969,MLP|Focal Loss
26,9,534,0.03502490371465683,MLP|Focal Loss
26,10,535,0.06235531345009804,MLP|Focal Loss
26,11,536,0.03815847635269165,MLP|Focal Loss
26,12,537,0.04315115511417389,MLP|Focal Loss
26,13,538,0.0456303209066391,MLP|Focal Loss
26,14,539,0.0408916212618351,MLP|Focal Loss
26,15,540,0.03542245179414749,MLP|Focal Loss
26,16,541,0.03260323032736778,MLP|Focal Loss
26,17,542,0.03184603154659271,MLP|Focal Loss
26,18,543,0.03334560617804527,MLP|Focal Loss
26,19,544,0.03608211129903793,MLP|Focal Loss
26,20,545,0.03470970317721367,MLP|Focal Loss
26,21,546,0.02221609279513359,MLP|Focal Loss
27,1,547,0.04582952708005905,MLP|Focal Loss
27,2,548,0.049070920795202255,MLP|Focal Loss
27,3,549,0.05753789842128754,MLP|Focal Loss
27,4,550,0.040917616337537766,MLP|Focal Loss
27,5,551,0.03439765051007271,MLP|Focal Loss
27,6,552,0.04049038887023926,MLP|Focal Loss
27,7,553,0.03656136244535446,MLP|Focal Loss
27,8,554,0.041452985256910324,MLP|Focal Loss
27,9,555,0.04408881813287735,MLP|Focal Loss
27,10,556,0.041923437267541885,MLP|Focal Loss
27,11,557,0.03959441930055618,MLP|Focal Loss
27,12,558,0.03302319720387459,MLP|Focal Loss
27,13,559,0.03524380922317505,MLP|Focal Loss
27,14,560,0.040833257138729095,MLP|Focal Loss
27,15,561,0.05056792497634888,MLP|Focal Loss
27,16,562,0.046945326030254364,MLP|Focal Loss
27,17,563,0.032809022814035416,MLP|Focal Loss
27,18,564,0.043156564235687256,MLP|Focal Loss
27,19,565,0.04085803031921387,MLP|Focal Loss
27,20,566,0.026801466941833496,MLP|Focal Loss
27,21,567,0.025302009657025337,MLP|Focal Loss
28,1,568,0.04673566669225693,MLP|Focal Loss
28,2,569,0.03556762635707855,MLP|Focal Loss
28,3,570,0.03854106739163399,MLP|Focal Loss
28,4,571,0.03997299075126648,MLP|Focal Loss
28,5,572,0.042791180312633514,MLP|Focal Loss
28,6,573,0.03938031196594238,MLP|Focal Loss
28,7,574,0.054912567138671875,MLP|Focal Loss
28,8,575,0.03178970888257027,MLP|Focal Loss
28,9,576,0.043662648648023605,MLP|Focal Loss
28,10,577,0.034989133477211,MLP|Focal Loss
28,11,578,0.029964696615934372,MLP|Focal Loss
28,12,579,0.03583730012178421,MLP|Focal Loss
28,13,580,0.036170389503240585,MLP|Focal Loss
28,14,581,0.03447666019201279,MLP|Focal Loss
28,15,582,0.04550892859697342,MLP|Focal Loss
28,16,583,0.04515942558646202,MLP|Focal Loss
28,17,584,0.04002552106976509,MLP|Focal Loss
28,18,585,0.03133770078420639,MLP|Focal Loss
28,19,586,0.0369817353785038,MLP|Focal Loss
28,20,587,0.030220551416277885,MLP|Focal Loss
28,21,588,0.02395033650100231,MLP|Focal Loss
29,1,589,0.04032142460346222,MLP|Focal Loss
29,2,590,0.033080194145441055,MLP|Focal Loss
29,3,591,0.04164868965744972,MLP|Focal Loss
29,4,592,0.030163442716002464,MLP|Focal Loss
29,5,593,0.03253336250782013,MLP|Focal Loss
29,6,594,0.04142995923757553,MLP|Focal Loss
29,7,595,0.03523759916424751,MLP|Focal Loss
29,8,596,0.040370989590883255,MLP|Focal Loss
29,9,597,0.04070817306637764,MLP|Focal Loss
29,10,598,0.041586779057979584,MLP|Focal Loss
29,11,599,0.03360045701265335,MLP|Focal Loss
29,12,600,0.04435773938894272,MLP|Focal Loss
29,13,601,0.03582219406962395,MLP|Focal Loss
29,14,602,0.037673939019441605,MLP|Focal Loss
29,15,603,0.03779582306742668,MLP|Focal Loss
29,16,604,0.04399928078055382,MLP|Focal Loss
29,17,605,0.02645818330347538,MLP|Focal Loss
29,18,606,0.03950132429599762,MLP|Focal Loss
29,19,607,0.03653733804821968,MLP|Focal Loss
29,20,608,0.036499444395303726,MLP|Focal Loss
29,21,609,0.027387073263525963,MLP|Focal Loss
30,1,610,0.03622598573565483,MLP|Focal Loss
30,2,611,0.03735588118433952,MLP|Focal Loss
30,3,612,0.04506564140319824,MLP|Focal Loss
30,4,613,0.034094419330358505,MLP|Focal Loss
30,5,614,0.03518255800008774,MLP|Focal Loss
30,6,615,0.03493580222129822,MLP|Focal Loss
30,7,616,0.04012579843401909,MLP|Focal Loss
30,8,617,0.041066091507673264,MLP|Focal Loss
30,9,618,0.026729518547654152,MLP|Focal Loss
30,10,619,0.03944099694490433,MLP|Focal Loss
30,11,620,0.03709457814693451,MLP|Focal Loss
30,12,621,0.03094613552093506,MLP|Focal Loss
30,13,622,0.03951818123459816,MLP|Focal Loss
30,14,623,0.03013269044458866,MLP|Focal Loss
30,15,624,0.03686027601361275,MLP|Focal Loss
30,16,625,0.03590187430381775,MLP|Focal Loss
30,17,626,0.040629878640174866,MLP|Focal Loss
30,18,627,0.04245798662304878,MLP|Focal Loss
30,19,628,0.04608423635363579,MLP|Focal Loss
30,20,629,0.04333943873643875,MLP|Focal Loss
30,21,630,0.03915666416287422,MLP|Focal Loss
31,1,631,0.03874044865369797,MLP|Focal Loss
31,2,632,0.03144463151693344,MLP|Focal Loss
31,3,633,0.040191225707530975,MLP|Focal Loss
31,4,634,0.052776988595724106,MLP|Focal Loss
31,5,635,0.03953962400555611,MLP|Focal Loss
31,6,636,0.03483032435178757,MLP|Focal Loss
31,7,637,0.0478990338742733,MLP|Focal Loss
31,8,638,0.03192297741770744,MLP|Focal Loss
31,9,639,0.040546562522649765,MLP|Focal Loss
31,10,640,0.045619647949934006,MLP|Focal Loss
31,11,641,0.036059215664863586,MLP|Focal Loss
31,12,642,0.039423488080501556,MLP|Focal Loss
31,13,643,0.03452925384044647,MLP|Focal Loss
31,14,644,0.029533423483371735,MLP|Focal Loss
31,15,645,0.03962773084640503,MLP|Focal Loss
31,16,646,0.03437155857682228,MLP|Focal Loss
31,17,647,0.039416275918483734,MLP|Focal Loss
31,18,648,0.0349414236843586,MLP|Focal Loss
31,19,649,0.03135426715016365,MLP|Focal Loss
31,20,650,0.027764495462179184,MLP|Focal Loss
31,21,651,0.07876716554164886,MLP|Focal Loss
32,1,652,0.043737102299928665,MLP|Focal Loss
32,2,653,0.03148927167057991,MLP|Focal Loss
32,3,654,0.034717753529548645,MLP|Focal Loss
32,4,655,0.04246748611330986,MLP|Focal Loss
32,5,656,0.035957448184490204,MLP|Focal Loss
32,6,657,0.035691387951374054,MLP|Focal Loss
32,7,658,0.04800745099782944,MLP|Focal Loss
32,8,659,0.03641308471560478,MLP|Focal Loss
32,9,660,0.040584269911050797,MLP|Focal Loss
32,10,661,0.04051099717617035,MLP|Focal Loss
32,11,662,0.03963693603873253,MLP|Focal Loss
32,12,663,0.03381295129656792,MLP|Focal Loss
32,13,664,0.032711271196603775,MLP|Focal Loss
32,14,665,0.03782031685113907,MLP|Focal Loss
32,15,666,0.03715726360678673,MLP|Focal Loss
32,16,667,0.028856616467237473,MLP|Focal Loss
32,17,668,0.04304531216621399,MLP|Focal Loss
32,18,669,0.03581748157739639,MLP|Focal Loss
32,19,670,0.03632714971899986,MLP|Focal Loss
32,20,671,0.04301097244024277,MLP|Focal Loss
32,21,672,0.03746255487203598,MLP|Focal Loss
33,1,673,0.03130662441253662,MLP|Focal Loss
33,2,674,0.03129928931593895,MLP|Focal Loss
33,3,675,0.03049503266811371,MLP|Focal Loss
33,4,676,0.0452054925262928,MLP|Focal Loss
33,5,677,0.04674990847706795,MLP|Focal Loss
33,6,678,0.028195027261972427,MLP|Focal Loss
33,7,679,0.03515610098838806,MLP|Focal Loss
33,8,680,0.03369298577308655,MLP|Focal Loss
33,9,681,0.042081087827682495,MLP|Focal Loss
33,10,682,0.039487022906541824,MLP|Focal Loss
33,11,683,0.03794107958674431,MLP|Focal Loss
33,12,684,0.04434838145971298,MLP|Focal Loss
33,13,685,0.027078621089458466,MLP|Focal Loss
33,14,686,0.024193426594138145,MLP|Focal Loss
33,15,687,0.033080343157052994,MLP|Focal Loss
33,16,688,0.03351115807890892,MLP|Focal Loss
33,17,689,0.04224493354558945,MLP|Focal Loss
33,18,690,0.0371340848505497,MLP|Focal Loss
33,19,691,0.039382245391607285,MLP|Focal Loss
33,20,692,0.042600490152835846,MLP|Focal Loss
33,21,693,0.04553647339344025,MLP|Focal Loss
34,1,694,0.03504279628396034,MLP|Focal Loss
34,2,695,0.03416396304965019,MLP|Focal Loss
34,3,696,0.032535120844841,MLP|Focal Loss
34,4,697,0.039413828402757645,MLP|Focal Loss
34,5,698,0.03859845921397209,MLP|Focal Loss
34,6,699,0.034835509955883026,MLP|Focal Loss
34,7,700,0.03240707516670227,MLP|Focal Loss
34,8,701,0.0351053848862648,MLP|Focal Loss
34,9,702,0.03535813093185425,MLP|Focal Loss
34,10,703,0.03375919908285141,MLP|Focal Loss
34,11,704,0.024008726701140404,MLP|Focal Loss
34,12,705,0.032210823148489,MLP|Focal Loss
34,13,706,0.04112934693694115,MLP|Focal Loss
34,14,707,0.03692065179347992,MLP|Focal Loss
34,15,708,0.03295502811670303,MLP|Focal Loss
34,16,709,0.03528163582086563,MLP|Focal Loss
34,17,710,0.04029783606529236,MLP|Focal Loss
34,18,711,0.033457718789577484,MLP|Focal Loss
34,19,712,0.03362664952874184,MLP|Focal Loss
34,20,713,0.045575425028800964,MLP|Focal Loss
34,21,714,0.02594796009361744,MLP|Focal Loss
35,1,715,0.03285256400704384,MLP|Focal Loss
35,2,716,0.04367881268262863,MLP|Focal Loss
35,3,717,0.057648830115795135,MLP|Focal Loss
35,4,718,0.04021364450454712,MLP|Focal Loss
35,5,719,0.03543967008590698,MLP|Focal Loss
35,6,720,0.03775269538164139,MLP|Focal Loss
35,7,721,0.032893262803554535,MLP|Focal Loss
35,8,722,0.03105102851986885,MLP|Focal Loss
35,9,723,0.0354565866291523,MLP|Focal Loss
35,10,724,0.028493816033005714,MLP|Focal Loss
35,11,725,0.031621672213077545,MLP|Focal Loss
35,12,726,0.039723508059978485,MLP|Focal Loss
35,13,727,0.03106922283768654,MLP|Focal Loss
35,14,728,0.03323008492588997,MLP|Focal Loss
35,15,729,0.03786419704556465,MLP|Focal Loss
35,16,730,0.03130055218935013,MLP|Focal Loss
35,17,731,0.036381207406520844,MLP|Focal Loss
35,18,732,0.03239491954445839,MLP|Focal Loss
35,19,733,0.031598106026649475,MLP|Focal Loss
35,20,734,0.0393591932952404,MLP|Focal Loss
35,21,735,0.03084206022322178,MLP|Focal Loss
36,1,736,0.03574496880173683,MLP|Focal Loss
36,2,737,0.03650893643498421,MLP|Focal Loss
36,3,738,0.04516110569238663,MLP|Focal Loss
36,4,739,0.041737258434295654,MLP|Focal Loss
36,5,740,0.03139456361532211,MLP|Focal Loss
36,6,741,0.02962091565132141,MLP|Focal Loss
36,7,742,0.038064658641815186,MLP|Focal Loss
36,8,743,0.03803803026676178,MLP|Focal Loss
36,9,744,0.02852722443640232,MLP|Focal Loss
36,10,745,0.027820222079753876,MLP|Focal Loss
36,11,746,0.02861790545284748,MLP|Focal Loss
36,12,747,0.0386560782790184,MLP|Focal Loss
36,13,748,0.03614950180053711,MLP|Focal Loss
36,14,749,0.029621385037899017,MLP|Focal Loss
36,15,750,0.035422567278146744,MLP|Focal Loss
36,16,751,0.03242119401693344,MLP|Focal Loss
36,17,752,0.03067571297287941,MLP|Focal Loss
36,18,753,0.05417610704898834,MLP|Focal Loss
36,19,754,0.033330291509628296,MLP|Focal Loss
36,20,755,0.039802178740501404,MLP|Focal Loss
36,21,756,0.022414060309529305,MLP|Focal Loss
37,1,757,0.025784997269511223,MLP|Focal Loss
37,2,758,0.026826076209545135,MLP|Focal Loss
37,3,759,0.036140091717243195,MLP|Focal Loss
37,4,760,0.04243804141879082,MLP|Focal Loss
37,5,761,0.02945193089544773,MLP|Focal Loss
37,6,762,0.03478657081723213,MLP|Focal Loss
37,7,763,0.03347708657383919,MLP|Focal Loss
37,8,764,0.025356784462928772,MLP|Focal Loss
37,9,765,0.039155617356300354,MLP|Focal Loss
37,10,766,0.04647272080183029,MLP|Focal Loss
37,11,767,0.036191828548908234,MLP|Focal Loss
37,12,768,0.03712419420480728,MLP|Focal Loss
37,13,769,0.02674354426562786,MLP|Focal Loss
37,14,770,0.03551965206861496,MLP|Focal Loss
37,15,771,0.03147043287754059,MLP|Focal Loss
37,16,772,0.04064921662211418,MLP|Focal Loss
37,17,773,0.03327159583568573,MLP|Focal Loss
37,18,774,0.028593668714165688,MLP|Focal Loss
37,19,775,0.05186688154935837,MLP|Focal Loss
37,20,776,0.027027584612369537,MLP|Focal Loss
37,21,777,0.0279164407402277,MLP|Focal Loss
38,1,778,0.029169294983148575,MLP|Focal Loss
38,2,779,0.036041341722011566,MLP|Focal Loss
38,3,780,0.03278041258454323,MLP|Focal Loss
38,4,781,0.03427588939666748,MLP|Focal Loss
38,5,782,0.03374585136771202,MLP|Focal Loss
38,6,783,0.040335796773433685,MLP|Focal Loss
38,7,784,0.0262439027428627,MLP|Focal Loss
38,8,785,0.031256649643182755,MLP|Focal Loss
38,9,786,0.05248398333787918,MLP|Focal Loss
38,10,787,0.027814190834760666,MLP|Focal Loss
38,11,788,0.0399530753493309,MLP|Focal Loss
38,12,789,0.021296802908182144,MLP|Focal Loss
38,13,790,0.03666812554001808,MLP|Focal Loss
38,14,791,0.03538523614406586,MLP|Focal Loss
38,15,792,0.0423901304602623,MLP|Focal Loss
38,16,793,0.034712277352809906,MLP|Focal Loss
38,17,794,0.026357876136898994,MLP|Focal Loss
38,18,795,0.034620895981788635,MLP|Focal Loss
38,19,796,0.03224509581923485,MLP|Focal Loss
38,20,797,0.03840553015470505,MLP|Focal Loss
38,21,798,0.01657349057495594,MLP|Focal Loss
39,1,799,0.029708685353398323,MLP|Focal Loss
39,2,800,0.0361674465239048,MLP|Focal Loss
39,3,801,0.03275693580508232,MLP|Focal Loss
39,4,802,0.0346871018409729,MLP|Focal Loss
39,5,803,0.028422828763723373,MLP|Focal Loss
39,6,804,0.025669153779745102,MLP|Focal Loss
39,7,805,0.03714533522725105,MLP|Focal Loss
39,8,806,0.036151643842458725,MLP|Focal Loss
39,9,807,0.026602288708090782,MLP|Focal Loss
39,10,808,0.029909221455454826,MLP|Focal Loss
39,11,809,0.03462301939725876,MLP|Focal Loss
39,12,810,0.05480394884943962,MLP|Focal Loss
39,13,811,0.04382913187146187,MLP|Focal Loss
39,14,812,0.03166733309626579,MLP|Focal Loss
39,15,813,0.02209649235010147,MLP|Focal Loss
39,16,814,0.0343790166079998,MLP|Focal Loss
39,17,815,0.027329126372933388,MLP|Focal Loss
39,18,816,0.035002000629901886,MLP|Focal Loss
39,19,817,0.03544928878545761,MLP|Focal Loss
39,20,818,0.029125692322850227,MLP|Focal Loss
39,21,819,0.05101374536752701,MLP|Focal Loss
40,1,820,0.02979748323559761,MLP|Focal Loss
40,2,821,0.03500450775027275,MLP|Focal Loss
40,3,822,0.03747456893324852,MLP|Focal Loss
40,4,823,0.04313473403453827,MLP|Focal Loss
40,5,824,0.0331096276640892,MLP|Focal Loss
40,6,825,0.025897348299622536,MLP|Focal Loss
40,7,826,0.04151605814695358,MLP|Focal Loss
40,8,827,0.03130539879202843,MLP|Focal Loss
40,9,828,0.03496704250574112,MLP|Focal Loss
40,10,829,0.034054312855005264,MLP|Focal Loss
40,11,830,0.03714325278997421,MLP|Focal Loss
40,12,831,0.02911793440580368,MLP|Focal Loss
40,13,832,0.03213530033826828,MLP|Focal Loss
40,14,833,0.0415886789560318,MLP|Focal Loss
40,15,834,0.03155211731791496,MLP|Focal Loss
40,16,835,0.026061294600367546,MLP|Focal Loss
40,17,836,0.03146432712674141,MLP|Focal Loss
40,18,837,0.03619213402271271,MLP|Focal Loss
40,19,838,0.03121068701148033,MLP|Focal Loss
40,20,839,0.02421782724559307,MLP|Focal Loss
40,21,840,0.04967924579977989,MLP|Focal Loss
41,1,841,0.03696746751666069,MLP|Focal Loss
41,2,842,0.025119587779045105,MLP|Focal Loss
41,3,843,0.027982419356703758,MLP|Focal Loss
41,4,844,0.02642522007226944,MLP|Focal Loss
41,5,845,0.027179930359125137,MLP|Focal Loss
41,6,846,0.036548420786857605,MLP|Focal Loss
41,7,847,0.04345589876174927,MLP|Focal Loss
41,8,848,0.03352084383368492,MLP|Focal Loss
41,9,849,0.03989527374505997,MLP|Focal Loss
41,10,850,0.03020898811519146,MLP|Focal Loss
41,11,851,0.027272483333945274,MLP|Focal Loss
41,12,852,0.03868699073791504,MLP|Focal Loss
41,13,853,0.03229106590151787,MLP|Focal Loss
41,14,854,0.042655810713768005,MLP|Focal Loss
41,15,855,0.04129360616207123,MLP|Focal Loss
41,16,856,0.031135309487581253,MLP|Focal Loss
41,17,857,0.026237159967422485,MLP|Focal Loss
41,18,858,0.03980068117380142,MLP|Focal Loss
41,19,859,0.03258103132247925,MLP|Focal Loss
41,20,860,0.0460829921066761,MLP|Focal Loss
41,21,861,0.03067794255912304,MLP|Focal Loss
42,1,862,0.034637726843357086,MLP|Focal Loss
42,2,863,0.03247968852519989,MLP|Focal Loss
42,3,864,0.039173878729343414,MLP|Focal Loss
42,4,865,0.032938823103904724,MLP|Focal Loss
42,5,866,0.026022501289844513,MLP|Focal Loss
42,6,867,0.04075903072953224,MLP|Focal Loss
42,7,868,0.03410759195685387,MLP|Focal Loss
42,8,869,0.04107098653912544,MLP|Focal Loss
42,9,870,0.02392527088522911,MLP|Focal Loss
42,10,871,0.03927107900381088,MLP|Focal Loss
42,11,872,0.026714518666267395,MLP|Focal Loss
42,12,873,0.030407272279262543,MLP|Focal Loss
42,13,874,0.03027438372373581,MLP|Focal Loss
42,14,875,0.03692229464650154,MLP|Focal Loss
42,15,876,0.029882632195949554,MLP|Focal Loss
42,16,877,0.03370154649019241,MLP|Focal Loss
42,17,878,0.030039073899388313,MLP|Focal Loss
42,18,879,0.03747361898422241,MLP|Focal Loss
42,19,880,0.03712966665625572,MLP|Focal Loss
42,20,881,0.03200006112456322,MLP|Focal Loss
42,21,882,0.03784773871302605,MLP|Focal Loss
43,1,883,0.03227517381310463,MLP|Focal Loss
43,2,884,0.03433892875909805,MLP|Focal Loss
43,3,885,0.0479108989238739,MLP|Focal Loss
43,4,886,0.03315149247646332,MLP|Focal Loss
43,5,887,0.027288977056741714,MLP|Focal Loss
43,6,888,0.02761421911418438,MLP|Focal Loss
43,7,889,0.037225399166345596,MLP|Focal Loss
43,8,890,0.022997360676527023,MLP|Focal Loss
43,9,891,0.02450636588037014,MLP|Focal Loss
43,10,892,0.032874539494514465,MLP|Focal Loss
43,11,893,0.03391588106751442,MLP|Focal Loss
43,12,894,0.03195091709494591,MLP|Focal Loss
43,13,895,0.033438876271247864,MLP|Focal Loss
43,14,896,0.034687113016843796,MLP|Focal Loss
43,15,897,0.043933745473623276,MLP|Focal Loss
43,16,898,0.03097628243267536,MLP|Focal Loss
43,17,899,0.03511056676506996,MLP|Focal Loss
43,18,900,0.029168132692575455,MLP|Focal Loss
43,19,901,0.04593578726053238,MLP|Focal Loss
43,20,902,0.03376590460538864,MLP|Focal Loss
43,21,903,0.04807388782501221,MLP|Focal Loss
44,1,904,0.02545023337006569,MLP|Focal Loss
44,2,905,0.02397097833454609,MLP|Focal Loss
44,3,906,0.040105611085891724,MLP|Focal Loss
44,4,907,0.03781852871179581,MLP|Focal Loss
44,5,908,0.03859512507915497,MLP|Focal Loss
44,6,909,0.025399165228009224,MLP|Focal Loss
44,7,910,0.02355136349797249,MLP|Focal Loss
44,8,911,0.04414381831884384,MLP|Focal Loss
44,9,912,0.0344855822622776,MLP|Focal Loss
44,10,913,0.023165415972471237,MLP|Focal Loss
44,11,914,0.03619369864463806,MLP|Focal Loss
44,12,915,0.026881670579314232,MLP|Focal Loss
44,13,916,0.03390413895249367,MLP|Focal Loss
44,14,917,0.026628121733665466,MLP|Focal Loss
44,15,918,0.034329719841480255,MLP|Focal Loss
44,16,919,0.03724346309900284,MLP|Focal Loss
44,17,920,0.031963251531124115,MLP|Focal Loss
44,18,921,0.03315717354416847,MLP|Focal Loss
44,19,922,0.04200888052582741,MLP|Focal Loss
44,20,923,0.02956140786409378,MLP|Focal Loss
44,21,924,0.051284059882164,MLP|Focal Loss
45,1,925,0.02125832997262478,MLP|Focal Loss
45,2,926,0.04134467989206314,MLP|Focal Loss
45,3,927,0.03075682930648327,MLP|Focal Loss
45,4,928,0.03201514855027199,MLP|Focal Loss
45,5,929,0.03309603035449982,MLP|Focal Loss
45,6,930,0.035109832882881165,MLP|Focal Loss
45,7,931,0.036303456872701645,MLP|Focal Loss
45,8,932,0.03129953518509865,MLP|Focal Loss
45,9,933,0.033028196543455124,MLP|Focal Loss
45,10,934,0.041288092732429504,MLP|Focal Loss
45,11,935,0.036331482231616974,MLP|Focal Loss
45,12,936,0.03394094854593277,MLP|Focal Loss
45,13,937,0.0220600888133049,MLP|Focal Loss
45,14,938,0.037292495369911194,MLP|Focal Loss
45,15,939,0.03277532011270523,MLP|Focal Loss
45,16,940,0.02584315650165081,MLP|Focal Loss
45,17,941,0.03681427985429764,MLP|Focal Loss
45,18,942,0.02605709247291088,MLP|Focal Loss
45,19,943,0.03531033918261528,MLP|Focal Loss
45,20,944,0.05564089119434357,MLP|Focal Loss
45,21,945,0.040258780121803284,MLP|Focal Loss
46,1,946,0.03649746999144554,MLP|Focal Loss
46,2,947,0.026692712679505348,MLP|Focal Loss
46,3,948,0.030326800420880318,MLP|Focal Loss
46,4,949,0.03347712755203247,MLP|Focal Loss
46,5,950,0.0357372872531414,MLP|Focal Loss
46,6,951,0.030836213380098343,MLP|Focal Loss
46,7,952,0.03719478100538254,MLP|Focal Loss
46,8,953,0.038244616240262985,MLP|Focal Loss
46,9,954,0.0341341570019722,MLP|Focal Loss
46,10,955,0.032286617904901505,MLP|Focal Loss
46,11,956,0.03520207107067108,MLP|Focal Loss
46,12,957,0.02748345397412777,MLP|Focal Loss
46,13,958,0.03012758493423462,MLP|Focal Loss
46,14,959,0.03596563637256622,MLP|Focal Loss
46,15,960,0.03650358319282532,MLP|Focal Loss
46,16,961,0.03880411386489868,MLP|Focal Loss
46,17,962,0.04202716052532196,MLP|Focal Loss
46,18,963,0.03011862188577652,MLP|Focal Loss
46,19,964,0.024124491959810257,MLP|Focal Loss
46,20,965,0.03914351761341095,MLP|Focal Loss
46,21,966,0.02990187518298626,MLP|Focal Loss
47,1,967,0.03078550100326538,MLP|Focal Loss
47,2,968,0.02533005364239216,MLP|Focal Loss
47,3,969,0.03236221522092819,MLP|Focal Loss
47,4,970,0.034926362335681915,MLP|Focal Loss
47,5,971,0.02641640603542328,MLP|Focal Loss
47,6,972,0.029622647911310196,MLP|Focal Loss
47,7,973,0.028093650937080383,MLP|Focal Loss
47,8,974,0.03965121507644653,MLP|Focal Loss
47,9,975,0.039946068078279495,MLP|Focal Loss
47,10,976,0.03032856248319149,MLP|Focal Loss
47,11,977,0.031280528753995895,MLP|Focal Loss
47,12,978,0.02873929962515831,MLP|Focal Loss
47,13,979,0.02795742079615593,MLP|Focal Loss
47,14,980,0.042652685195207596,MLP|Focal Loss
47,15,981,0.029895629733800888,MLP|Focal Loss
47,16,982,0.02301216870546341,MLP|Focal Loss
47,17,983,0.036862052977085114,MLP|Focal Loss
47,18,984,0.043506357818841934,MLP|Focal Loss
47,19,985,0.03846399486064911,MLP|Focal Loss
47,20,986,0.02314482443034649,MLP|Focal Loss
47,21,987,0.0279722698032856,MLP|Focal Loss
48,1,988,0.041151128709316254,MLP|Focal Loss
48,2,989,0.033114537596702576,MLP|Focal Loss
48,3,990,0.03210308402776718,MLP|Focal Loss
48,4,991,0.032752811908721924,MLP|Focal Loss
48,5,992,0.03588014468550682,MLP|Focal Loss
48,6,993,0.03004571795463562,MLP|Focal Loss
48,7,994,0.037339989095926285,MLP|Focal Loss
48,8,995,0.02278868854045868,MLP|Focal Loss
48,9,996,0.025940950959920883,MLP|Focal Loss
48,10,997,0.03531738370656967,MLP|Focal Loss
48,11,998,0.0306157935410738,MLP|Focal Loss
48,12,999,0.0467844158411026,MLP|Focal Loss
48,13,1000,0.03143107518553734,MLP|Focal Loss
48,14,1001,0.03964325413107872,MLP|Focal Loss
48,15,1002,0.02802479825913906,MLP|Focal Loss
48,16,1003,0.03074711188673973,MLP|Focal Loss
48,17,1004,0.02786925807595253,MLP|Focal Loss
48,18,1005,0.0342445895075798,MLP|Focal Loss
48,19,1006,0.028980599716305733,MLP|Focal Loss
48,20,1007,0.024943040683865547,MLP|Focal Loss
48,21,1008,0.03017980232834816,MLP|Focal Loss
49,1,1009,0.036543771624565125,MLP|Focal Loss
49,2,1010,0.027794646099209785,MLP|Focal Loss
49,3,1011,0.02606736123561859,MLP|Focal Loss
49,4,1012,0.027449391782283783,MLP|Focal Loss
49,5,1013,0.03257572650909424,MLP|Focal Loss
49,6,1014,0.04516212269663811,MLP|Focal Loss
49,7,1015,0.024071235209703445,MLP|Focal Loss
49,8,1016,0.031037991866469383,MLP|Focal Loss
49,9,1017,0.02833208441734314,MLP|Focal Loss
49,10,1018,0.03173872083425522,MLP|Focal Loss
49,11,1019,0.038523271679878235,MLP|Focal Loss
49,12,1020,0.029517248272895813,MLP|Focal Loss
49,13,1021,0.026562001556158066,MLP|Focal Loss
49,14,1022,0.0378945916891098,MLP|Focal Loss
49,15,1023,0.03446262702345848,MLP|Focal Loss
49,16,1024,0.023447364568710327,MLP|Focal Loss
49,17,1025,0.03192140907049179,MLP|Focal Loss
49,18,1026,0.03886740654706955,MLP|Focal Loss
49,19,1027,0.028468603268265724,MLP|Focal Loss
49,20,1028,0.033473577350378036,MLP|Focal Loss
49,21,1029,0.028540948405861855,MLP|Focal Loss
50,1,1030,0.025138527154922485,MLP|Focal Loss
50,2,1031,0.03814267739653587,MLP|Focal Loss
50,3,1032,0.04468616843223572,MLP|Focal Loss
50,4,1033,0.03489086031913757,MLP|Focal Loss
50,5,1034,0.034694887697696686,MLP|Focal Loss
50,6,1035,0.030985813587903976,MLP|Focal Loss
50,7,1036,0.03587767481803894,MLP|Focal Loss
50,8,1037,0.029475733637809753,MLP|Focal Loss
50,9,1038,0.02251375839114189,MLP|Focal Loss
50,10,1039,0.034955184906721115,MLP|Focal Loss
50,11,1040,0.03368150815367699,MLP|Focal Loss
50,12,1041,0.028641149401664734,MLP|Focal Loss
50,13,1042,0.03450111299753189,MLP|Focal Loss
50,14,1043,0.03181188553571701,MLP|Focal Loss
50,15,1044,0.03116576001048088,MLP|Focal Loss
50,16,1045,0.030481446534395218,MLP|Focal Loss
50,17,1046,0.04946737736463547,MLP|Focal Loss
50,18,1047,0.029267780482769012,MLP|Focal Loss
50,19,1048,0.038158781826496124,MLP|Focal Loss
50,20,1049,0.0313134603202343,MLP|Focal Loss
50,21,1050,0.04095404967665672,MLP|Focal Loss
51,1,1051,0.025902017951011658,MLP|Focal Loss
51,2,1052,0.03258783742785454,MLP|Focal Loss
51,3,1053,0.028428731486201286,MLP|Focal Loss
51,4,1054,0.030658282339572906,MLP|Focal Loss
51,5,1055,0.03297289088368416,MLP|Focal Loss
51,6,1056,0.0357227697968483,MLP|Focal Loss
51,7,1057,0.04288502037525177,MLP|Focal Loss
51,8,1058,0.037997759878635406,MLP|Focal Loss
51,9,1059,0.026595165953040123,MLP|Focal Loss
51,10,1060,0.02897799015045166,MLP|Focal Loss
51,11,1061,0.030947687104344368,MLP|Focal Loss
51,12,1062,0.027624916285276413,MLP|Focal Loss
51,13,1063,0.02547435089945793,MLP|Focal Loss
51,14,1064,0.031592752784490585,MLP|Focal Loss
51,15,1065,0.037157028913497925,MLP|Focal Loss
51,16,1066,0.041854534298181534,MLP|Focal Loss
51,17,1067,0.03242431581020355,MLP|Focal Loss
51,18,1068,0.02513607032597065,MLP|Focal Loss
51,19,1069,0.02784077823162079,MLP|Focal Loss
51,20,1070,0.032143499702215195,MLP|Focal Loss
51,21,1071,0.01938331127166748,MLP|Focal Loss
52,1,1072,0.028520138934254646,MLP|Focal Loss
52,2,1073,0.026286408305168152,MLP|Focal Loss
52,3,1074,0.022091852501034737,MLP|Focal Loss
52,4,1075,0.02905254252254963,MLP|Focal Loss
52,5,1076,0.03149562329053879,MLP|Focal Loss
52,6,1077,0.03660743683576584,MLP|Focal Loss
52,7,1078,0.026983823627233505,MLP|Focal Loss
52,8,1079,0.039338789880275726,MLP|Focal Loss
52,9,1080,0.040608398616313934,MLP|Focal Loss
52,10,1081,0.032587263733148575,MLP|Focal Loss
52,11,1082,0.03494986519217491,MLP|Focal Loss
52,12,1083,0.03562583774328232,MLP|Focal Loss
52,13,1084,0.031461913138628006,MLP|Focal Loss
52,14,1085,0.029979020357131958,MLP|Focal Loss
52,15,1086,0.035663947463035583,MLP|Focal Loss
52,16,1087,0.025139620527625084,MLP|Focal Loss
52,17,1088,0.04420871660113335,MLP|Focal Loss
52,18,1089,0.02841108851134777,MLP|Focal Loss
52,19,1090,0.0351518876850605,MLP|Focal Loss
52,20,1091,0.03393669053912163,MLP|Focal Loss
52,21,1092,0.034632544964551926,MLP|Focal Loss
53,1,1093,0.035432036966085434,MLP|Focal Loss
53,2,1094,0.02952796034514904,MLP|Focal Loss
53,3,1095,0.028117509558796883,MLP|Focal Loss
53,4,1096,0.025276385247707367,MLP|Focal Loss
53,5,1097,0.03186170384287834,MLP|Focal Loss
53,6,1098,0.046956874430179596,MLP|Focal Loss
53,7,1099,0.02372010238468647,MLP|Focal Loss
53,8,1100,0.03165510296821594,MLP|Focal Loss
53,9,1101,0.028227197006344795,MLP|Focal Loss
53,10,1102,0.024293214082717896,MLP|Focal Loss
53,11,1103,0.02894595079123974,MLP|Focal Loss
53,12,1104,0.03398256003856659,MLP|Focal Loss
53,13,1105,0.03280142322182655,MLP|Focal Loss
53,14,1106,0.03431156650185585,MLP|Focal Loss
53,15,1107,0.03358684107661247,MLP|Focal Loss
53,16,1108,0.03166336566209793,MLP|Focal Loss
53,17,1109,0.03668450564146042,MLP|Focal Loss
53,18,1110,0.0350809320807457,MLP|Focal Loss
53,19,1111,0.0305484551936388,MLP|Focal Loss
53,20,1112,0.04992144554853439,MLP|Focal Loss
53,21,1113,0.04476003721356392,MLP|Focal Loss
54,1,1114,0.02998689003288746,MLP|Focal Loss
54,2,1115,0.03027612715959549,MLP|Focal Loss
54,3,1116,0.03825423866510391,MLP|Focal Loss
54,4,1117,0.04008974879980087,MLP|Focal Loss
54,5,1118,0.031165946274995804,MLP|Focal Loss
54,6,1119,0.03422451764345169,MLP|Focal Loss
54,7,1120,0.029455721378326416,MLP|Focal Loss
54,8,1121,0.033175140619277954,MLP|Focal Loss
54,9,1122,0.025918764993548393,MLP|Focal Loss
54,10,1123,0.048990197479724884,MLP|Focal Loss
54,11,1124,0.04050299525260925,MLP|Focal Loss
54,12,1125,0.02666488289833069,MLP|Focal Loss
54,13,1126,0.032124511897563934,MLP|Focal Loss
54,14,1127,0.031023584306240082,MLP|Focal Loss
54,15,1128,0.03593254089355469,MLP|Focal Loss
54,16,1129,0.03303129971027374,MLP|Focal Loss
54,17,1130,0.024212725460529327,MLP|Focal Loss
54,18,1131,0.028042903169989586,MLP|Focal Loss
54,19,1132,0.03164462372660637,MLP|Focal Loss
54,20,1133,0.02793576754629612,MLP|Focal Loss
54,21,1134,0.015122324228286743,MLP|Focal Loss
55,1,1135,0.027057595551013947,MLP|Focal Loss
55,2,1136,0.03215368464589119,MLP|Focal Loss
55,3,1137,0.02980576641857624,MLP|Focal Loss
55,4,1138,0.03704862296581268,MLP|Focal Loss
55,5,1139,0.02697889134287834,MLP|Focal Loss
55,6,1140,0.030654409900307655,MLP|Focal Loss
55,7,1141,0.04106587916612625,MLP|Focal Loss
55,8,1142,0.03053109347820282,MLP|Focal Loss
55,9,1143,0.042571570724248886,MLP|Focal Loss
55,10,1144,0.026508331298828125,MLP|Focal Loss
55,11,1145,0.030494224280118942,MLP|Focal Loss
55,12,1146,0.033113013952970505,MLP|Focal Loss
55,13,1147,0.03013618290424347,MLP|Focal Loss
55,14,1148,0.03288864716887474,MLP|Focal Loss
55,15,1149,0.03516335040330887,MLP|Focal Loss
55,16,1150,0.03633216395974159,MLP|Focal Loss
55,17,1151,0.02369457297027111,MLP|Focal Loss
55,18,1152,0.03783141449093819,MLP|Focal Loss
55,19,1153,0.02501819096505642,MLP|Focal Loss
55,20,1154,0.03517098352313042,MLP|Focal Loss
55,21,1155,0.014745625667273998,MLP|Focal Loss
56,1,1156,0.018275514245033264,MLP|Focal Loss
56,2,1157,0.029461825266480446,MLP|Focal Loss
56,3,1158,0.03888055682182312,MLP|Focal Loss
56,4,1159,0.024397267028689384,MLP|Focal Loss
56,5,1160,0.03201878070831299,MLP|Focal Loss
56,6,1161,0.02123289555311203,MLP|Focal Loss
56,7,1162,0.034433022141456604,MLP|Focal Loss
56,8,1163,0.03398285061120987,MLP|Focal Loss
56,9,1164,0.030560320243239403,MLP|Focal Loss
56,10,1165,0.032780807465314865,MLP|Focal Loss
56,11,1166,0.03791689872741699,MLP|Focal Loss
56,12,1167,0.026725588366389275,MLP|Focal Loss
56,13,1168,0.02846052497625351,MLP|Focal Loss
56,14,1169,0.039828941226005554,MLP|Focal Loss
56,15,1170,0.03732192516326904,MLP|Focal Loss
56,16,1171,0.035743433982133865,MLP|Focal Loss
56,17,1172,0.032905858010053635,MLP|Focal Loss
56,18,1173,0.033670227974653244,MLP|Focal Loss
56,19,1174,0.034824736416339874,MLP|Focal Loss
56,20,1175,0.03551895543932915,MLP|Focal Loss
56,21,1176,0.03387564793229103,MLP|Focal Loss
57,1,1177,0.02891596220433712,MLP|Focal Loss
57,2,1178,0.029953740537166595,MLP|Focal Loss
57,3,1179,0.03399886563420296,MLP|Focal Loss
57,4,1180,0.034286417067050934,MLP|Focal Loss
57,5,1181,0.021743901073932648,MLP|Focal Loss
57,6,1182,0.03475359454751015,MLP|Focal Loss
57,7,1183,0.03205721825361252,MLP|Focal Loss
57,8,1184,0.03737714886665344,MLP|Focal Loss
57,9,1185,0.03730764240026474,MLP|Focal Loss
57,10,1186,0.023991016671061516,MLP|Focal Loss
57,11,1187,0.03623924031853676,MLP|Focal Loss
57,12,1188,0.02986898273229599,MLP|Focal Loss
57,13,1189,0.028575191274285316,MLP|Focal Loss
57,14,1190,0.034211624413728714,MLP|Focal Loss
57,15,1191,0.020030096173286438,MLP|Focal Loss
57,16,1192,0.03345895931124687,MLP|Focal Loss
57,17,1193,0.02579409070312977,MLP|Focal Loss
57,18,1194,0.029464129358530045,MLP|Focal Loss
57,19,1195,0.03228108212351799,MLP|Focal Loss
57,20,1196,0.027045149356126785,MLP|Focal Loss
57,21,1197,0.03846873342990875,MLP|Focal Loss
58,1,1198,0.031255606561899185,MLP|Focal Loss
58,2,1199,0.041548337787389755,MLP|Focal Loss
58,3,1200,0.03144705295562744,MLP|Focal Loss
58,4,1201,0.026158278807997704,MLP|Focal Loss
58,5,1202,0.024956947192549706,MLP|Focal Loss
58,6,1203,0.03499606251716614,MLP|Focal Loss
58,7,1204,0.0266412440687418,MLP|Focal Loss
58,8,1205,0.033478524535894394,MLP|Focal Loss
58,9,1206,0.03274159878492355,MLP|Focal Loss
58,10,1207,0.04023744910955429,MLP|Focal Loss
58,11,1208,0.02931293286383152,MLP|Focal Loss
58,12,1209,0.03513161092996597,MLP|Focal Loss
58,13,1210,0.02378254570066929,MLP|Focal Loss
58,14,1211,0.02405998855829239,MLP|Focal Loss
58,15,1212,0.027574710547924042,MLP|Focal Loss
58,16,1213,0.03247208148241043,MLP|Focal Loss
58,17,1214,0.03767119348049164,MLP|Focal Loss
58,18,1215,0.028119612485170364,MLP|Focal Loss
58,19,1216,0.029393699020147324,MLP|Focal Loss
58,20,1217,0.032575126737356186,MLP|Focal Loss
58,21,1218,0.01267725508660078,MLP|Focal Loss
59,1,1219,0.027997829020023346,MLP|Focal Loss
59,2,1220,0.023107308894395828,MLP|Focal Loss
59,3,1221,0.03274977207183838,MLP|Focal Loss
59,4,1222,0.04333649203181267,MLP|Focal Loss
59,5,1223,0.040765948593616486,MLP|Focal Loss
59,6,1224,0.02968677505850792,MLP|Focal Loss
59,7,1225,0.03253105282783508,MLP|Focal Loss
59,8,1226,0.02751496434211731,MLP|Focal Loss
59,9,1227,0.02494683675467968,MLP|Focal Loss
59,10,1228,0.03448055684566498,MLP|Focal Loss
59,11,1229,0.0381646528840065,MLP|Focal Loss
59,12,1230,0.02618781290948391,MLP|Focal Loss
59,13,1231,0.03849063813686371,MLP|Focal Loss
59,14,1232,0.03039831668138504,MLP|Focal Loss
59,15,1233,0.03754907473921776,MLP|Focal Loss
59,16,1234,0.02746470831334591,MLP|Focal Loss
59,17,1235,0.03176579251885414,MLP|Focal Loss
59,18,1236,0.03546646237373352,MLP|Focal Loss
59,19,1237,0.027192993089556694,MLP|Focal Loss
59,20,1238,0.03214394301176071,MLP|Focal Loss
59,21,1239,0.01974036544561386,MLP|Focal Loss
60,1,1240,0.02610987424850464,MLP|Focal Loss
60,2,1241,0.027011040598154068,MLP|Focal Loss
60,3,1242,0.03399902582168579,MLP|Focal Loss
60,4,1243,0.027066268026828766,MLP|Focal Loss
60,5,1244,0.04460597783327103,MLP|Focal Loss
60,6,1245,0.029123365879058838,MLP|Focal Loss
60,7,1246,0.037759698927402496,MLP|Focal Loss
60,8,1247,0.0250246562063694,MLP|Focal Loss
60,9,1248,0.028144290670752525,MLP|Focal Loss
60,10,1249,0.028213514015078545,MLP|Focal Loss
60,11,1250,0.021330876275897026,MLP|Focal Loss
60,12,1251,0.03033217415213585,MLP|Focal Loss
60,13,1252,0.03032270446419716,MLP|Focal Loss
60,14,1253,0.04629568010568619,MLP|Focal Loss
60,15,1254,0.034524139016866684,MLP|Focal Loss
60,16,1255,0.03491748869419098,MLP|Focal Loss
60,17,1256,0.030040210112929344,MLP|Focal Loss
60,18,1257,0.03147992491722107,MLP|Focal Loss
60,19,1258,0.02150854654610157,MLP|Focal Loss
60,20,1259,0.024094054475426674,MLP|Focal Loss
60,21,1260,0.0250739473849535,MLP|Focal Loss
61,1,1261,0.035126183182001114,MLP|Focal Loss
61,2,1262,0.02676582895219326,MLP|Focal Loss
61,3,1263,0.027873875573277473,MLP|Focal Loss
61,4,1264,0.027572263032197952,MLP|Focal Loss
61,5,1265,0.03206769376993179,MLP|Focal Loss
61,6,1266,0.02930276468396187,MLP|Focal Loss
61,7,1267,0.041142404079437256,MLP|Focal Loss
61,8,1268,0.033699944615364075,MLP|Focal Loss
61,9,1269,0.03977063670754433,MLP|Focal Loss
61,10,1270,0.028044212609529495,MLP|Focal Loss
61,11,1271,0.03110315091907978,MLP|Focal Loss
61,12,1272,0.026919085532426834,MLP|Focal Loss
61,13,1273,0.026186641305685043,MLP|Focal Loss
61,14,1274,0.03936351463198662,MLP|Focal Loss
61,15,1275,0.02416466921567917,MLP|Focal Loss
61,16,1276,0.030800066888332367,MLP|Focal Loss
61,17,1277,0.028861109167337418,MLP|Focal Loss
61,18,1278,0.026119163259863853,MLP|Focal Loss
61,19,1279,0.03877375274896622,MLP|Focal Loss
61,20,1280,0.03449936956167221,MLP|Focal Loss
61,21,1281,0.021891018375754356,MLP|Focal Loss
62,1,1282,0.027064528316259384,MLP|Focal Loss
62,2,1283,0.025995619595050812,MLP|Focal Loss
62,3,1284,0.03098265454173088,MLP|Focal Loss
62,4,1285,0.03632957115769386,MLP|Focal Loss
62,5,1286,0.035305123776197433,MLP|Focal Loss
62,6,1287,0.030156150460243225,MLP|Focal Loss
62,7,1288,0.02475118823349476,MLP|Focal Loss
62,8,1289,0.028112787753343582,MLP|Focal Loss
62,9,1290,0.05000452697277069,MLP|Focal Loss
62,10,1291,0.031338803470134735,MLP|Focal Loss
62,11,1292,0.025211282074451447,MLP|Focal Loss
62,12,1293,0.030016561970114708,MLP|Focal Loss
62,13,1294,0.02314576506614685,MLP|Focal Loss
62,14,1295,0.029796084389090538,MLP|Focal Loss
62,15,1296,0.027167197316884995,MLP|Focal Loss
62,16,1297,0.023939751088619232,MLP|Focal Loss
62,17,1298,0.023917369544506073,MLP|Focal Loss
62,18,1299,0.028492644429206848,MLP|Focal Loss
62,19,1300,0.0322655588388443,MLP|Focal Loss
62,20,1301,0.029994823038578033,MLP|Focal Loss
62,21,1302,0.032186172902584076,MLP|Focal Loss
63,1,1303,0.01929016411304474,MLP|Focal Loss
63,2,1304,0.025746682658791542,MLP|Focal Loss
63,3,1305,0.032325826585292816,MLP|Focal Loss
63,4,1306,0.028625544160604477,MLP|Focal Loss
63,5,1307,0.041338786482810974,MLP|Focal Loss
63,6,1308,0.04444462060928345,MLP|Focal Loss
63,7,1309,0.04287947714328766,MLP|Focal Loss
63,8,1310,0.04181210696697235,MLP|Focal Loss
63,9,1311,0.021305080503225327,MLP|Focal Loss
63,10,1312,0.025045238435268402,MLP|Focal Loss
63,11,1313,0.025758685544133186,MLP|Focal Loss
63,12,1314,0.029387464746832848,MLP|Focal Loss
63,13,1315,0.03603430837392807,MLP|Focal Loss
63,14,1316,0.030266089364886284,MLP|Focal Loss
63,15,1317,0.037200771272182465,MLP|Focal Loss
63,16,1318,0.031069235876202583,MLP|Focal Loss
63,17,1319,0.029397863894701004,MLP|Focal Loss
63,18,1320,0.019144635647535324,MLP|Focal Loss
63,19,1321,0.02770904451608658,MLP|Focal Loss
63,20,1322,0.03343464061617851,MLP|Focal Loss
63,21,1323,0.01914365403354168,MLP|Focal Loss
64,1,1324,0.029190029948949814,MLP|Focal Loss
64,2,1325,0.021200845018029213,MLP|Focal Loss
64,3,1326,0.03412141650915146,MLP|Focal Loss
64,4,1327,0.03252904489636421,MLP|Focal Loss
64,5,1328,0.019149187952280045,MLP|Focal Loss
64,6,1329,0.02335500530898571,MLP|Focal Loss
64,7,1330,0.021347617730498314,MLP|Focal Loss
64,8,1331,0.031205996870994568,MLP|Focal Loss
64,9,1332,0.022464526817202568,MLP|Focal Loss
64,10,1333,0.03114273026585579,MLP|Focal Loss
64,11,1334,0.03758294880390167,MLP|Focal Loss
64,12,1335,0.04955387860536575,MLP|Focal Loss
64,13,1336,0.032430555671453476,MLP|Focal Loss
64,14,1337,0.043268099427223206,MLP|Focal Loss
64,15,1338,0.02880430966615677,MLP|Focal Loss
64,16,1339,0.022310886532068253,MLP|Focal Loss
64,17,1340,0.03291942551732063,MLP|Focal Loss
64,18,1341,0.023605970665812492,MLP|Focal Loss
64,19,1342,0.03805030882358551,MLP|Focal Loss
64,20,1343,0.02553040161728859,MLP|Focal Loss
64,21,1344,0.043736282736063004,MLP|Focal Loss
65,1,1345,0.031936027109622955,MLP|Focal Loss
65,2,1346,0.03468281403183937,MLP|Focal Loss
65,3,1347,0.026718974113464355,MLP|Focal Loss
65,4,1348,0.033434439450502396,MLP|Focal Loss
65,5,1349,0.031018149107694626,MLP|Focal Loss
65,6,1350,0.026240674778819084,MLP|Focal Loss
65,7,1351,0.026523731648921967,MLP|Focal Loss
65,8,1352,0.03480176627635956,MLP|Focal Loss
65,9,1353,0.03580879420042038,MLP|Focal Loss
65,10,1354,0.02571842446923256,MLP|Focal Loss
65,11,1355,0.039778921753168106,MLP|Focal Loss
65,12,1356,0.02432764694094658,MLP|Focal Loss
65,13,1357,0.033704280853271484,MLP|Focal Loss
65,14,1358,0.03418828919529915,MLP|Focal Loss
65,15,1359,0.01887582242488861,MLP|Focal Loss
65,16,1360,0.027914194390177727,MLP|Focal Loss
65,17,1361,0.026181628927588463,MLP|Focal Loss
65,18,1362,0.032361969351768494,MLP|Focal Loss
65,19,1363,0.02515292912721634,MLP|Focal Loss
65,20,1364,0.03605100139975548,MLP|Focal Loss
65,21,1365,0.02537260204553604,MLP|Focal Loss
66,1,1366,0.029834872111678123,MLP|Focal Loss
66,2,1367,0.029782943427562714,MLP|Focal Loss
66,3,1368,0.03153761103749275,MLP|Focal Loss
66,4,1369,0.0264896173030138,MLP|Focal Loss
66,5,1370,0.034603312611579895,MLP|Focal Loss
66,6,1371,0.031251147389411926,MLP|Focal Loss
66,7,1372,0.032289545983076096,MLP|Focal Loss
66,8,1373,0.030172735452651978,MLP|Focal Loss
66,9,1374,0.03141019493341446,MLP|Focal Loss
66,10,1375,0.027744390070438385,MLP|Focal Loss
66,11,1376,0.019146431237459183,MLP|Focal Loss
66,12,1377,0.03210800141096115,MLP|Focal Loss
66,13,1378,0.03651507943868637,MLP|Focal Loss
66,14,1379,0.022051308304071426,MLP|Focal Loss
66,15,1380,0.02355007268488407,MLP|Focal Loss
66,16,1381,0.03255913779139519,MLP|Focal Loss
66,17,1382,0.035834264010190964,MLP|Focal Loss
66,18,1383,0.020842261612415314,MLP|Focal Loss
66,19,1384,0.02819732204079628,MLP|Focal Loss
66,20,1385,0.022434571757912636,MLP|Focal Loss
66,21,1386,0.022531483322381973,MLP|Focal Loss
67,1,1387,0.02746066451072693,MLP|Focal Loss
67,2,1388,0.021343570202589035,MLP|Focal Loss
67,3,1389,0.02511991187930107,MLP|Focal Loss
67,4,1390,0.033204056322574615,MLP|Focal Loss
67,5,1391,0.028526414185762405,MLP|Focal Loss
67,6,1392,0.025263944640755653,MLP|Focal Loss
67,7,1393,0.04123497009277344,MLP|Focal Loss
67,8,1394,0.03460540622472763,MLP|Focal Loss
67,9,1395,0.030515199527144432,MLP|Focal Loss
67,10,1396,0.022246945649385452,MLP|Focal Loss
67,11,1397,0.02568409964442253,MLP|Focal Loss
67,12,1398,0.026350675150752068,MLP|Focal Loss
67,13,1399,0.029143227264285088,MLP|Focal Loss
67,14,1400,0.021594533696770668,MLP|Focal Loss
67,15,1401,0.029551390558481216,MLP|Focal Loss
67,16,1402,0.03117740899324417,MLP|Focal Loss
67,17,1403,0.024554438889026642,MLP|Focal Loss
67,18,1404,0.03829745575785637,MLP|Focal Loss
67,19,1405,0.030955612659454346,MLP|Focal Loss
67,20,1406,0.022357240319252014,MLP|Focal Loss
67,21,1407,0.019297055900096893,MLP|Focal Loss
68,1,1408,0.032163459807634354,MLP|Focal Loss
68,2,1409,0.02126818150281906,MLP|Focal Loss
68,3,1410,0.025443408638238907,MLP|Focal Loss
68,4,1411,0.026614781469106674,MLP|Focal Loss
68,5,1412,0.024853505194187164,MLP|Focal Loss
68,6,1413,0.020786743611097336,MLP|Focal Loss
68,7,1414,0.03411592170596123,MLP|Focal Loss
68,8,1415,0.02550031617283821,MLP|Focal Loss
68,9,1416,0.05138545483350754,MLP|Focal Loss
68,10,1417,0.028289958834648132,MLP|Focal Loss
68,11,1418,0.029370693489909172,MLP|Focal Loss
68,12,1419,0.03631017357110977,MLP|Focal Loss
68,13,1420,0.02892913855612278,MLP|Focal Loss
68,14,1421,0.03403940424323082,MLP|Focal Loss
68,15,1422,0.025673797354102135,MLP|Focal Loss
68,16,1423,0.03059825859963894,MLP|Focal Loss
68,17,1424,0.02850041352212429,MLP|Focal Loss
68,18,1425,0.022199247032403946,MLP|Focal Loss
68,19,1426,0.03458095341920853,MLP|Focal Loss
68,20,1427,0.03003871627151966,MLP|Focal Loss
68,21,1428,0.026801804080605507,MLP|Focal Loss
69,1,1429,0.034528698772192,MLP|Focal Loss
69,2,1430,0.027401970699429512,MLP|Focal Loss
69,3,1431,0.029062660411000252,MLP|Focal Loss
69,4,1432,0.031758371740579605,MLP|Focal Loss
69,5,1433,0.02570350468158722,MLP|Focal Loss
69,6,1434,0.035459693521261215,MLP|Focal Loss
69,7,1435,0.03673428297042847,MLP|Focal Loss
69,8,1436,0.030563360080122948,MLP|Focal Loss
69,9,1437,0.02806956321001053,MLP|Focal Loss
69,10,1438,0.03568626940250397,MLP|Focal Loss
69,11,1439,0.024014757946133614,MLP|Focal Loss
69,12,1440,0.02189956232905388,MLP|Focal Loss
69,13,1441,0.0243245717138052,MLP|Focal Loss
69,14,1442,0.03461284935474396,MLP|Focal Loss
69,15,1443,0.03764587640762329,MLP|Focal Loss
69,16,1444,0.029680795967578888,MLP|Focal Loss
69,17,1445,0.034564998000860214,MLP|Focal Loss
69,18,1446,0.020716339349746704,MLP|Focal Loss
69,19,1447,0.028375130146741867,MLP|Focal Loss
69,20,1448,0.01709127239882946,MLP|Focal Loss
69,21,1449,0.01961589604616165,MLP|Focal Loss
70,1,1450,0.03418886661529541,MLP|Focal Loss
70,2,1451,0.02689404971897602,MLP|Focal Loss
70,3,1452,0.023089846596121788,MLP|Focal Loss
70,4,1453,0.021621618419885635,MLP|Focal Loss
70,5,1454,0.02225024625658989,MLP|Focal Loss
70,6,1455,0.03435409441590309,MLP|Focal Loss
70,7,1456,0.02531208097934723,MLP|Focal Loss
70,8,1457,0.029038209468126297,MLP|Focal Loss
70,9,1458,0.01609959453344345,MLP|Focal Loss
70,10,1459,0.028472088277339935,MLP|Focal Loss
70,11,1460,0.01928846910595894,MLP|Focal Loss
70,12,1461,0.020878706127405167,MLP|Focal Loss
70,13,1462,0.035719044506549835,MLP|Focal Loss
70,14,1463,0.03123188018798828,MLP|Focal Loss
70,15,1464,0.03441331535577774,MLP|Focal Loss
70,16,1465,0.040709368884563446,MLP|Focal Loss
70,17,1466,0.036637984216213226,MLP|Focal Loss
70,18,1467,0.02422128990292549,MLP|Focal Loss
70,19,1468,0.026332281529903412,MLP|Focal Loss
70,20,1469,0.02795555628836155,MLP|Focal Loss
70,21,1470,0.03111799620091915,MLP|Focal Loss
71,1,1471,0.04075359180569649,MLP|Focal Loss
71,2,1472,0.031973809003829956,MLP|Focal Loss
71,3,1473,0.026113027706742287,MLP|Focal Loss
71,4,1474,0.02182033844292164,MLP|Focal Loss
71,5,1475,0.027253584936261177,MLP|Focal Loss
71,6,1476,0.028935395181179047,MLP|Focal Loss
71,7,1477,0.02347947284579277,MLP|Focal Loss
71,8,1478,0.02980300411581993,MLP|Focal Loss
71,9,1479,0.022739877924323082,MLP|Focal Loss
71,10,1480,0.03185449168086052,MLP|Focal Loss
71,11,1481,0.030344191938638687,MLP|Focal Loss
71,12,1482,0.023248039186000824,MLP|Focal Loss
71,13,1483,0.025602323934435844,MLP|Focal Loss
71,14,1484,0.028040552511811256,MLP|Focal Loss
71,15,1485,0.024070903658866882,MLP|Focal Loss
71,16,1486,0.029827451333403587,MLP|Focal Loss
71,17,1487,0.02520427294075489,MLP|Focal Loss
71,18,1488,0.025057271122932434,MLP|Focal Loss
71,19,1489,0.033957384526729584,MLP|Focal Loss
71,20,1490,0.03425091877579689,MLP|Focal Loss
71,21,1491,0.029992422088980675,MLP|Focal Loss
72,1,1492,0.030164115130901337,MLP|Focal Loss
72,2,1493,0.03291087970137596,MLP|Focal Loss
72,3,1494,0.028626278042793274,MLP|Focal Loss
72,4,1495,0.02947596274316311,MLP|Focal Loss
72,5,1496,0.025247618556022644,MLP|Focal Loss
72,6,1497,0.027592182159423828,MLP|Focal Loss
72,7,1498,0.02901080623269081,MLP|Focal Loss
72,8,1499,0.02820512279868126,MLP|Focal Loss
72,9,1500,0.020382214337587357,MLP|Focal Loss
72,10,1501,0.028572019189596176,MLP|Focal Loss
72,11,1502,0.02837894670665264,MLP|Focal Loss
72,12,1503,0.0384734645485878,MLP|Focal Loss
72,13,1504,0.030940765514969826,MLP|Focal Loss
72,14,1505,0.022977331653237343,MLP|Focal Loss
72,15,1506,0.028142934665083885,MLP|Focal Loss
72,16,1507,0.02759929746389389,MLP|Focal Loss
72,17,1508,0.03170068562030792,MLP|Focal Loss
72,18,1509,0.022110208868980408,MLP|Focal Loss
72,19,1510,0.029751794412732124,MLP|Focal Loss
72,20,1511,0.03500436246395111,MLP|Focal Loss
72,21,1512,0.02469182014465332,MLP|Focal Loss
73,1,1513,0.02917732670903206,MLP|Focal Loss
73,2,1514,0.020966999232769012,MLP|Focal Loss
73,3,1515,0.02769904024899006,MLP|Focal Loss
73,4,1516,0.025097504258155823,MLP|Focal Loss
73,5,1517,0.018382253125309944,MLP|Focal Loss
73,6,1518,0.02110344171524048,MLP|Focal Loss
73,7,1519,0.040208566933870316,MLP|Focal Loss
73,8,1520,0.030000930652022362,MLP|Focal Loss
73,9,1521,0.026688840240240097,MLP|Focal Loss
73,10,1522,0.033811964094638824,MLP|Focal Loss
73,11,1523,0.02203197404742241,MLP|Focal Loss
73,12,1524,0.03759228065609932,MLP|Focal Loss
73,13,1525,0.0352911651134491,MLP|Focal Loss
73,14,1526,0.033715929836034775,MLP|Focal Loss
73,15,1527,0.021547187119722366,MLP|Focal Loss
73,16,1528,0.04248471558094025,MLP|Focal Loss
73,17,1529,0.02620137482881546,MLP|Focal Loss
73,18,1530,0.0233647208660841,MLP|Focal Loss
73,19,1531,0.04178700968623161,MLP|Focal Loss
73,20,1532,0.0279026348143816,MLP|Focal Loss
73,21,1533,0.02681768126785755,MLP|Focal Loss
74,1,1534,0.03052973560988903,MLP|Focal Loss
74,2,1535,0.03261209651827812,MLP|Focal Loss
74,3,1536,0.03199661895632744,MLP|Focal Loss
74,4,1537,0.026296883821487427,MLP|Focal Loss
74,5,1538,0.024506453424692154,MLP|Focal Loss
74,6,1539,0.020977191627025604,MLP|Focal Loss
74,7,1540,0.03229880705475807,MLP|Focal Loss
74,8,1541,0.02804979681968689,MLP|Focal Loss
74,9,1542,0.017829788848757744,MLP|Focal Loss
74,10,1543,0.0342850536108017,MLP|Focal Loss
74,11,1544,0.021164489910006523,MLP|Focal Loss
74,12,1545,0.03342018276453018,MLP|Focal Loss
74,13,1546,0.031211262568831444,MLP|Focal Loss
74,14,1547,0.034367140382528305,MLP|Focal Loss
74,15,1548,0.022403676062822342,MLP|Focal Loss
74,16,1549,0.049430157989263535,MLP|Focal Loss
74,17,1550,0.029719894751906395,MLP|Focal Loss
74,18,1551,0.022808607667684555,MLP|Focal Loss
74,19,1552,0.03645201027393341,MLP|Focal Loss
74,20,1553,0.026922550052404404,MLP|Focal Loss
74,21,1554,0.018966346979141235,MLP|Focal Loss
75,1,1555,0.027762865647673607,MLP|Focal Loss
75,2,1556,0.0332166850566864,MLP|Focal Loss
75,3,1557,0.030942074954509735,MLP|Focal Loss
75,4,1558,0.023426689207553864,MLP|Focal Loss
75,5,1559,0.029014917090535164,MLP|Focal Loss
75,6,1560,0.024998102337121964,MLP|Focal Loss
75,7,1561,0.022341378033161163,MLP|Focal Loss
75,8,1562,0.03916010633111,MLP|Focal Loss
75,9,1563,0.03277585655450821,MLP|Focal Loss
75,10,1564,0.03244096413254738,MLP|Focal Loss
75,11,1565,0.021537013351917267,MLP|Focal Loss
75,12,1566,0.03594006597995758,MLP|Focal Loss
75,13,1567,0.02568640187382698,MLP|Focal Loss
75,14,1568,0.026134055107831955,MLP|Focal Loss
75,15,1569,0.02691686525940895,MLP|Focal Loss
75,16,1570,0.03444711118936539,MLP|Focal Loss
75,17,1571,0.026684869080781937,MLP|Focal Loss
75,18,1572,0.024401361122727394,MLP|Focal Loss
75,19,1573,0.02896284870803356,MLP|Focal Loss
75,20,1574,0.03143889456987381,MLP|Focal Loss
75,21,1575,0.04390270262956619,MLP|Focal Loss
76,1,1576,0.02287614718079567,MLP|Focal Loss
76,2,1577,0.031984854489564896,MLP|Focal Loss
76,3,1578,0.027219051495194435,MLP|Focal Loss
76,4,1579,0.03252682462334633,MLP|Focal Loss
76,5,1580,0.023417344316840172,MLP|Focal Loss
76,6,1581,0.034770116209983826,MLP|Focal Loss
76,7,1582,0.03098725713789463,MLP|Focal Loss
76,8,1583,0.02620912715792656,MLP|Focal Loss
76,9,1584,0.025684760883450508,MLP|Focal Loss
76,10,1585,0.023892858996987343,MLP|Focal Loss
76,11,1586,0.03559010103344917,MLP|Focal Loss
76,12,1587,0.03872546926140785,MLP|Focal Loss
76,13,1588,0.03048894554376602,MLP|Focal Loss
76,14,1589,0.04481414332985878,MLP|Focal Loss
76,15,1590,0.023661501705646515,MLP|Focal Loss
76,16,1591,0.02820354327559471,MLP|Focal Loss
76,17,1592,0.020466411486268044,MLP|Focal Loss
76,18,1593,0.03529449179768562,MLP|Focal Loss
76,19,1594,0.02846960537135601,MLP|Focal Loss
76,20,1595,0.02860674262046814,MLP|Focal Loss
76,21,1596,0.05044114217162132,MLP|Focal Loss
77,1,1597,0.024989141151309013,MLP|Focal Loss
77,2,1598,0.029775332659482956,MLP|Focal Loss
77,3,1599,0.022140279412269592,MLP|Focal Loss
77,4,1600,0.027495574206113815,MLP|Focal Loss
77,5,1601,0.040692493319511414,MLP|Focal Loss
77,6,1602,0.04105386510491371,MLP|Focal Loss
77,7,1603,0.031680941581726074,MLP|Focal Loss
77,8,1604,0.01931825280189514,MLP|Focal Loss
77,9,1605,0.022479133680462837,MLP|Focal Loss
77,10,1606,0.029329407960176468,MLP|Focal Loss
77,11,1607,0.03895356133580208,MLP|Focal Loss
77,12,1608,0.027831364423036575,MLP|Focal Loss
77,13,1609,0.02529803477227688,MLP|Focal Loss
77,14,1610,0.023482732474803925,MLP|Focal Loss
77,15,1611,0.03032613918185234,MLP|Focal Loss
77,16,1612,0.028956251218914986,MLP|Focal Loss
77,17,1613,0.04874229058623314,MLP|Focal Loss
77,18,1614,0.02621234767138958,MLP|Focal Loss
77,19,1615,0.021120615303516388,MLP|Focal Loss
77,20,1616,0.03246970847249031,MLP|Focal Loss
77,21,1617,0.03432370349764824,MLP|Focal Loss
78,1,1618,0.02405550889670849,MLP|Focal Loss
78,2,1619,0.027503876015543938,MLP|Focal Loss
78,3,1620,0.032426588237285614,MLP|Focal Loss
78,4,1621,0.02484147623181343,MLP|Focal Loss
78,5,1622,0.02461986616253853,MLP|Focal Loss
78,6,1623,0.026724714785814285,MLP|Focal Loss
78,7,1624,0.01757492870092392,MLP|Focal Loss
78,8,1625,0.026024578139185905,MLP|Focal Loss
78,9,1626,0.025680821388959885,MLP|Focal Loss
78,10,1627,0.024148564785718918,MLP|Focal Loss
78,11,1628,0.024486269801855087,MLP|Focal Loss
78,12,1629,0.032155439257621765,MLP|Focal Loss
78,13,1630,0.02862374112010002,MLP|Focal Loss
78,14,1631,0.029845278710126877,MLP|Focal Loss
78,15,1632,0.02862616442143917,MLP|Focal Loss
78,16,1633,0.03189009055495262,MLP|Focal Loss
78,17,1634,0.023769870400428772,MLP|Focal Loss
78,18,1635,0.025506649166345596,MLP|Focal Loss
78,19,1636,0.023907838389277458,MLP|Focal Loss
78,20,1637,0.0222916342318058,MLP|Focal Loss
78,21,1638,0.051173508167266846,MLP|Focal Loss
79,1,1639,0.02406376227736473,MLP|Focal Loss
79,2,1640,0.03163991495966911,MLP|Focal Loss
79,3,1641,0.03304944187402725,MLP|Focal Loss
79,4,1642,0.02577434480190277,MLP|Focal Loss
79,5,1643,0.03624255955219269,MLP|Focal Loss
79,6,1644,0.03744979202747345,MLP|Focal Loss
79,7,1645,0.02766016684472561,MLP|Focal Loss
79,8,1646,0.02056344598531723,MLP|Focal Loss
79,9,1647,0.029192263260483742,MLP|Focal Loss
79,10,1648,0.025654491037130356,MLP|Focal Loss
79,11,1649,0.026653287932276726,MLP|Focal Loss
79,12,1650,0.029613789170980453,MLP|Focal Loss
79,13,1651,0.02537108212709427,MLP|Focal Loss
79,14,1652,0.02726319432258606,MLP|Focal Loss
79,15,1653,0.03266017138957977,MLP|Focal Loss
79,16,1654,0.02657543495297432,MLP|Focal Loss
79,17,1655,0.021917352452874184,MLP|Focal Loss
79,18,1656,0.02772906795144081,MLP|Focal Loss
79,19,1657,0.032270316034555435,MLP|Focal Loss
79,20,1658,0.026591114699840546,MLP|Focal Loss
79,21,1659,0.04445202276110649,MLP|Focal Loss
80,1,1660,0.028543008491396904,MLP|Focal Loss
80,2,1661,0.0288932416588068,MLP|Focal Loss
80,3,1662,0.028793171048164368,MLP|Focal Loss
80,4,1663,0.02629048563539982,MLP|Focal Loss
80,5,1664,0.02316354028880596,MLP|Focal Loss
80,6,1665,0.02575775980949402,MLP|Focal Loss
80,7,1666,0.022478830069303513,MLP|Focal Loss
80,8,1667,0.02653992734849453,MLP|Focal Loss
80,9,1668,0.03335052728652954,MLP|Focal Loss
80,10,1669,0.022072523832321167,MLP|Focal Loss
80,11,1670,0.02535409666597843,MLP|Focal Loss
80,12,1671,0.02381853200495243,MLP|Focal Loss
80,13,1672,0.03815721347928047,MLP|Focal Loss
80,14,1673,0.03037036769092083,MLP|Focal Loss
80,15,1674,0.021101541817188263,MLP|Focal Loss
80,16,1675,0.025059597566723824,MLP|Focal Loss
80,17,1676,0.02810746245086193,MLP|Focal Loss
80,18,1677,0.039607658982276917,MLP|Focal Loss
80,19,1678,0.02660982869565487,MLP|Focal Loss
80,20,1679,0.02861952781677246,MLP|Focal Loss
80,21,1680,0.053614623844623566,MLP|Focal Loss
81,1,1681,0.02443433552980423,MLP|Focal Loss
81,2,1682,0.025617577135562897,MLP|Focal Loss
81,3,1683,0.02246379479765892,MLP|Focal Loss
81,4,1684,0.020899340510368347,MLP|Focal Loss
81,5,1685,0.019957857206463814,MLP|Focal Loss
81,6,1686,0.027783023193478584,MLP|Focal Loss
81,7,1687,0.02261100709438324,MLP|Focal Loss
81,8,1688,0.029766881838440895,MLP|Focal Loss
81,9,1689,0.028092630207538605,MLP|Focal Loss
81,10,1690,0.035044215619564056,MLP|Focal Loss
81,11,1691,0.024795006960630417,MLP|Focal Loss
81,12,1692,0.024837922304868698,MLP|Focal Loss
81,13,1693,0.03426355868577957,MLP|Focal Loss
81,14,1694,0.03340732678771019,MLP|Focal Loss
81,15,1695,0.038128599524497986,MLP|Focal Loss
81,16,1696,0.0285237655043602,MLP|Focal Loss
81,17,1697,0.027746234089136124,MLP|Focal Loss
81,18,1698,0.022122809663414955,MLP|Focal Loss
81,19,1699,0.02816828154027462,MLP|Focal Loss
81,20,1700,0.034850072115659714,MLP|Focal Loss
81,21,1701,0.05740160495042801,MLP|Focal Loss
82,1,1702,0.024381497874855995,MLP|Focal Loss
82,2,1703,0.022937335073947906,MLP|Focal Loss
82,3,1704,0.03383582830429077,MLP|Focal Loss
82,4,1705,0.030398644506931305,MLP|Focal Loss
82,5,1706,0.025133782997727394,MLP|Focal Loss
82,6,1707,0.02924463525414467,MLP|Focal Loss
82,7,1708,0.024144764989614487,MLP|Focal Loss
82,8,1709,0.02327842079102993,MLP|Focal Loss
82,9,1710,0.02257154881954193,MLP|Focal Loss
82,10,1711,0.025422366335988045,MLP|Focal Loss
82,11,1712,0.02504967711865902,MLP|Focal Loss
82,12,1713,0.027193699032068253,MLP|Focal Loss
82,13,1714,0.025226090103387833,MLP|Focal Loss
82,14,1715,0.041470661759376526,MLP|Focal Loss
82,15,1716,0.030156483873724937,MLP|Focal Loss
82,16,1717,0.027657529339194298,MLP|Focal Loss
82,17,1718,0.02873283624649048,MLP|Focal Loss
82,18,1719,0.02748434990644455,MLP|Focal Loss
82,19,1720,0.020330235362052917,MLP|Focal Loss
82,20,1721,0.023286698386073112,MLP|Focal Loss
82,21,1722,0.023624172434210777,MLP|Focal Loss
83,1,1723,0.022129248827695847,MLP|Focal Loss
83,2,1724,0.022548284381628036,MLP|Focal Loss
83,3,1725,0.016677388921380043,MLP|Focal Loss
83,4,1726,0.023022808134555817,MLP|Focal Loss
83,5,1727,0.02388675883412361,MLP|Focal Loss
83,6,1728,0.021377772092819214,MLP|Focal Loss
83,7,1729,0.028656840324401855,MLP|Focal Loss
83,8,1730,0.030453519895672798,MLP|Focal Loss
83,9,1731,0.02773441933095455,MLP|Focal Loss
83,10,1732,0.03291343152523041,MLP|Focal Loss
83,11,1733,0.02091572992503643,MLP|Focal Loss
83,12,1734,0.026322396472096443,MLP|Focal Loss
83,13,1735,0.026516053825616837,MLP|Focal Loss
83,14,1736,0.021461263298988342,MLP|Focal Loss
83,15,1737,0.02179117128252983,MLP|Focal Loss
83,16,1738,0.04095424339175224,MLP|Focal Loss
83,17,1739,0.022200651466846466,MLP|Focal Loss
83,18,1740,0.026228992268443108,MLP|Focal Loss
83,19,1741,0.03803297132253647,MLP|Focal Loss
83,20,1742,0.041329413652420044,MLP|Focal Loss
83,21,1743,0.032646991312503815,MLP|Focal Loss
84,1,1744,0.018253901973366737,MLP|Focal Loss
84,2,1745,0.02629195712506771,MLP|Focal Loss
84,3,1746,0.041973162442445755,MLP|Focal Loss
84,4,1747,0.027556778863072395,MLP|Focal Loss
84,5,1748,0.025733929127454758,MLP|Focal Loss
84,6,1749,0.03164590895175934,MLP|Focal Loss
84,7,1750,0.036844585090875626,MLP|Focal Loss
84,8,1751,0.03356035798788071,MLP|Focal Loss
84,9,1752,0.03673257678747177,MLP|Focal Loss
84,10,1753,0.030859138816595078,MLP|Focal Loss
84,11,1754,0.024198440834879875,MLP|Focal Loss
84,12,1755,0.026454903185367584,MLP|Focal Loss
84,13,1756,0.023826465010643005,MLP|Focal Loss
84,14,1757,0.03028271347284317,MLP|Focal Loss
84,15,1758,0.028216030448675156,MLP|Focal Loss
84,16,1759,0.01666848361492157,MLP|Focal Loss
84,17,1760,0.024330055341124535,MLP|Focal Loss
84,18,1761,0.03133643418550491,MLP|Focal Loss
84,19,1762,0.03135278820991516,MLP|Focal Loss
84,20,1763,0.019443999975919724,MLP|Focal Loss
84,21,1764,0.024565843865275383,MLP|Focal Loss
85,1,1765,0.03229070454835892,MLP|Focal Loss
85,2,1766,0.018327729776501656,MLP|Focal Loss
85,3,1767,0.028405193239450455,MLP|Focal Loss
85,4,1768,0.02243058569729328,MLP|Focal Loss
85,5,1769,0.032075848430395126,MLP|Focal Loss
85,6,1770,0.02483092062175274,MLP|Focal Loss
85,7,1771,0.0236933883279562,MLP|Focal Loss
85,8,1772,0.02354709804058075,MLP|Focal Loss
85,9,1773,0.02556595578789711,MLP|Focal Loss
85,10,1774,0.04110622778534889,MLP|Focal Loss
85,11,1775,0.01805724762380123,MLP|Focal Loss
85,12,1776,0.026032494381070137,MLP|Focal Loss
85,13,1777,0.0299350805580616,MLP|Focal Loss
85,14,1778,0.020686188712716103,MLP|Focal Loss
85,15,1779,0.025990482419729233,MLP|Focal Loss
85,16,1780,0.031023269519209862,MLP|Focal Loss
85,17,1781,0.03002985194325447,MLP|Focal Loss
85,18,1782,0.024219173938035965,MLP|Focal Loss
85,19,1783,0.03766839951276779,MLP|Focal Loss
85,20,1784,0.02394913323223591,MLP|Focal Loss
85,21,1785,0.02283385954797268,MLP|Focal Loss
86,1,1786,0.023636508733034134,MLP|Focal Loss
86,2,1787,0.022475574165582657,MLP|Focal Loss
86,3,1788,0.028019234538078308,MLP|Focal Loss
86,4,1789,0.02247283235192299,MLP|Focal Loss
86,5,1790,0.021608369424939156,MLP|Focal Loss
86,6,1791,0.024653006345033646,MLP|Focal Loss
86,7,1792,0.03221246972680092,MLP|Focal Loss
86,8,1793,0.0282950010150671,MLP|Focal Loss
86,9,1794,0.01568574458360672,MLP|Focal Loss
86,10,1795,0.02746439352631569,MLP|Focal Loss
86,11,1796,0.052256401628255844,MLP|Focal Loss
86,12,1797,0.023516470566391945,MLP|Focal Loss
86,13,1798,0.02371644601225853,MLP|Focal Loss
86,14,1799,0.020947854965925217,MLP|Focal Loss
86,15,1800,0.03577375411987305,MLP|Focal Loss
86,16,1801,0.029476337134838104,MLP|Focal Loss
86,17,1802,0.017812862992286682,MLP|Focal Loss
86,18,1803,0.02336091734468937,MLP|Focal Loss
86,19,1804,0.041909441351890564,MLP|Focal Loss
86,20,1805,0.02237934246659279,MLP|Focal Loss
86,21,1806,0.0468720905482769,MLP|Focal Loss
87,1,1807,0.030683450400829315,MLP|Focal Loss
87,2,1808,0.024352168664336205,MLP|Focal Loss
87,3,1809,0.027171636000275612,MLP|Focal Loss
87,4,1810,0.025056729093194008,MLP|Focal Loss
87,5,1811,0.01740667223930359,MLP|Focal Loss
87,6,1812,0.027365513145923615,MLP|Focal Loss
87,7,1813,0.035715293139219284,MLP|Focal Loss
87,8,1814,0.02919086255133152,MLP|Focal Loss
87,9,1815,0.0182708278298378,MLP|Focal Loss
87,10,1816,0.03189147263765335,MLP|Focal Loss
87,11,1817,0.023051099851727486,MLP|Focal Loss
87,12,1818,0.035741616040468216,MLP|Focal Loss
87,13,1819,0.024187536910176277,MLP|Focal Loss
87,14,1820,0.021142760291695595,MLP|Focal Loss
87,15,1821,0.034844111651182175,MLP|Focal Loss
87,16,1822,0.02827255055308342,MLP|Focal Loss
87,17,1823,0.028035176917910576,MLP|Focal Loss
87,18,1824,0.025358330458402634,MLP|Focal Loss
87,19,1825,0.026241572573781013,MLP|Focal Loss
87,20,1826,0.02305658906698227,MLP|Focal Loss
87,21,1827,0.01919313333928585,MLP|Focal Loss
88,1,1828,0.030918985605239868,MLP|Focal Loss
88,2,1829,0.02319648675620556,MLP|Focal Loss
88,3,1830,0.02693537250161171,MLP|Focal Loss
88,4,1831,0.030857790261507034,MLP|Focal Loss
88,5,1832,0.02469111606478691,MLP|Focal Loss
88,6,1833,0.044064830988645554,MLP|Focal Loss
88,7,1834,0.03512855991721153,MLP|Focal Loss
88,8,1835,0.03389589861035347,MLP|Focal Loss
88,9,1836,0.028718922287225723,MLP|Focal Loss
88,10,1837,0.03805713728070259,MLP|Focal Loss
88,11,1838,0.024240780621767044,MLP|Focal Loss
88,12,1839,0.028522584587335587,MLP|Focal Loss
88,13,1840,0.023386411368846893,MLP|Focal Loss
88,14,1841,0.030312569811940193,MLP|Focal Loss
88,15,1842,0.02488548867404461,MLP|Focal Loss
88,16,1843,0.02564292773604393,MLP|Focal Loss
88,17,1844,0.03191458806395531,MLP|Focal Loss
88,18,1845,0.023849299177527428,MLP|Focal Loss
88,19,1846,0.02405909262597561,MLP|Focal Loss
88,20,1847,0.02322693169116974,MLP|Focal Loss
88,21,1848,0.030876364558935165,MLP|Focal Loss
89,1,1849,0.0209511686116457,MLP|Focal Loss
89,2,1850,0.02490917593240738,MLP|Focal Loss
89,3,1851,0.027773112058639526,MLP|Focal Loss
89,4,1852,0.0218069888651371,MLP|Focal Loss
89,5,1853,0.02362062782049179,MLP|Focal Loss
89,6,1854,0.021464817225933075,MLP|Focal Loss
89,7,1855,0.020251883193850517,MLP|Focal Loss
89,8,1856,0.025192422792315483,MLP|Focal Loss
89,9,1857,0.017684267833828926,MLP|Focal Loss
89,10,1858,0.023309145122766495,MLP|Focal Loss
89,11,1859,0.039471909403800964,MLP|Focal Loss
89,12,1860,0.02472885698080063,MLP|Focal Loss
89,13,1861,0.027588561177253723,MLP|Focal Loss
89,14,1862,0.042392805218696594,MLP|Focal Loss
89,15,1863,0.03112809546291828,MLP|Focal Loss
89,16,1864,0.018780503422021866,MLP|Focal Loss
89,17,1865,0.02595856413245201,MLP|Focal Loss
89,18,1866,0.026372762396931648,MLP|Focal Loss
89,19,1867,0.019366519525647163,MLP|Focal Loss
89,20,1868,0.03971356898546219,MLP|Focal Loss
89,21,1869,0.01938415691256523,MLP|Focal Loss
90,1,1870,0.020958712324500084,MLP|Focal Loss
90,2,1871,0.03185557574033737,MLP|Focal Loss
90,3,1872,0.028830422088503838,MLP|Focal Loss
90,4,1873,0.027968114241957664,MLP|Focal Loss
90,5,1874,0.024256689473986626,MLP|Focal Loss
90,6,1875,0.02957804501056671,MLP|Focal Loss
90,7,1876,0.024491222575306892,MLP|Focal Loss
90,8,1877,0.025746267288923264,MLP|Focal Loss
90,9,1878,0.024637170135974884,MLP|Focal Loss
90,10,1879,0.023778684437274933,MLP|Focal Loss
90,11,1880,0.02597358264029026,MLP|Focal Loss
90,12,1881,0.024205762892961502,MLP|Focal Loss
90,13,1882,0.030887728556990623,MLP|Focal Loss
90,14,1883,0.02676350250840187,MLP|Focal Loss
90,15,1884,0.03074323572218418,MLP|Focal Loss
90,16,1885,0.024679528549313545,MLP|Focal Loss
90,17,1886,0.02411673218011856,MLP|Focal Loss
90,18,1887,0.034167900681495667,MLP|Focal Loss
90,19,1888,0.023353327065706253,MLP|Focal Loss
90,20,1889,0.021358828991651535,MLP|Focal Loss
90,21,1890,0.017891963943839073,MLP|Focal Loss
91,1,1891,0.033099282532930374,MLP|Focal Loss
91,2,1892,0.02427491545677185,MLP|Focal Loss
91,3,1893,0.025612009689211845,MLP|Focal Loss
91,4,1894,0.028002100065350533,MLP|Focal Loss
91,5,1895,0.033835139125585556,MLP|Focal Loss
91,6,1896,0.027468569576740265,MLP|Focal Loss
91,7,1897,0.026032136753201485,MLP|Focal Loss
91,8,1898,0.02482222579419613,MLP|Focal Loss
91,9,1899,0.023841898888349533,MLP|Focal Loss
91,10,1900,0.03303302824497223,MLP|Focal Loss
91,11,1901,0.02157500572502613,MLP|Focal Loss
91,12,1902,0.022865667939186096,MLP|Focal Loss
91,13,1903,0.01848207786679268,MLP|Focal Loss
91,14,1904,0.026916921138763428,MLP|Focal Loss
91,15,1905,0.024830996990203857,MLP|Focal Loss
91,16,1906,0.02251049131155014,MLP|Focal Loss
91,17,1907,0.017444241791963577,MLP|Focal Loss
91,18,1908,0.01444336585700512,MLP|Focal Loss
91,19,1909,0.039905015379190445,MLP|Focal Loss
91,20,1910,0.02734662964940071,MLP|Focal Loss
91,21,1911,0.022983258590102196,MLP|Focal Loss
92,1,1912,0.0200160164386034,MLP|Focal Loss
92,2,1913,0.028035994619131088,MLP|Focal Loss
92,3,1914,0.016374455764889717,MLP|Focal Loss
92,4,1915,0.025276055559515953,MLP|Focal Loss
92,5,1916,0.023542284965515137,MLP|Focal Loss
92,6,1917,0.026310432702302933,MLP|Focal Loss
92,7,1918,0.03591306135058403,MLP|Focal Loss
92,8,1919,0.03901384398341179,MLP|Focal Loss
92,9,1920,0.020430345088243484,MLP|Focal Loss
92,10,1921,0.03367522358894348,MLP|Focal Loss
92,11,1922,0.023952804505825043,MLP|Focal Loss
92,12,1923,0.02471400611102581,MLP|Focal Loss
92,13,1924,0.02675573155283928,MLP|Focal Loss
92,14,1925,0.02199220098555088,MLP|Focal Loss
92,15,1926,0.027907956391572952,MLP|Focal Loss
92,16,1927,0.017541376873850822,MLP|Focal Loss
92,17,1928,0.01936951093375683,MLP|Focal Loss
92,18,1929,0.031191779300570488,MLP|Focal Loss
92,19,1930,0.031537339091300964,MLP|Focal Loss
92,20,1931,0.030992131680250168,MLP|Focal Loss
92,21,1932,0.030904408544301987,MLP|Focal Loss
93,1,1933,0.017583485692739487,MLP|Focal Loss
93,2,1934,0.02887825481593609,MLP|Focal Loss
93,3,1935,0.030606962740421295,MLP|Focal Loss
93,4,1936,0.03430807590484619,MLP|Focal Loss
93,5,1937,0.01993390917778015,MLP|Focal Loss
93,6,1938,0.03349584341049194,MLP|Focal Loss
93,7,1939,0.034229639917612076,MLP|Focal Loss
93,8,1940,0.045410092920064926,MLP|Focal Loss
93,9,1941,0.021913446485996246,MLP|Focal Loss
93,10,1942,0.03215206414461136,MLP|Focal Loss
93,11,1943,0.01603141613304615,MLP|Focal Loss
93,12,1944,0.024059899151325226,MLP|Focal Loss
93,13,1945,0.02842136099934578,MLP|Focal Loss
93,14,1946,0.02512814663350582,MLP|Focal Loss
93,15,1947,0.022723589092493057,MLP|Focal Loss
93,16,1948,0.023515397682785988,MLP|Focal Loss
93,17,1949,0.013047968968749046,MLP|Focal Loss
93,18,1950,0.011432425118982792,MLP|Focal Loss
93,19,1951,0.029024377465248108,MLP|Focal Loss
93,20,1952,0.03496786579489708,MLP|Focal Loss
93,21,1953,0.02268296293914318,MLP|Focal Loss
94,1,1954,0.02876347303390503,MLP|Focal Loss
94,2,1955,0.024986514821648598,MLP|Focal Loss
94,3,1956,0.03617009148001671,MLP|Focal Loss
94,4,1957,0.031591445207595825,MLP|Focal Loss
94,5,1958,0.02400321513414383,MLP|Focal Loss
94,6,1959,0.030752820894122124,MLP|Focal Loss
94,7,1960,0.01800283044576645,MLP|Focal Loss
94,8,1961,0.029766611754894257,MLP|Focal Loss
94,9,1962,0.02274584397673607,MLP|Focal Loss
94,10,1963,0.018322214484214783,MLP|Focal Loss
94,11,1964,0.027473026886582375,MLP|Focal Loss
94,12,1965,0.029098642989993095,MLP|Focal Loss
94,13,1966,0.025373537093400955,MLP|Focal Loss
94,14,1967,0.027522578835487366,MLP|Focal Loss
94,15,1968,0.02255280502140522,MLP|Focal Loss
94,16,1969,0.021520666778087616,MLP|Focal Loss
94,17,1970,0.026876507326960564,MLP|Focal Loss
94,18,1971,0.019075213000178337,MLP|Focal Loss
94,19,1972,0.03289637342095375,MLP|Focal Loss
94,20,1973,0.03394811227917671,MLP|Focal Loss
94,21,1974,0.027665995061397552,MLP|Focal Loss
95,1,1975,0.025155646726489067,MLP|Focal Loss
95,2,1976,0.030058778822422028,MLP|Focal Loss
95,3,1977,0.025987863540649414,MLP|Focal Loss
95,4,1978,0.026543375104665756,MLP|Focal Loss
95,5,1979,0.0190941970795393,MLP|Focal Loss
95,6,1980,0.020955557003617287,MLP|Focal Loss
95,7,1981,0.022435370832681656,MLP|Focal Loss
95,8,1982,0.029100287705659866,MLP|Focal Loss
95,9,1983,0.023219682276248932,MLP|Focal Loss
95,10,1984,0.020388029515743256,MLP|Focal Loss
95,11,1985,0.018562152981758118,MLP|Focal Loss
95,12,1986,0.027730148285627365,MLP|Focal Loss
95,13,1987,0.027993854135274887,MLP|Focal Loss
95,14,1988,0.035173747688531876,MLP|Focal Loss
95,15,1989,0.024742618203163147,MLP|Focal Loss
95,16,1990,0.02625911869108677,MLP|Focal Loss
95,17,1991,0.028910305351018906,MLP|Focal Loss
95,18,1992,0.02565397322177887,MLP|Focal Loss
95,19,1993,0.017579570412635803,MLP|Focal Loss
95,20,1994,0.04722587764263153,MLP|Focal Loss
95,21,1995,0.029484760016202927,MLP|Focal Loss
96,1,1996,0.026812277734279633,MLP|Focal Loss
96,2,1997,0.02378973737359047,MLP|Focal Loss
96,3,1998,0.018997851759195328,MLP|Focal Loss
96,4,1999,0.02907206304371357,MLP|Focal Loss
96,5,2000,0.01974872127175331,MLP|Focal Loss
96,6,2001,0.030465591698884964,MLP|Focal Loss
96,7,2002,0.021900460124015808,MLP|Focal Loss
96,8,2003,0.020114686340093613,MLP|Focal Loss
96,9,2004,0.024684589356184006,MLP|Focal Loss
96,10,2005,0.023249519988894463,MLP|Focal Loss
96,11,2006,0.02249685861170292,MLP|Focal Loss
96,12,2007,0.023640474304556847,MLP|Focal Loss
96,13,2008,0.02157045342028141,MLP|Focal Loss
96,14,2009,0.02216147631406784,MLP|Focal Loss
96,15,2010,0.020919688045978546,MLP|Focal Loss
96,16,2011,0.026692580431699753,MLP|Focal Loss
96,17,2012,0.023108787834644318,MLP|Focal Loss
96,18,2013,0.0258907712996006,MLP|Focal Loss
96,19,2014,0.02526691183447838,MLP|Focal Loss
96,20,2015,0.01979370228946209,MLP|Focal Loss
96,21,2016,0.08060229569673538,MLP|Focal Loss
97,1,2017,0.031103286892175674,MLP|Focal Loss
97,2,2018,0.024963561445474625,MLP|Focal Loss
97,3,2019,0.03214001655578613,MLP|Focal Loss
97,4,2020,0.020626122131943703,MLP|Focal Loss
97,5,2021,0.03183990716934204,MLP|Focal Loss
97,6,2022,0.020902657881379128,MLP|Focal Loss
97,7,2023,0.027816249057650566,MLP|Focal Loss
97,8,2024,0.021926704794168472,MLP|Focal Loss
97,9,2025,0.032772086560726166,MLP|Focal Loss
97,10,2026,0.02461758442223072,MLP|Focal Loss
97,11,2027,0.0241851806640625,MLP|Focal Loss
97,12,2028,0.02676830068230629,MLP|Focal Loss
97,13,2029,0.019426262006163597,MLP|Focal Loss
97,14,2030,0.026946764439344406,MLP|Focal Loss
97,15,2031,0.035484254360198975,MLP|Focal Loss
97,16,2032,0.023048581555485725,MLP|Focal Loss
97,17,2033,0.023548521101474762,MLP|Focal Loss
97,18,2034,0.025547616183757782,MLP|Focal Loss
97,19,2035,0.029602035880088806,MLP|Focal Loss
97,20,2036,0.025834795087575912,MLP|Focal Loss
97,21,2037,0.023720113560557365,MLP|Focal Loss
98,1,2038,0.026971440762281418,MLP|Focal Loss
98,2,2039,0.02032909356057644,MLP|Focal Loss
98,3,2040,0.022987917065620422,MLP|Focal Loss
98,4,2041,0.027509544044733047,MLP|Focal Loss
98,5,2042,0.02602289617061615,MLP|Focal Loss
98,6,2043,0.02706216461956501,MLP|Focal Loss
98,7,2044,0.028372449800372124,MLP|Focal Loss
98,8,2045,0.023935537785291672,MLP|Focal Loss
98,9,2046,0.02213141694664955,MLP|Focal Loss
98,10,2047,0.02009296976029873,MLP|Focal Loss
98,11,2048,0.03310348466038704,MLP|Focal Loss
98,12,2049,0.01644195429980755,MLP|Focal Loss
98,13,2050,0.026487257331609726,MLP|Focal Loss
98,14,2051,0.023772358894348145,MLP|Focal Loss
98,15,2052,0.016355106607079506,MLP|Focal Loss
98,16,2053,0.030951078981161118,MLP|Focal Loss
98,17,2054,0.019689688459038734,MLP|Focal Loss
98,18,2055,0.026095163077116013,MLP|Focal Loss
98,19,2056,0.0223414096981287,MLP|Focal Loss
98,20,2057,0.03695476055145264,MLP|Focal Loss
98,21,2058,0.04005678743124008,MLP|Focal Loss
99,1,2059,0.03197535499930382,MLP|Focal Loss
99,2,2060,0.016060814261436462,MLP|Focal Loss
99,3,2061,0.02526566945016384,MLP|Focal Loss
99,4,2062,0.022657815366983414,MLP|Focal Loss
99,5,2063,0.020442737266421318,MLP|Focal Loss
99,6,2064,0.03312351554632187,MLP|Focal Loss
99,7,2065,0.03293676674365997,MLP|Focal Loss
99,8,2066,0.025459319353103638,MLP|Focal Loss
99,9,2067,0.025905316695570946,MLP|Focal Loss
99,10,2068,0.019483352079987526,MLP|Focal Loss
99,11,2069,0.039778176695108414,MLP|Focal Loss
99,12,2070,0.020951230078935623,MLP|Focal Loss
99,13,2071,0.020661234855651855,MLP|Focal Loss
99,14,2072,0.030605226755142212,MLP|Focal Loss
99,15,2073,0.022152015939354897,MLP|Focal Loss
99,16,2074,0.028443165123462677,MLP|Focal Loss
99,17,2075,0.021732036024332047,MLP|Focal Loss
99,18,2076,0.023037340492010117,MLP|Focal Loss
99,19,2077,0.02690567448735237,MLP|Focal Loss
99,20,2078,0.040883924812078476,MLP|Focal Loss
99,21,2079,0.02506186254322529,MLP|Focal Loss
100,1,2080,0.0323936827480793,MLP|Focal Loss
100,2,2081,0.02657817304134369,MLP|Focal Loss
100,3,2082,0.022111250087618828,MLP|Focal Loss
100,4,2083,0.02042236737906933,MLP|Focal Loss
100,5,2084,0.024308351799845695,MLP|Focal Loss
100,6,2085,0.01968841813504696,MLP|Focal Loss
100,7,2086,0.025016024708747864,MLP|Focal Loss
100,8,2087,0.027481218799948692,MLP|Focal Loss
100,9,2088,0.019903887063264847,MLP|Focal Loss
100,10,2089,0.024918369948863983,MLP|Focal Loss
100,11,2090,0.03349430859088898,MLP|Focal Loss
100,12,2091,0.025512197986245155,MLP|Focal Loss
100,13,2092,0.02348138391971588,MLP|Focal Loss
100,14,2093,0.028525032103061676,MLP|Focal Loss
100,15,2094,0.028266549110412598,MLP|Focal Loss
100,16,2095,0.035520512610673904,MLP|Focal Loss
100,17,2096,0.02597585693001747,MLP|Focal Loss
100,18,2097,0.02624371275305748,MLP|Focal Loss
100,19,2098,0.02712174691259861,MLP|Focal Loss
100,20,2099,0.02472170628607273,MLP|Focal Loss
100,21,2100,0.021242205053567886,MLP|Focal Loss
101,1,2101,0.028357546776533127,MLP|Focal Loss
101,2,2102,0.020692529156804085,MLP|Focal Loss
101,3,2103,0.02611589804291725,MLP|Focal Loss
101,4,2104,0.025852970778942108,MLP|Focal Loss
101,5,2105,0.023560434579849243,MLP|Focal Loss
101,6,2106,0.03097744844853878,MLP|Focal Loss
101,7,2107,0.030081186443567276,MLP|Focal Loss
101,8,2108,0.028073042631149292,MLP|Focal Loss
101,9,2109,0.02200743928551674,MLP|Focal Loss
101,10,2110,0.04029172658920288,MLP|Focal Loss
101,11,2111,0.021207526326179504,MLP|Focal Loss
101,12,2112,0.02532445266842842,MLP|Focal Loss
101,13,2113,0.02676268108189106,MLP|Focal Loss
101,14,2114,0.02456469088792801,MLP|Focal Loss
101,15,2115,0.021903790533542633,MLP|Focal Loss
101,16,2116,0.017899684607982635,MLP|Focal Loss
101,17,2117,0.022854415699839592,MLP|Focal Loss
101,18,2118,0.028124965727329254,MLP|Focal Loss
101,19,2119,0.035572923719882965,MLP|Focal Loss
101,20,2120,0.0268328245729208,MLP|Focal Loss
101,21,2121,0.02952178381383419,MLP|Focal Loss
102,1,2122,0.03331420570611954,MLP|Focal Loss
102,2,2123,0.021935902535915375,MLP|Focal Loss
102,3,2124,0.02018120139837265,MLP|Focal Loss
102,4,2125,0.02381877228617668,MLP|Focal Loss
102,5,2126,0.024038299918174744,MLP|Focal Loss
102,6,2127,0.022799065336585045,MLP|Focal Loss
102,7,2128,0.035437487065792084,MLP|Focal Loss
102,8,2129,0.024505801498889923,MLP|Focal Loss
102,9,2130,0.018066350370645523,MLP|Focal Loss
102,10,2131,0.026379026472568512,MLP|Focal Loss
102,11,2132,0.02645025961101055,MLP|Focal Loss
102,12,2133,0.017666077241301537,MLP|Focal Loss
102,13,2134,0.023076718673110008,MLP|Focal Loss
102,14,2135,0.017236005514860153,MLP|Focal Loss
102,15,2136,0.02650078386068344,MLP|Focal Loss
102,16,2137,0.019018929451704025,MLP|Focal Loss
102,17,2138,0.03221405670046806,MLP|Focal Loss
102,18,2139,0.04001028835773468,MLP|Focal Loss
102,19,2140,0.02486960031092167,MLP|Focal Loss
102,20,2141,0.04494483023881912,MLP|Focal Loss
102,21,2142,0.02104494720697403,MLP|Focal Loss
103,1,2143,0.024385903030633926,MLP|Focal Loss
103,2,2144,0.027926325798034668,MLP|Focal Loss
103,3,2145,0.02923794835805893,MLP|Focal Loss
103,4,2146,0.023041516542434692,MLP|Focal Loss
103,5,2147,0.02688334695994854,MLP|Focal Loss
103,6,2148,0.026024160906672478,MLP|Focal Loss
103,7,2149,0.015414152294397354,MLP|Focal Loss
103,8,2150,0.028347302228212357,MLP|Focal Loss
103,9,2151,0.03609244525432587,MLP|Focal Loss
103,10,2152,0.03561553359031677,MLP|Focal Loss
103,11,2153,0.015398415736854076,MLP|Focal Loss
103,12,2154,0.01960253156721592,MLP|Focal Loss
103,13,2155,0.025580760091543198,MLP|Focal Loss
103,14,2156,0.019212378188967705,MLP|Focal Loss
103,15,2157,0.029106345027685165,MLP|Focal Loss
103,16,2158,0.02798403427004814,MLP|Focal Loss
103,17,2159,0.022096652537584305,MLP|Focal Loss
103,18,2160,0.025119319558143616,MLP|Focal Loss
103,19,2161,0.016617394983768463,MLP|Focal Loss
103,20,2162,0.022999733686447144,MLP|Focal Loss
103,21,2163,0.029515542089939117,MLP|Focal Loss
104,1,2164,0.028077464550733566,MLP|Focal Loss
104,2,2165,0.02393980696797371,MLP|Focal Loss
104,3,2166,0.017892559990286827,MLP|Focal Loss
104,4,2167,0.02648928575217724,MLP|Focal Loss
104,5,2168,0.0180305577814579,MLP|Focal Loss
104,6,2169,0.01819288730621338,MLP|Focal Loss
104,7,2170,0.030567005276679993,MLP|Focal Loss
104,8,2171,0.020321663469076157,MLP|Focal Loss
104,9,2172,0.022519458085298538,MLP|Focal Loss
104,10,2173,0.025460470467805862,MLP|Focal Loss
104,11,2174,0.023910921066999435,MLP|Focal Loss
104,12,2175,0.022564422339200974,MLP|Focal Loss
104,13,2176,0.025188839063048363,MLP|Focal Loss
104,14,2177,0.034210287034511566,MLP|Focal Loss
104,15,2178,0.02250966802239418,MLP|Focal Loss
104,16,2179,0.023766813799738884,MLP|Focal Loss
104,17,2180,0.021451914682984352,MLP|Focal Loss
104,18,2181,0.030502423644065857,MLP|Focal Loss
104,19,2182,0.03743087500333786,MLP|Focal Loss
104,20,2183,0.03903307765722275,MLP|Focal Loss
104,21,2184,0.04284083843231201,MLP|Focal Loss
105,1,2185,0.021523762494325638,MLP|Focal Loss
105,2,2186,0.02390275150537491,MLP|Focal Loss
105,3,2187,0.027668654918670654,MLP|Focal Loss
105,4,2188,0.030523715540766716,MLP|Focal Loss
105,5,2189,0.021430473774671555,MLP|Focal Loss
105,6,2190,0.022365860641002655,MLP|Focal Loss
105,7,2191,0.022500816732645035,MLP|Focal Loss
105,8,2192,0.023202748969197273,MLP|Focal Loss
105,9,2193,0.02666901983320713,MLP|Focal Loss
105,10,2194,0.03176931291818619,MLP|Focal Loss
105,11,2195,0.02472691237926483,MLP|Focal Loss
105,12,2196,0.0178648941218853,MLP|Focal Loss
105,13,2197,0.02802768163383007,MLP|Focal Loss
105,14,2198,0.019602926447987556,MLP|Focal Loss
105,15,2199,0.025947945192456245,MLP|Focal Loss
105,16,2200,0.02745809778571129,MLP|Focal Loss
105,17,2201,0.027652975171804428,MLP|Focal Loss
105,18,2202,0.015700528398156166,MLP|Focal Loss
105,19,2203,0.02591582015156746,MLP|Focal Loss
105,20,2204,0.03180969879031181,MLP|Focal Loss
105,21,2205,0.03124333545565605,MLP|Focal Loss
106,1,2206,0.02893364615738392,MLP|Focal Loss
106,2,2207,0.02127443253993988,MLP|Focal Loss
106,3,2208,0.024552438408136368,MLP|Focal Loss
106,4,2209,0.020867779850959778,MLP|Focal Loss
106,5,2210,0.034292858093976974,MLP|Focal Loss
106,6,2211,0.027566328644752502,MLP|Focal Loss
106,7,2212,0.03381980210542679,MLP|Focal Loss
106,8,2213,0.023625072091817856,MLP|Focal Loss
106,9,2214,0.023534204810857773,MLP|Focal Loss
106,10,2215,0.0329345241189003,MLP|Focal Loss
106,11,2216,0.017703203484416008,MLP|Focal Loss
106,12,2217,0.021787963807582855,MLP|Focal Loss
106,13,2218,0.024875130504369736,MLP|Focal Loss
106,14,2219,0.021517882123589516,MLP|Focal Loss
106,15,2220,0.018639350309967995,MLP|Focal Loss
106,16,2221,0.03536441549658775,MLP|Focal Loss
106,17,2222,0.03112640231847763,MLP|Focal Loss
106,18,2223,0.018567189574241638,MLP|Focal Loss
106,19,2224,0.03182227909564972,MLP|Focal Loss
106,20,2225,0.02513143979012966,MLP|Focal Loss
106,21,2226,0.014344138093292713,MLP|Focal Loss
107,1,2227,0.023565219715237617,MLP|Focal Loss
107,2,2228,0.02201949805021286,MLP|Focal Loss
107,3,2229,0.02471856027841568,MLP|Focal Loss
107,4,2230,0.03186357766389847,MLP|Focal Loss
107,5,2231,0.024495979771018028,MLP|Focal Loss
107,6,2232,0.027173476293683052,MLP|Focal Loss
107,7,2233,0.025919603183865547,MLP|Focal Loss
107,8,2234,0.025576096028089523,MLP|Focal Loss
107,9,2235,0.031761594116687775,MLP|Focal Loss
107,10,2236,0.018160132691264153,MLP|Focal Loss
107,11,2237,0.021364783868193626,MLP|Focal Loss
107,12,2238,0.029359709471464157,MLP|Focal Loss
107,13,2239,0.0238054059445858,MLP|Focal Loss
107,14,2240,0.017966778948903084,MLP|Focal Loss
107,15,2241,0.0203438401222229,MLP|Focal Loss
107,16,2242,0.02126603201031685,MLP|Focal Loss
107,17,2243,0.0342012420296669,MLP|Focal Loss
107,18,2244,0.02060413546860218,MLP|Focal Loss
107,19,2245,0.01784423738718033,MLP|Focal Loss
107,20,2246,0.02259787917137146,MLP|Focal Loss
107,21,2247,0.028460800647735596,MLP|Focal Loss
108,1,2248,0.0222601480782032,MLP|Focal Loss
108,2,2249,0.018287930637598038,MLP|Focal Loss
108,3,2250,0.02328214794397354,MLP|Focal Loss
108,4,2251,0.022288907319307327,MLP|Focal Loss
108,5,2252,0.026206832379102707,MLP|Focal Loss
108,6,2253,0.015696167945861816,MLP|Focal Loss
108,7,2254,0.032442864030599594,MLP|Focal Loss
108,8,2255,0.022891227155923843,MLP|Focal Loss
108,9,2256,0.019026294350624084,MLP|Focal Loss
108,10,2257,0.030137276276946068,MLP|Focal Loss
108,11,2258,0.025834038853645325,MLP|Focal Loss
108,12,2259,0.032205142080783844,MLP|Focal Loss
108,13,2260,0.0323418527841568,MLP|Focal Loss
108,14,2261,0.024024639278650284,MLP|Focal Loss
108,15,2262,0.027460621669888496,MLP|Focal Loss
108,16,2263,0.0340060330927372,MLP|Focal Loss
108,17,2264,0.026195019483566284,MLP|Focal Loss
108,18,2265,0.02375386655330658,MLP|Focal Loss
108,19,2266,0.01967926137149334,MLP|Focal Loss
108,20,2267,0.019384723156690598,MLP|Focal Loss
108,21,2268,0.044374749064445496,MLP|Focal Loss
109,1,2269,0.03559036925435066,MLP|Focal Loss
109,2,2270,0.029913317412137985,MLP|Focal Loss
109,3,2271,0.022858111187815666,MLP|Focal Loss
109,4,2272,0.023669149726629257,MLP|Focal Loss
109,5,2273,0.024775611236691475,MLP|Focal Loss
109,6,2274,0.030151955783367157,MLP|Focal Loss
109,7,2275,0.02027232199907303,MLP|Focal Loss
109,8,2276,0.01659865491092205,MLP|Focal Loss
109,9,2277,0.021136434748768806,MLP|Focal Loss
109,10,2278,0.01641431637108326,MLP|Focal Loss
109,11,2279,0.018897026777267456,MLP|Focal Loss
109,12,2280,0.01622011885046959,MLP|Focal Loss
109,13,2281,0.018596725538372993,MLP|Focal Loss
109,14,2282,0.02804851531982422,MLP|Focal Loss
109,15,2283,0.027353448793292046,MLP|Focal Loss
109,16,2284,0.01816655322909355,MLP|Focal Loss
109,17,2285,0.028296442702412605,MLP|Focal Loss
109,18,2286,0.023389851674437523,MLP|Focal Loss
109,19,2287,0.023437734693288803,MLP|Focal Loss
109,20,2288,0.029792223125696182,MLP|Focal Loss
109,21,2289,0.09892412275075912,MLP|Focal Loss
110,1,2290,0.04119196906685829,MLP|Focal Loss
110,2,2291,0.032162390649318695,MLP|Focal Loss
110,3,2292,0.025999542325735092,MLP|Focal Loss
110,4,2293,0.02094823494553566,MLP|Focal Loss
110,5,2294,0.01803341507911682,MLP|Focal Loss
110,6,2295,0.025934536010026932,MLP|Focal Loss
110,7,2296,0.021877471357584,MLP|Focal Loss
110,8,2297,0.027062637731432915,MLP|Focal Loss
110,9,2298,0.022957012057304382,MLP|Focal Loss
110,10,2299,0.01802554540336132,MLP|Focal Loss
110,11,2300,0.0224732905626297,MLP|Focal Loss
110,12,2301,0.023430218920111656,MLP|Focal Loss
110,13,2302,0.0305477324873209,MLP|Focal Loss
110,14,2303,0.023300696164369583,MLP|Focal Loss
110,15,2304,0.020285988226532936,MLP|Focal Loss
110,16,2305,0.02692723087966442,MLP|Focal Loss
110,17,2306,0.03434734418988228,MLP|Focal Loss
110,18,2307,0.024878960102796555,MLP|Focal Loss
110,19,2308,0.032116785645484924,MLP|Focal Loss
110,20,2309,0.02754737064242363,MLP|Focal Loss
110,21,2310,0.02857046015560627,MLP|Focal Loss
1,1,1,1.1933035850524902,FTTransformer|Weighted BCE
1,2,2,0.9603513479232788,FTTransformer|Weighted BCE
1,3,3,1.1094534397125244,FTTransformer|Weighted BCE
1,4,4,0.8881307244300842,FTTransformer|Weighted BCE
1,5,5,0.9392688870429993,FTTransformer|Weighted BCE
1,6,6,1.0809355974197388,FTTransformer|Weighted BCE
1,7,7,0.971542239189148,FTTransformer|Weighted BCE
1,8,8,0.9105675220489502,FTTransformer|Weighted BCE
1,9,9,0.9704190492630005,FTTransformer|Weighted BCE
1,10,10,0.8909519910812378,FTTransformer|Weighted BCE
1,11,11,0.8778513669967651,FTTransformer|Weighted BCE
1,12,12,0.8121296167373657,FTTransformer|Weighted BCE
1,13,13,0.7666287422180176,FTTransformer|Weighted BCE
1,14,14,0.8531310558319092,FTTransformer|Weighted BCE
1,15,15,0.762810468673706,FTTransformer|Weighted BCE
1,16,16,0.7704532742500305,FTTransformer|Weighted BCE
1,17,17,0.793563723564148,FTTransformer|Weighted BCE
1,18,18,0.6936070919036865,FTTransformer|Weighted BCE
1,19,19,0.5609340667724609,FTTransformer|Weighted BCE
1,20,20,0.5942380428314209,FTTransformer|Weighted BCE
1,21,21,0.5059735774993896,FTTransformer|Weighted BCE
2,1,22,0.5315055847167969,FTTransformer|Weighted BCE
2,2,23,0.693648636341095,FTTransformer|Weighted BCE
2,3,24,0.7201964855194092,FTTransformer|Weighted BCE
2,4,25,0.6726959347724915,FTTransformer|Weighted BCE
2,5,26,0.5326035022735596,FTTransformer|Weighted BCE
2,6,27,0.6302806735038757,FTTransformer|Weighted BCE
2,7,28,0.664290726184845,FTTransformer|Weighted BCE
2,8,29,0.542769730091095,FTTransformer|Weighted BCE
2,9,30,0.5734970569610596,FTTransformer|Weighted BCE
2,10,31,0.6920455694198608,FTTransformer|Weighted BCE
2,11,32,0.6004120111465454,FTTransformer|Weighted BCE
2,12,33,0.5615588426589966,FTTransformer|Weighted BCE
2,13,34,0.597042977809906,FTTransformer|Weighted BCE
2,14,35,0.39626219868659973,FTTransformer|Weighted BCE
2,15,36,0.5725376009941101,FTTransformer|Weighted BCE
2,16,37,0.5001035928726196,FTTransformer|Weighted BCE
2,17,38,0.685716986656189,FTTransformer|Weighted BCE
2,18,39,0.5011215806007385,FTTransformer|Weighted BCE
2,19,40,0.3700316548347473,FTTransformer|Weighted BCE
2,20,41,0.4546779990196228,FTTransformer|Weighted BCE
2,21,42,0.2060137391090393,FTTransformer|Weighted BCE
3,1,43,0.4681711494922638,FTTransformer|Weighted BCE
3,2,44,0.609893798828125,FTTransformer|Weighted BCE
3,3,45,0.46698153018951416,FTTransformer|Weighted BCE
3,4,46,0.6283929944038391,FTTransformer|Weighted BCE
3,5,47,0.5567913055419922,FTTransformer|Weighted BCE
3,6,48,0.49449852108955383,FTTransformer|Weighted BCE
3,7,49,0.3832274079322815,FTTransformer|Weighted BCE
3,8,50,0.6146500110626221,FTTransformer|Weighted BCE
3,9,51,0.6820445656776428,FTTransformer|Weighted BCE
3,10,52,0.4675317704677582,FTTransformer|Weighted BCE
3,11,53,0.433732807636261,FTTransformer|Weighted BCE
3,12,54,0.3916729986667633,FTTransformer|Weighted BCE
3,13,55,0.45736536383628845,FTTransformer|Weighted BCE
3,14,56,0.4233378767967224,FTTransformer|Weighted BCE
3,15,57,0.39471808075904846,FTTransformer|Weighted BCE
3,16,58,0.6090836524963379,FTTransformer|Weighted BCE
3,17,59,0.47669947147369385,FTTransformer|Weighted BCE
3,18,60,0.4431326985359192,FTTransformer|Weighted BCE
3,19,61,0.4700712561607361,FTTransformer|Weighted BCE
3,20,62,0.47625309228897095,FTTransformer|Weighted BCE
3,21,63,0.36285170912742615,FTTransformer|Weighted BCE
4,1,64,0.4236965775489807,FTTransformer|Weighted BCE
4,2,65,0.5604556798934937,FTTransformer|Weighted BCE
4,3,66,0.3513396084308624,FTTransformer|Weighted BCE
4,4,67,0.3460894525051117,FTTransformer|Weighted BCE
4,5,68,0.4681343734264374,FTTransformer|Weighted BCE
4,6,69,0.36508461833000183,FTTransformer|Weighted BCE
4,7,70,0.4237760305404663,FTTransformer|Weighted BCE
4,8,71,0.33834308385849,FTTransformer|Weighted BCE
4,9,72,0.6755421161651611,FTTransformer|Weighted BCE
4,10,73,0.44108375906944275,FTTransformer|Weighted BCE
4,11,74,0.4042496979236603,FTTransformer|Weighted BCE
4,12,75,0.4327709376811981,FTTransformer|Weighted BCE
4,13,76,0.4524952471256256,FTTransformer|Weighted BCE
4,14,77,0.5162161588668823,FTTransformer|Weighted BCE
4,15,78,0.5565088391304016,FTTransformer|Weighted BCE
4,16,79,0.4442252218723297,FTTransformer|Weighted BCE
4,17,80,0.34284478425979614,FTTransformer|Weighted BCE
4,18,81,0.4288845956325531,FTTransformer|Weighted BCE
4,19,82,0.45919719338417053,FTTransformer|Weighted BCE
4,20,83,0.40421414375305176,FTTransformer|Weighted BCE
4,21,84,0.43149006366729736,FTTransformer|Weighted BCE
5,1,85,0.27407267689704895,FTTransformer|Weighted BCE
5,2,86,0.531513512134552,FTTransformer|Weighted BCE
5,3,87,0.503706693649292,FTTransformer|Weighted BCE
5,4,88,0.38826102018356323,FTTransformer|Weighted BCE
5,5,89,0.3291027545928955,FTTransformer|Weighted BCE
5,6,90,0.5206294059753418,FTTransformer|Weighted BCE
5,7,91,0.5580974221229553,FTTransformer|Weighted BCE
5,8,92,0.7035776376724243,FTTransformer|Weighted BCE
5,9,93,0.3380125164985657,FTTransformer|Weighted BCE
5,10,94,0.42676419019699097,FTTransformer|Weighted BCE
5,11,95,0.5900227427482605,FTTransformer|Weighted BCE
5,12,96,0.44267478585243225,FTTransformer|Weighted BCE
5,13,97,0.6151476502418518,FTTransformer|Weighted BCE
5,14,98,0.36122798919677734,FTTransformer|Weighted BCE
5,15,99,0.5583165884017944,FTTransformer|Weighted BCE
5,16,100,0.3064899444580078,FTTransformer|Weighted BCE
5,17,101,0.36646801233291626,FTTransformer|Weighted BCE
5,18,102,0.48261892795562744,FTTransformer|Weighted BCE
5,19,103,0.42998045682907104,FTTransformer|Weighted BCE
5,20,104,0.4684244990348816,FTTransformer|Weighted BCE
5,21,105,0.37509992718696594,FTTransformer|Weighted BCE
6,1,106,0.4690043330192566,FTTransformer|Weighted BCE
6,2,107,0.3502097427845001,FTTransformer|Weighted BCE
6,3,108,0.5460249185562134,FTTransformer|Weighted BCE
6,4,109,0.3105759918689728,FTTransformer|Weighted BCE
6,5,110,0.5606123208999634,FTTransformer|Weighted BCE
6,6,111,0.43000590801239014,FTTransformer|Weighted BCE
6,7,112,0.6523044109344482,FTTransformer|Weighted BCE
6,8,113,0.4778444766998291,FTTransformer|Weighted BCE
6,9,114,0.42649221420288086,FTTransformer|Weighted BCE
6,10,115,0.2902035117149353,FTTransformer|Weighted BCE
6,11,116,0.3495812714099884,FTTransformer|Weighted BCE
6,12,117,0.38920772075653076,FTTransformer|Weighted BCE
6,13,118,0.3139905035495758,FTTransformer|Weighted BCE
6,14,119,0.4877128601074219,FTTransformer|Weighted BCE
6,15,120,0.36676478385925293,FTTransformer|Weighted BCE
6,16,121,0.5998290181159973,FTTransformer|Weighted BCE
6,17,122,0.5418797135353088,FTTransformer|Weighted BCE
6,18,123,0.3635268211364746,FTTransformer|Weighted BCE
6,19,124,0.4956716299057007,FTTransformer|Weighted BCE
6,20,125,0.3971535563468933,FTTransformer|Weighted BCE
6,21,126,0.3001658022403717,FTTransformer|Weighted BCE
7,1,127,0.4994131922721863,FTTransformer|Weighted BCE
7,2,128,0.4788476824760437,FTTransformer|Weighted BCE
7,3,129,0.3143484592437744,FTTransformer|Weighted BCE
7,4,130,0.479938268661499,FTTransformer|Weighted BCE
7,5,131,0.5837393999099731,FTTransformer|Weighted BCE
7,6,132,0.3276861310005188,FTTransformer|Weighted BCE
7,7,133,0.3512767255306244,FTTransformer|Weighted BCE
7,8,134,0.46639689803123474,FTTransformer|Weighted BCE
7,9,135,0.3026896119117737,FTTransformer|Weighted BCE
7,10,136,0.2736126184463501,FTTransformer|Weighted BCE
7,11,137,0.5255955457687378,FTTransformer|Weighted BCE
7,12,138,0.6731467843055725,FTTransformer|Weighted BCE
7,13,139,0.3982070982456207,FTTransformer|Weighted BCE
7,14,140,0.29143664240837097,FTTransformer|Weighted BCE
7,15,141,0.4174584150314331,FTTransformer|Weighted BCE
7,16,142,0.37683337926864624,FTTransformer|Weighted BCE
7,17,143,0.4236113429069519,FTTransformer|Weighted BCE
7,18,144,0.4010505676269531,FTTransformer|Weighted BCE
7,19,145,0.5127085447311401,FTTransformer|Weighted BCE
7,20,146,0.3725544810295105,FTTransformer|Weighted BCE
7,21,147,0.5580353140830994,FTTransformer|Weighted BCE
8,1,148,0.24971824884414673,FTTransformer|Weighted BCE
8,2,149,0.6901479959487915,FTTransformer|Weighted BCE
8,3,150,0.6181507706642151,FTTransformer|Weighted BCE
8,4,151,0.2983800768852234,FTTransformer|Weighted BCE
8,5,152,0.338933527469635,FTTransformer|Weighted BCE
8,6,153,0.3126339614391327,FTTransformer|Weighted BCE
8,7,154,0.5136121511459351,FTTransformer|Weighted BCE
8,8,155,0.4786953926086426,FTTransformer|Weighted BCE
8,9,156,0.6440120339393616,FTTransformer|Weighted BCE
8,10,157,0.4266525208950043,FTTransformer|Weighted BCE
8,11,158,0.36623451113700867,FTTransformer|Weighted BCE
8,12,159,0.3858247995376587,FTTransformer|Weighted BCE
8,13,160,0.3466581404209137,FTTransformer|Weighted BCE
8,14,161,0.5384457111358643,FTTransformer|Weighted BCE
8,15,162,0.30304884910583496,FTTransformer|Weighted BCE
8,16,163,0.3459194302558899,FTTransformer|Weighted BCE
8,17,164,0.5526662468910217,FTTransformer|Weighted BCE
8,18,165,0.25620436668395996,FTTransformer|Weighted BCE
8,19,166,0.4059004485607147,FTTransformer|Weighted BCE
8,20,167,0.4038994610309601,FTTransformer|Weighted BCE
8,21,168,0.6276101469993591,FTTransformer|Weighted BCE
9,1,169,0.4075719714164734,FTTransformer|Weighted BCE
9,2,170,0.43992969393730164,FTTransformer|Weighted BCE
9,3,171,0.38498613238334656,FTTransformer|Weighted BCE
9,4,172,0.6267544031143188,FTTransformer|Weighted BCE
9,5,173,0.31217408180236816,FTTransformer|Weighted BCE
9,6,174,0.3601974844932556,FTTransformer|Weighted BCE
9,7,175,0.347792387008667,FTTransformer|Weighted BCE
9,8,176,0.3598352372646332,FTTransformer|Weighted BCE
9,9,177,0.29938480257987976,FTTransformer|Weighted BCE
9,10,178,0.44677773118019104,FTTransformer|Weighted BCE
9,11,179,0.42966368794441223,FTTransformer|Weighted BCE
9,12,180,0.21246740221977234,FTTransformer|Weighted BCE
9,13,181,0.6624946594238281,FTTransformer|Weighted BCE
9,14,182,0.5192775130271912,FTTransformer|Weighted BCE
9,15,183,0.40143829584121704,FTTransformer|Weighted BCE
9,16,184,0.5773051381111145,FTTransformer|Weighted BCE
9,17,185,0.5602214336395264,FTTransformer|Weighted BCE
9,18,186,0.5056241154670715,FTTransformer|Weighted BCE
9,19,187,0.3261331021785736,FTTransformer|Weighted BCE
9,20,188,0.49388688802719116,FTTransformer|Weighted BCE
9,21,189,0.3906930387020111,FTTransformer|Weighted BCE
10,1,190,0.5232447981834412,FTTransformer|Weighted BCE
10,2,191,0.6270148754119873,FTTransformer|Weighted BCE
10,3,192,0.36497610807418823,FTTransformer|Weighted BCE
10,4,193,0.5896629095077515,FTTransformer|Weighted BCE
10,5,194,0.38787487149238586,FTTransformer|Weighted BCE
10,6,195,0.5826776027679443,FTTransformer|Weighted BCE
10,7,196,0.27950578927993774,FTTransformer|Weighted BCE
10,8,197,0.3955654799938202,FTTransformer|Weighted BCE
10,9,198,0.409496933221817,FTTransformer|Weighted BCE
10,10,199,0.32903966307640076,FTTransformer|Weighted BCE
10,11,200,0.3846278190612793,FTTransformer|Weighted BCE
10,12,201,0.3914753794670105,FTTransformer|Weighted BCE
10,13,202,0.4113404452800751,FTTransformer|Weighted BCE
10,14,203,0.3274448812007904,FTTransformer|Weighted BCE
10,15,204,0.5101974606513977,FTTransformer|Weighted BCE
10,16,205,0.42093202471733093,FTTransformer|Weighted BCE
10,17,206,0.40539127588272095,FTTransformer|Weighted BCE
10,18,207,0.3855128884315491,FTTransformer|Weighted BCE
10,19,208,0.341007262468338,FTTransformer|Weighted BCE
10,20,209,0.36729323863983154,FTTransformer|Weighted BCE
10,21,210,0.4179607927799225,FTTransformer|Weighted BCE
11,1,211,0.38361188769340515,FTTransformer|Weighted BCE
11,2,212,0.32010146975517273,FTTransformer|Weighted BCE
11,3,213,0.3707604706287384,FTTransformer|Weighted BCE
11,4,214,0.37107303738594055,FTTransformer|Weighted BCE
11,5,215,0.4424510598182678,FTTransformer|Weighted BCE
11,6,216,0.6235378384590149,FTTransformer|Weighted BCE
11,7,217,0.4061906635761261,FTTransformer|Weighted BCE
11,8,218,0.34273597598075867,FTTransformer|Weighted BCE
11,9,219,0.4421162009239197,FTTransformer|Weighted BCE
11,10,220,0.4116118550300598,FTTransformer|Weighted BCE
11,11,221,0.37097087502479553,FTTransformer|Weighted BCE
11,12,222,0.2821671664714813,FTTransformer|Weighted BCE
11,13,223,0.45478713512420654,FTTransformer|Weighted BCE
11,14,224,0.4369257092475891,FTTransformer|Weighted BCE
11,15,225,0.3497808575630188,FTTransformer|Weighted BCE
11,16,226,0.5312796831130981,FTTransformer|Weighted BCE
11,17,227,0.26980647444725037,FTTransformer|Weighted BCE
11,18,228,0.4670611023902893,FTTransformer|Weighted BCE
11,19,229,0.39822569489479065,FTTransformer|Weighted BCE
11,20,230,0.44776207208633423,FTTransformer|Weighted BCE
11,21,231,0.25306519865989685,FTTransformer|Weighted BCE
12,1,232,0.3880307078361511,FTTransformer|Weighted BCE
12,2,233,0.33992525935173035,FTTransformer|Weighted BCE
12,3,234,0.36426782608032227,FTTransformer|Weighted BCE
12,4,235,0.473910391330719,FTTransformer|Weighted BCE
12,5,236,0.38794928789138794,FTTransformer|Weighted BCE
12,6,237,0.41199594736099243,FTTransformer|Weighted BCE
12,7,238,0.7144352793693542,FTTransformer|Weighted BCE
12,8,239,0.34295618534088135,FTTransformer|Weighted BCE
12,9,240,0.289076030254364,FTTransformer|Weighted BCE
12,10,241,0.26359832286834717,FTTransformer|Weighted BCE
12,11,242,0.49212825298309326,FTTransformer|Weighted BCE
12,12,243,0.46916764974594116,FTTransformer|Weighted BCE
12,13,244,0.36589834094047546,FTTransformer|Weighted BCE
12,14,245,0.3663819134235382,FTTransformer|Weighted BCE
12,15,246,0.350555419921875,FTTransformer|Weighted BCE
12,16,247,0.39445388317108154,FTTransformer|Weighted BCE
12,17,248,0.4419432580471039,FTTransformer|Weighted BCE
12,18,249,0.29397857189178467,FTTransformer|Weighted BCE
12,19,250,0.4610425531864166,FTTransformer|Weighted BCE
12,20,251,0.37850701808929443,FTTransformer|Weighted BCE
12,21,252,0.3947136700153351,FTTransformer|Weighted BCE
13,1,253,0.6075975298881531,FTTransformer|Weighted BCE
13,2,254,0.41808852553367615,FTTransformer|Weighted BCE
13,3,255,0.2812022268772125,FTTransformer|Weighted BCE
13,4,256,0.48353514075279236,FTTransformer|Weighted BCE
13,5,257,0.3083151578903198,FTTransformer|Weighted BCE
13,6,258,0.30152639746665955,FTTransformer|Weighted BCE
13,7,259,0.5514521598815918,FTTransformer|Weighted BCE
13,8,260,0.41062596440315247,FTTransformer|Weighted BCE
13,9,261,0.5465048551559448,FTTransformer|Weighted BCE
13,10,262,0.3622327148914337,FTTransformer|Weighted BCE
13,11,263,0.4043806791305542,FTTransformer|Weighted BCE
13,12,264,0.45373833179473877,FTTransformer|Weighted BCE
13,13,265,0.41493678092956543,FTTransformer|Weighted BCE
13,14,266,0.32646089792251587,FTTransformer|Weighted BCE
13,15,267,0.35146480798721313,FTTransformer|Weighted BCE
13,16,268,0.3278995454311371,FTTransformer|Weighted BCE
13,17,269,0.5101544260978699,FTTransformer|Weighted BCE
13,18,270,0.27162522077560425,FTTransformer|Weighted BCE
13,19,271,0.4608456492424011,FTTransformer|Weighted BCE
13,20,272,0.18586845695972443,FTTransformer|Weighted BCE
13,21,273,0.18905624747276306,FTTransformer|Weighted BCE
14,1,274,0.3933490812778473,FTTransformer|Weighted BCE
14,2,275,0.29588809609413147,FTTransformer|Weighted BCE
14,3,276,0.33937695622444153,FTTransformer|Weighted BCE
14,4,277,0.3671112656593323,FTTransformer|Weighted BCE
14,5,278,0.32474005222320557,FTTransformer|Weighted BCE
14,6,279,0.32470518350601196,FTTransformer|Weighted BCE
14,7,280,0.2950414717197418,FTTransformer|Weighted BCE
14,8,281,0.33383429050445557,FTTransformer|Weighted BCE
14,9,282,0.43588706851005554,FTTransformer|Weighted BCE
14,10,283,0.41627585887908936,FTTransformer|Weighted BCE
14,11,284,0.3689498007297516,FTTransformer|Weighted BCE
14,12,285,0.45878127217292786,FTTransformer|Weighted BCE
14,13,286,0.3052758276462555,FTTransformer|Weighted BCE
14,14,287,0.4102231562137604,FTTransformer|Weighted BCE
14,15,288,0.8115880489349365,FTTransformer|Weighted BCE
14,16,289,0.3626161515712738,FTTransformer|Weighted BCE
14,17,290,0.4817348122596741,FTTransformer|Weighted BCE
14,18,291,0.2635190486907959,FTTransformer|Weighted BCE
14,19,292,0.4687994122505188,FTTransformer|Weighted BCE
14,20,293,0.39394909143447876,FTTransformer|Weighted BCE
14,21,294,0.37021350860595703,FTTransformer|Weighted BCE
15,1,295,0.4148980975151062,FTTransformer|Weighted BCE
15,2,296,0.5002919435501099,FTTransformer|Weighted BCE
15,3,297,0.25876951217651367,FTTransformer|Weighted BCE
15,4,298,0.4099457561969757,FTTransformer|Weighted BCE
15,5,299,0.3038625419139862,FTTransformer|Weighted BCE
15,6,300,0.4078434407711029,FTTransformer|Weighted BCE
15,7,301,0.3666081428527832,FTTransformer|Weighted BCE
15,8,302,0.34502291679382324,FTTransformer|Weighted BCE
15,9,303,0.484994113445282,FTTransformer|Weighted BCE
15,10,304,0.25329136848449707,FTTransformer|Weighted BCE
15,11,305,0.28251922130584717,FTTransformer|Weighted BCE
15,12,306,0.4588172733783722,FTTransformer|Weighted BCE
15,13,307,0.3348892331123352,FTTransformer|Weighted BCE
15,14,308,0.2676529586315155,FTTransformer|Weighted BCE
15,15,309,0.34452787041664124,FTTransformer|Weighted BCE
15,16,310,0.3095720708370209,FTTransformer|Weighted BCE
15,17,311,0.5678627490997314,FTTransformer|Weighted BCE
15,18,312,0.32347527146339417,FTTransformer|Weighted BCE
15,19,313,0.28495335578918457,FTTransformer|Weighted BCE
15,20,314,0.4620758593082428,FTTransformer|Weighted BCE
15,21,315,0.26382681727409363,FTTransformer|Weighted BCE
16,1,316,0.3091719150543213,FTTransformer|Weighted BCE
16,2,317,0.2858862280845642,FTTransformer|Weighted BCE
16,3,318,0.48853200674057007,FTTransformer|Weighted BCE
16,4,319,0.15953083336353302,FTTransformer|Weighted BCE
16,5,320,0.32929378747940063,FTTransformer|Weighted BCE
16,6,321,0.4656463861465454,FTTransformer|Weighted BCE
16,7,322,0.2700646221637726,FTTransformer|Weighted BCE
16,8,323,0.4461005926132202,FTTransformer|Weighted BCE
16,9,324,0.48118892312049866,FTTransformer|Weighted BCE
16,10,325,0.38365525007247925,FTTransformer|Weighted BCE
16,11,326,0.48445650935173035,FTTransformer|Weighted BCE
16,12,327,0.21832534670829773,FTTransformer|Weighted BCE
16,13,328,0.3610134422779083,FTTransformer|Weighted BCE
16,14,329,0.3592807650566101,FTTransformer|Weighted BCE
16,15,330,0.3970065712928772,FTTransformer|Weighted BCE
16,16,331,0.3877392113208771,FTTransformer|Weighted BCE
16,17,332,0.4307045340538025,FTTransformer|Weighted BCE
16,18,333,0.36773377656936646,FTTransformer|Weighted BCE
16,19,334,0.3875122368335724,FTTransformer|Weighted BCE
16,20,335,0.27649402618408203,FTTransformer|Weighted BCE
16,21,336,0.31302517652511597,FTTransformer|Weighted BCE
17,1,337,0.605319619178772,FTTransformer|Weighted BCE
17,2,338,0.43891268968582153,FTTransformer|Weighted BCE
17,3,339,0.3875942826271057,FTTransformer|Weighted BCE
17,4,340,0.33683860301971436,FTTransformer|Weighted BCE
17,5,341,0.47998058795928955,FTTransformer|Weighted BCE
17,6,342,0.305468887090683,FTTransformer|Weighted BCE
17,7,343,0.38888609409332275,FTTransformer|Weighted BCE
17,8,344,0.4943203330039978,FTTransformer|Weighted BCE
17,9,345,0.2562958002090454,FTTransformer|Weighted BCE
17,10,346,0.24297957122325897,FTTransformer|Weighted BCE
17,11,347,0.44636255502700806,FTTransformer|Weighted BCE
17,12,348,0.41888320446014404,FTTransformer|Weighted BCE
17,13,349,0.3145986497402191,FTTransformer|Weighted BCE
17,14,350,0.36730870604515076,FTTransformer|Weighted BCE
17,15,351,0.39804092049598694,FTTransformer|Weighted BCE
17,16,352,0.371781587600708,FTTransformer|Weighted BCE
17,17,353,0.4041889011859894,FTTransformer|Weighted BCE
17,18,354,0.38992324471473694,FTTransformer|Weighted BCE
17,19,355,0.2723371386528015,FTTransformer|Weighted BCE
17,20,356,0.31035536527633667,FTTransformer|Weighted BCE
17,21,357,0.6003805994987488,FTTransformer|Weighted BCE
18,1,358,0.5888766646385193,FTTransformer|Weighted BCE
18,2,359,0.45240849256515503,FTTransformer|Weighted BCE
18,3,360,0.3383679687976837,FTTransformer|Weighted BCE
18,4,361,0.245912104845047,FTTransformer|Weighted BCE
18,5,362,0.3424876928329468,FTTransformer|Weighted BCE
18,6,363,0.3904319107532501,FTTransformer|Weighted BCE
18,7,364,0.4025912582874298,FTTransformer|Weighted BCE
18,8,365,0.2602364122867584,FTTransformer|Weighted BCE
18,9,366,0.34066322445869446,FTTransformer|Weighted BCE
18,10,367,0.4400060176849365,FTTransformer|Weighted BCE
18,11,368,0.3360274136066437,FTTransformer|Weighted BCE
18,12,369,0.47876837849617004,FTTransformer|Weighted BCE
18,13,370,0.4129265248775482,FTTransformer|Weighted BCE
18,14,371,0.2511255741119385,FTTransformer|Weighted BCE
18,15,372,0.3538672924041748,FTTransformer|Weighted BCE
18,16,373,0.2557879686355591,FTTransformer|Weighted BCE
18,17,374,0.4656940698623657,FTTransformer|Weighted BCE
18,18,375,0.35225918889045715,FTTransformer|Weighted BCE
18,19,376,0.2715071737766266,FTTransformer|Weighted BCE
18,20,377,0.2571393847465515,FTTransformer|Weighted BCE
18,21,378,0.3439852297306061,FTTransformer|Weighted BCE
19,1,379,0.5993289947509766,FTTransformer|Weighted BCE
19,2,380,0.27141228318214417,FTTransformer|Weighted BCE
19,3,381,0.3989209532737732,FTTransformer|Weighted BCE
19,4,382,0.2821827530860901,FTTransformer|Weighted BCE
19,5,383,0.39110293984413147,FTTransformer|Weighted BCE
19,6,384,0.2404080629348755,FTTransformer|Weighted BCE
19,7,385,0.5622000098228455,FTTransformer|Weighted BCE
19,8,386,0.35809311270713806,FTTransformer|Weighted BCE
19,9,387,0.4558621644973755,FTTransformer|Weighted BCE
19,10,388,0.21081644296646118,FTTransformer|Weighted BCE
19,11,389,0.2561255693435669,FTTransformer|Weighted BCE
19,12,390,0.3336274325847626,FTTransformer|Weighted BCE
19,13,391,0.5106170177459717,FTTransformer|Weighted BCE
19,14,392,0.3243328630924225,FTTransformer|Weighted BCE
19,15,393,0.35506996512413025,FTTransformer|Weighted BCE
19,16,394,0.2757323682308197,FTTransformer|Weighted BCE
19,17,395,0.39245763421058655,FTTransformer|Weighted BCE
19,18,396,0.4076508581638336,FTTransformer|Weighted BCE
19,19,397,0.3619411587715149,FTTransformer|Weighted BCE
19,20,398,0.43754345178604126,FTTransformer|Weighted BCE
19,21,399,0.2758554220199585,FTTransformer|Weighted BCE
20,1,400,0.3463149964809418,FTTransformer|Weighted BCE
20,2,401,0.3536042869091034,FTTransformer|Weighted BCE
20,3,402,0.4467390179634094,FTTransformer|Weighted BCE
20,4,403,0.3635528087615967,FTTransformer|Weighted BCE
20,5,404,0.3544062674045563,FTTransformer|Weighted BCE
20,6,405,0.3211035430431366,FTTransformer|Weighted BCE
20,7,406,0.27452003955841064,FTTransformer|Weighted BCE
20,8,407,0.3718155026435852,FTTransformer|Weighted BCE
20,9,408,0.32271528244018555,FTTransformer|Weighted BCE
20,10,409,0.39608076214790344,FTTransformer|Weighted BCE
20,11,410,0.3274787962436676,FTTransformer|Weighted BCE
20,12,411,0.2213624268770218,FTTransformer|Weighted BCE
20,13,412,0.3321203589439392,FTTransformer|Weighted BCE
20,14,413,0.4805735647678375,FTTransformer|Weighted BCE
20,15,414,0.34504434466362,FTTransformer|Weighted BCE
20,16,415,0.3491418659687042,FTTransformer|Weighted BCE
20,17,416,0.24587255716323853,FTTransformer|Weighted BCE
20,18,417,0.40049153566360474,FTTransformer|Weighted BCE
20,19,418,0.29409730434417725,FTTransformer|Weighted BCE
20,20,419,0.4527449309825897,FTTransformer|Weighted BCE
20,21,420,0.23933856189250946,FTTransformer|Weighted BCE
21,1,421,0.29627785086631775,FTTransformer|Weighted BCE
21,2,422,0.3638882637023926,FTTransformer|Weighted BCE
21,3,423,0.4410620927810669,FTTransformer|Weighted BCE
21,4,424,0.39589184522628784,FTTransformer|Weighted BCE
21,5,425,0.3389405608177185,FTTransformer|Weighted BCE
21,6,426,0.3824079930782318,FTTransformer|Weighted BCE
21,7,427,0.281999409198761,FTTransformer|Weighted BCE
21,8,428,0.26650261878967285,FTTransformer|Weighted BCE
21,9,429,0.31159886717796326,FTTransformer|Weighted BCE
21,10,430,0.5312356352806091,FTTransformer|Weighted BCE
21,11,431,0.33449792861938477,FTTransformer|Weighted BCE
21,12,432,0.34162384271621704,FTTransformer|Weighted BCE
21,13,433,0.24455250799655914,FTTransformer|Weighted BCE
21,14,434,0.24379608035087585,FTTransformer|Weighted BCE
21,15,435,0.2972694933414459,FTTransformer|Weighted BCE
21,16,436,0.35060805082321167,FTTransformer|Weighted BCE
21,17,437,0.2753947675228119,FTTransformer|Weighted BCE
21,18,438,0.3279237449169159,FTTransformer|Weighted BCE
21,19,439,0.4136735200881958,FTTransformer|Weighted BCE
21,20,440,0.4051472246646881,FTTransformer|Weighted BCE
21,21,441,0.3547162115573883,FTTransformer|Weighted BCE
22,1,442,0.25369641184806824,FTTransformer|Weighted BCE
22,2,443,0.397555947303772,FTTransformer|Weighted BCE
22,3,444,0.2897583246231079,FTTransformer|Weighted BCE
22,4,445,0.34093204140663147,FTTransformer|Weighted BCE
22,5,446,0.35601383447647095,FTTransformer|Weighted BCE
22,6,447,0.4395184814929962,FTTransformer|Weighted BCE
22,7,448,0.4099106192588806,FTTransformer|Weighted BCE
22,8,449,0.3077530860900879,FTTransformer|Weighted BCE
22,9,450,0.3897128403186798,FTTransformer|Weighted BCE
22,10,451,0.3924955427646637,FTTransformer|Weighted BCE
22,11,452,0.3498612642288208,FTTransformer|Weighted BCE
22,12,453,0.5005215406417847,FTTransformer|Weighted BCE
22,13,454,0.2260369509458542,FTTransformer|Weighted BCE
22,14,455,0.3817594349384308,FTTransformer|Weighted BCE
22,15,456,0.3720899820327759,FTTransformer|Weighted BCE
22,16,457,0.2568172812461853,FTTransformer|Weighted BCE
22,17,458,0.26738014817237854,FTTransformer|Weighted BCE
22,18,459,0.38887786865234375,FTTransformer|Weighted BCE
22,19,460,0.3119785785675049,FTTransformer|Weighted BCE
22,20,461,0.34313997626304626,FTTransformer|Weighted BCE
22,21,462,0.2143489569425583,FTTransformer|Weighted BCE
23,1,463,0.36865732073783875,FTTransformer|Weighted BCE
23,2,464,0.4009518623352051,FTTransformer|Weighted BCE
23,3,465,0.4169336259365082,FTTransformer|Weighted BCE
23,4,466,0.31614136695861816,FTTransformer|Weighted BCE
23,5,467,0.3228018879890442,FTTransformer|Weighted BCE
23,6,468,0.29636135697364807,FTTransformer|Weighted BCE
23,7,469,0.34650301933288574,FTTransformer|Weighted BCE
23,8,470,0.2523025870323181,FTTransformer|Weighted BCE
23,9,471,0.2868618369102478,FTTransformer|Weighted BCE
23,10,472,0.26600027084350586,FTTransformer|Weighted BCE
23,11,473,0.4065045714378357,FTTransformer|Weighted BCE
23,12,474,0.3755768835544586,FTTransformer|Weighted BCE
23,13,475,0.3311375677585602,FTTransformer|Weighted BCE
23,14,476,0.3507840633392334,FTTransformer|Weighted BCE
23,15,477,0.38377609848976135,FTTransformer|Weighted BCE
23,16,478,0.3514857888221741,FTTransformer|Weighted BCE
23,17,479,0.34764063358306885,FTTransformer|Weighted BCE
23,18,480,0.29418477416038513,FTTransformer|Weighted BCE
23,19,481,0.3222010135650635,FTTransformer|Weighted BCE
23,20,482,0.3340727388858795,FTTransformer|Weighted BCE
23,21,483,0.3872111141681671,FTTransformer|Weighted BCE
24,1,484,0.2403804212808609,FTTransformer|Weighted BCE
24,2,485,0.4775686264038086,FTTransformer|Weighted BCE
24,3,486,0.3132551908493042,FTTransformer|Weighted BCE
24,4,487,0.21720854938030243,FTTransformer|Weighted BCE
24,5,488,0.20121505856513977,FTTransformer|Weighted BCE
24,6,489,0.3516833186149597,FTTransformer|Weighted BCE
24,7,490,0.44767099618911743,FTTransformer|Weighted BCE
24,8,491,0.39546123147010803,FTTransformer|Weighted BCE
24,9,492,0.3981929421424866,FTTransformer|Weighted BCE
24,10,493,0.3349982798099518,FTTransformer|Weighted BCE
24,11,494,0.35832536220550537,FTTransformer|Weighted BCE
24,12,495,0.249854177236557,FTTransformer|Weighted BCE
24,13,496,0.27670803666114807,FTTransformer|Weighted BCE
24,14,497,0.4155959486961365,FTTransformer|Weighted BCE
24,15,498,0.4105532467365265,FTTransformer|Weighted BCE
24,16,499,0.33692827820777893,FTTransformer|Weighted BCE
24,17,500,0.326227605342865,FTTransformer|Weighted BCE
24,18,501,0.3568337559700012,FTTransformer|Weighted BCE
24,19,502,0.39741721749305725,FTTransformer|Weighted BCE
24,20,503,0.41248372197151184,FTTransformer|Weighted BCE
24,21,504,0.08960389345884323,FTTransformer|Weighted BCE
25,1,505,0.3159789443016052,FTTransformer|Weighted BCE
25,2,506,0.26365774869918823,FTTransformer|Weighted BCE
25,3,507,0.29015156626701355,FTTransformer|Weighted BCE
25,4,508,0.41490429639816284,FTTransformer|Weighted BCE
25,5,509,0.3284841477870941,FTTransformer|Weighted BCE
25,6,510,0.24237677454948425,FTTransformer|Weighted BCE
25,7,511,0.31078171730041504,FTTransformer|Weighted BCE
25,8,512,0.2795536518096924,FTTransformer|Weighted BCE
25,9,513,0.2831534743309021,FTTransformer|Weighted BCE
25,10,514,0.6479344367980957,FTTransformer|Weighted BCE
25,11,515,0.45238664746284485,FTTransformer|Weighted BCE
25,12,516,0.49260956048965454,FTTransformer|Weighted BCE
25,13,517,0.3163630962371826,FTTransformer|Weighted BCE
25,14,518,0.3033134639263153,FTTransformer|Weighted BCE
25,15,519,0.3203703463077545,FTTransformer|Weighted BCE
25,16,520,0.3524818420410156,FTTransformer|Weighted BCE
25,17,521,0.3176719546318054,FTTransformer|Weighted BCE
25,18,522,0.3351137042045593,FTTransformer|Weighted BCE
25,19,523,0.34047505259513855,FTTransformer|Weighted BCE
25,20,524,0.3486689627170563,FTTransformer|Weighted BCE
25,21,525,0.37912291288375854,FTTransformer|Weighted BCE
26,1,526,0.3345649242401123,FTTransformer|Weighted BCE
26,2,527,0.36493340134620667,FTTransformer|Weighted BCE
26,3,528,0.43541499972343445,FTTransformer|Weighted BCE
26,4,529,0.5598257780075073,FTTransformer|Weighted BCE
26,5,530,0.30565184354782104,FTTransformer|Weighted BCE
26,6,531,0.21372760832309723,FTTransformer|Weighted BCE
26,7,532,0.2768361270427704,FTTransformer|Weighted BCE
26,8,533,0.4867677092552185,FTTransformer|Weighted BCE
26,9,534,0.2334316074848175,FTTransformer|Weighted BCE
26,10,535,0.3519279956817627,FTTransformer|Weighted BCE
26,11,536,0.3008049726486206,FTTransformer|Weighted BCE
26,12,537,0.3181491196155548,FTTransformer|Weighted BCE
26,13,538,0.19393424689769745,FTTransformer|Weighted BCE
26,14,539,0.27155160903930664,FTTransformer|Weighted BCE
26,15,540,0.22939865291118622,FTTransformer|Weighted BCE
26,16,541,0.290783554315567,FTTransformer|Weighted BCE
26,17,542,0.2857462763786316,FTTransformer|Weighted BCE
26,18,543,0.497974157333374,FTTransformer|Weighted BCE
26,19,544,0.3218810260295868,FTTransformer|Weighted BCE
26,20,545,0.38466766476631165,FTTransformer|Weighted BCE
26,21,546,0.3908270299434662,FTTransformer|Weighted BCE
27,1,547,0.31471115350723267,FTTransformer|Weighted BCE
27,2,548,0.3423071801662445,FTTransformer|Weighted BCE
27,3,549,0.2914697229862213,FTTransformer|Weighted BCE
27,4,550,0.266722708940506,FTTransformer|Weighted BCE
27,5,551,0.2835712432861328,FTTransformer|Weighted BCE
27,6,552,0.4523063004016876,FTTransformer|Weighted BCE
27,7,553,0.411359965801239,FTTransformer|Weighted BCE
27,8,554,0.32536688446998596,FTTransformer|Weighted BCE
27,9,555,0.283811092376709,FTTransformer|Weighted BCE
27,10,556,0.3402458727359772,FTTransformer|Weighted BCE
27,11,557,0.34259140491485596,FTTransformer|Weighted BCE
27,12,558,0.21602465212345123,FTTransformer|Weighted BCE
27,13,559,0.43315383791923523,FTTransformer|Weighted BCE
27,14,560,0.2903386056423187,FTTransformer|Weighted BCE
27,15,561,0.3648543059825897,FTTransformer|Weighted BCE
27,16,562,0.2388918101787567,FTTransformer|Weighted BCE
27,17,563,0.4660094976425171,FTTransformer|Weighted BCE
27,18,564,0.26404789090156555,FTTransformer|Weighted BCE
27,19,565,0.303144246339798,FTTransformer|Weighted BCE
27,20,566,0.2494884729385376,FTTransformer|Weighted BCE
27,21,567,0.4825213849544525,FTTransformer|Weighted BCE
28,1,568,0.23798614740371704,FTTransformer|Weighted BCE
28,2,569,0.24173787236213684,FTTransformer|Weighted BCE
28,3,570,0.4985729455947876,FTTransformer|Weighted BCE
28,4,571,0.3797023892402649,FTTransformer|Weighted BCE
28,5,572,0.3319595158100128,FTTransformer|Weighted BCE
28,6,573,0.2569267451763153,FTTransformer|Weighted BCE
28,7,574,0.22090958058834076,FTTransformer|Weighted BCE
28,8,575,0.27764537930488586,FTTransformer|Weighted BCE
28,9,576,0.4842170774936676,FTTransformer|Weighted BCE
28,10,577,0.6296143531799316,FTTransformer|Weighted BCE
28,11,578,0.19098468124866486,FTTransformer|Weighted BCE
28,12,579,0.34265804290771484,FTTransformer|Weighted BCE
28,13,580,0.4895196855068207,FTTransformer|Weighted BCE
28,14,581,0.3523027002811432,FTTransformer|Weighted BCE
28,15,582,0.4854578375816345,FTTransformer|Weighted BCE
28,16,583,0.4196570813655853,FTTransformer|Weighted BCE
28,17,584,0.24735718965530396,FTTransformer|Weighted BCE
28,18,585,0.2578107416629791,FTTransformer|Weighted BCE
28,19,586,0.33270928263664246,FTTransformer|Weighted BCE
28,20,587,0.4028667211532593,FTTransformer|Weighted BCE
28,21,588,0.5043471455574036,FTTransformer|Weighted BCE
29,1,589,0.3567791283130646,FTTransformer|Weighted BCE
29,2,590,0.30228471755981445,FTTransformer|Weighted BCE
29,3,591,0.32335588335990906,FTTransformer|Weighted BCE
29,4,592,0.35013270378112793,FTTransformer|Weighted BCE
29,5,593,0.3999789357185364,FTTransformer|Weighted BCE
29,6,594,0.34451255202293396,FTTransformer|Weighted BCE
29,7,595,0.38170599937438965,FTTransformer|Weighted BCE
29,8,596,0.18697130680084229,FTTransformer|Weighted BCE
29,9,597,0.28110694885253906,FTTransformer|Weighted BCE
29,10,598,0.36199772357940674,FTTransformer|Weighted BCE
29,11,599,0.28123217821121216,FTTransformer|Weighted BCE
29,12,600,0.2803378105163574,FTTransformer|Weighted BCE
29,13,601,0.28611987829208374,FTTransformer|Weighted BCE
29,14,602,0.329098105430603,FTTransformer|Weighted BCE
29,15,603,0.263148695230484,FTTransformer|Weighted BCE
29,16,604,0.4564219117164612,FTTransformer|Weighted BCE
29,17,605,0.36268532276153564,FTTransformer|Weighted BCE
29,18,606,0.28029680252075195,FTTransformer|Weighted BCE
29,19,607,0.3840746283531189,FTTransformer|Weighted BCE
29,20,608,0.357154905796051,FTTransformer|Weighted BCE
29,21,609,0.31210148334503174,FTTransformer|Weighted BCE
30,1,610,0.27337896823883057,FTTransformer|Weighted BCE
30,2,611,0.30788376927375793,FTTransformer|Weighted BCE
30,3,612,0.3562319576740265,FTTransformer|Weighted BCE
30,4,613,0.3905453681945801,FTTransformer|Weighted BCE
30,5,614,0.15750090777873993,FTTransformer|Weighted BCE
30,6,615,0.2748487591743469,FTTransformer|Weighted BCE
30,7,616,0.3614371418952942,FTTransformer|Weighted BCE
30,8,617,0.5329868197441101,FTTransformer|Weighted BCE
30,9,618,0.2659539580345154,FTTransformer|Weighted BCE
30,10,619,0.2621256113052368,FTTransformer|Weighted BCE
30,11,620,0.2851497232913971,FTTransformer|Weighted BCE
30,12,621,0.4638839364051819,FTTransformer|Weighted BCE
30,13,622,0.4079630970954895,FTTransformer|Weighted BCE
30,14,623,0.28013065457344055,FTTransformer|Weighted BCE
30,15,624,0.32035747170448303,FTTransformer|Weighted BCE
30,16,625,0.27010002732276917,FTTransformer|Weighted BCE
30,17,626,0.33171001076698303,FTTransformer|Weighted BCE
30,18,627,0.24133533239364624,FTTransformer|Weighted BCE
30,19,628,0.2522318661212921,FTTransformer|Weighted BCE
30,20,629,0.38064658641815186,FTTransformer|Weighted BCE
30,21,630,0.30574268102645874,FTTransformer|Weighted BCE
31,1,631,0.3266412019729614,FTTransformer|Weighted BCE
31,2,632,0.22041460871696472,FTTransformer|Weighted BCE
31,3,633,0.40428704023361206,FTTransformer|Weighted BCE
31,4,634,0.3374166786670685,FTTransformer|Weighted BCE
31,5,635,0.25356557965278625,FTTransformer|Weighted BCE
31,6,636,0.44613537192344666,FTTransformer|Weighted BCE
31,7,637,0.31888166069984436,FTTransformer|Weighted BCE
31,8,638,0.2566942870616913,FTTransformer|Weighted BCE
31,9,639,0.4458042085170746,FTTransformer|Weighted BCE
31,10,640,0.4184972047805786,FTTransformer|Weighted BCE
31,11,641,0.27900177240371704,FTTransformer|Weighted BCE
31,12,642,0.45778095722198486,FTTransformer|Weighted BCE
31,13,643,0.23306970298290253,FTTransformer|Weighted BCE
31,14,644,0.2908053994178772,FTTransformer|Weighted BCE
31,15,645,0.3146863877773285,FTTransformer|Weighted BCE
31,16,646,0.3183647394180298,FTTransformer|Weighted BCE
31,17,647,0.1750316321849823,FTTransformer|Weighted BCE
31,18,648,0.4399789571762085,FTTransformer|Weighted BCE
31,19,649,0.40321171283721924,FTTransformer|Weighted BCE
31,20,650,0.3646380603313446,FTTransformer|Weighted BCE
31,21,651,0.2506725490093231,FTTransformer|Weighted BCE
32,1,652,0.33792877197265625,FTTransformer|Weighted BCE
32,2,653,0.2505055069923401,FTTransformer|Weighted BCE
32,3,654,0.2887864112854004,FTTransformer|Weighted BCE
32,4,655,0.4792909622192383,FTTransformer|Weighted BCE
32,5,656,0.34681135416030884,FTTransformer|Weighted BCE
32,6,657,0.23315352201461792,FTTransformer|Weighted BCE
32,7,658,0.32272881269454956,FTTransformer|Weighted BCE
32,8,659,0.38766568899154663,FTTransformer|Weighted BCE
32,9,660,0.20704221725463867,FTTransformer|Weighted BCE
32,10,661,0.28700631856918335,FTTransformer|Weighted BCE
32,11,662,0.31630444526672363,FTTransformer|Weighted BCE
32,12,663,0.26196131110191345,FTTransformer|Weighted BCE
32,13,664,0.37057048082351685,FTTransformer|Weighted BCE
32,14,665,0.4709610342979431,FTTransformer|Weighted BCE
32,15,666,0.38187921047210693,FTTransformer|Weighted BCE
32,16,667,0.25292056798934937,FTTransformer|Weighted BCE
32,17,668,0.2884594202041626,FTTransformer|Weighted BCE
32,18,669,0.3745099902153015,FTTransformer|Weighted BCE
32,19,670,0.2504366338253021,FTTransformer|Weighted BCE
32,20,671,0.3414152264595032,FTTransformer|Weighted BCE
32,21,672,0.5652899146080017,FTTransformer|Weighted BCE
33,1,673,0.2271638661623001,FTTransformer|Weighted BCE
33,2,674,0.3943583369255066,FTTransformer|Weighted BCE
33,3,675,0.3364143669605255,FTTransformer|Weighted BCE
33,4,676,0.2749004364013672,FTTransformer|Weighted BCE
33,5,677,0.28074911236763,FTTransformer|Weighted BCE
33,6,678,0.3521707057952881,FTTransformer|Weighted BCE
33,7,679,0.2113756239414215,FTTransformer|Weighted BCE
33,8,680,0.30111438035964966,FTTransformer|Weighted BCE
33,9,681,0.40927258133888245,FTTransformer|Weighted BCE
33,10,682,0.3897901773452759,FTTransformer|Weighted BCE
33,11,683,0.3628541827201843,FTTransformer|Weighted BCE
33,12,684,0.3801972270011902,FTTransformer|Weighted BCE
33,13,685,0.2591773271560669,FTTransformer|Weighted BCE
33,14,686,0.27253809571266174,FTTransformer|Weighted BCE
33,15,687,0.3622518479824066,FTTransformer|Weighted BCE
33,16,688,0.24606668949127197,FTTransformer|Weighted BCE
33,17,689,0.24810552597045898,FTTransformer|Weighted BCE
33,18,690,0.3463563919067383,FTTransformer|Weighted BCE
33,19,691,0.2840828001499176,FTTransformer|Weighted BCE
33,20,692,0.26686012744903564,FTTransformer|Weighted BCE
33,21,693,0.3135180175304413,FTTransformer|Weighted BCE
34,1,694,0.2873665392398834,FTTransformer|Weighted BCE
34,2,695,0.26622849702835083,FTTransformer|Weighted BCE
34,3,696,0.3521893620491028,FTTransformer|Weighted BCE
34,4,697,0.3059242367744446,FTTransformer|Weighted BCE
34,5,698,0.2856005132198334,FTTransformer|Weighted BCE
34,6,699,0.24740706384181976,FTTransformer|Weighted BCE
34,7,700,0.4182088375091553,FTTransformer|Weighted BCE
34,8,701,0.32524698972702026,FTTransformer|Weighted BCE
34,9,702,0.23511508107185364,FTTransformer|Weighted BCE
34,10,703,0.30723369121551514,FTTransformer|Weighted BCE
34,11,704,0.2322385311126709,FTTransformer|Weighted BCE
34,12,705,0.34728503227233887,FTTransformer|Weighted BCE
34,13,706,0.3323787748813629,FTTransformer|Weighted BCE
34,14,707,0.27870243787765503,FTTransformer|Weighted BCE
34,15,708,0.14266927540302277,FTTransformer|Weighted BCE
34,16,709,0.2883508801460266,FTTransformer|Weighted BCE
34,17,710,0.3842702805995941,FTTransformer|Weighted BCE
34,18,711,0.3019266724586487,FTTransformer|Weighted BCE
34,19,712,0.5736688375473022,FTTransformer|Weighted BCE
34,20,713,0.3806345462799072,FTTransformer|Weighted BCE
34,21,714,0.5189735293388367,FTTransformer|Weighted BCE
35,1,715,0.20334669947624207,FTTransformer|Weighted BCE
35,2,716,0.2630031406879425,FTTransformer|Weighted BCE
35,3,717,0.21812473237514496,FTTransformer|Weighted BCE
35,4,718,0.2714192569255829,FTTransformer|Weighted BCE
35,5,719,0.3466399013996124,FTTransformer|Weighted BCE
35,6,720,0.285936176776886,FTTransformer|Weighted BCE
35,7,721,0.24484193325042725,FTTransformer|Weighted BCE
35,8,722,0.39396554231643677,FTTransformer|Weighted BCE
35,9,723,0.1617761254310608,FTTransformer|Weighted BCE
35,10,724,0.3454621434211731,FTTransformer|Weighted BCE
35,11,725,0.4179112911224365,FTTransformer|Weighted BCE
35,12,726,0.2335730493068695,FTTransformer|Weighted BCE
35,13,727,0.25143638253211975,FTTransformer|Weighted BCE
35,14,728,0.3309843838214874,FTTransformer|Weighted BCE
35,15,729,0.2311006784439087,FTTransformer|Weighted BCE
35,16,730,0.2394547164440155,FTTransformer|Weighted BCE
35,17,731,0.2526841461658478,FTTransformer|Weighted BCE
35,18,732,0.347709059715271,FTTransformer|Weighted BCE
35,19,733,0.3598296046257019,FTTransformer|Weighted BCE
35,20,734,0.5882115364074707,FTTransformer|Weighted BCE
35,21,735,0.18296828866004944,FTTransformer|Weighted BCE
36,1,736,0.21023797988891602,FTTransformer|Weighted BCE
36,2,737,0.16066955029964447,FTTransformer|Weighted BCE
36,3,738,0.28367629647254944,FTTransformer|Weighted BCE
36,4,739,0.17993798851966858,FTTransformer|Weighted BCE
36,5,740,0.34164702892303467,FTTransformer|Weighted BCE
36,6,741,0.2763018012046814,FTTransformer|Weighted BCE
36,7,742,0.29614555835723877,FTTransformer|Weighted BCE
36,8,743,0.27312442660331726,FTTransformer|Weighted BCE
36,9,744,0.37479785084724426,FTTransformer|Weighted BCE
36,10,745,0.259703129529953,FTTransformer|Weighted BCE
36,11,746,0.20647066831588745,FTTransformer|Weighted BCE
36,12,747,0.3651362955570221,FTTransformer|Weighted BCE
36,13,748,0.3186047077178955,FTTransformer|Weighted BCE
36,14,749,0.31465813517570496,FTTransformer|Weighted BCE
36,15,750,0.36900007724761963,FTTransformer|Weighted BCE
36,16,751,0.283273309469223,FTTransformer|Weighted BCE
36,17,752,0.3076675832271576,FTTransformer|Weighted BCE
36,18,753,0.2587651014328003,FTTransformer|Weighted BCE
36,19,754,0.415250688791275,FTTransformer|Weighted BCE
36,20,755,0.4005623459815979,FTTransformer|Weighted BCE
36,21,756,0.1953735500574112,FTTransformer|Weighted BCE
37,1,757,0.26245570182800293,FTTransformer|Weighted BCE
37,2,758,0.3496531546115875,FTTransformer|Weighted BCE
37,3,759,0.6238940358161926,FTTransformer|Weighted BCE
37,4,760,0.325461745262146,FTTransformer|Weighted BCE
37,5,761,0.30250582098960876,FTTransformer|Weighted BCE
37,6,762,0.2699187994003296,FTTransformer|Weighted BCE
37,7,763,0.2691936492919922,FTTransformer|Weighted BCE
37,8,764,0.2619563639163971,FTTransformer|Weighted BCE
37,9,765,0.23697103559970856,FTTransformer|Weighted BCE
37,10,766,0.29091203212738037,FTTransformer|Weighted BCE
37,11,767,0.5398160219192505,FTTransformer|Weighted BCE
37,12,768,0.2733156681060791,FTTransformer|Weighted BCE
37,13,769,0.23813486099243164,FTTransformer|Weighted BCE
37,14,770,0.2544758915901184,FTTransformer|Weighted BCE
37,15,771,0.27864721417427063,FTTransformer|Weighted BCE
37,16,772,0.37827008962631226,FTTransformer|Weighted BCE
37,17,773,0.405440092086792,FTTransformer|Weighted BCE
37,18,774,0.30889660120010376,FTTransformer|Weighted BCE
37,19,775,0.3164050877094269,FTTransformer|Weighted BCE
37,20,776,0.31553909182548523,FTTransformer|Weighted BCE
37,21,777,0.3245176374912262,FTTransformer|Weighted BCE
38,1,778,0.27580559253692627,FTTransformer|Weighted BCE
38,2,779,0.3518243432044983,FTTransformer|Weighted BCE
38,3,780,0.35212182998657227,FTTransformer|Weighted BCE
38,4,781,0.34745657444000244,FTTransformer|Weighted BCE
38,5,782,0.202702596783638,FTTransformer|Weighted BCE
38,6,783,0.3258994221687317,FTTransformer|Weighted BCE
38,7,784,0.4160224497318268,FTTransformer|Weighted BCE
38,8,785,0.28827738761901855,FTTransformer|Weighted BCE
38,9,786,0.22205358743667603,FTTransformer|Weighted BCE
38,10,787,0.3511545956134796,FTTransformer|Weighted BCE
38,11,788,0.48696190118789673,FTTransformer|Weighted BCE
38,12,789,0.3836483061313629,FTTransformer|Weighted BCE
38,13,790,0.3711338937282562,FTTransformer|Weighted BCE
38,14,791,0.3286312520503998,FTTransformer|Weighted BCE
38,15,792,0.25197193026542664,FTTransformer|Weighted BCE
38,16,793,0.3121720254421234,FTTransformer|Weighted BCE
38,17,794,0.2676694989204407,FTTransformer|Weighted BCE
38,18,795,0.2621137499809265,FTTransformer|Weighted BCE
38,19,796,0.2622319459915161,FTTransformer|Weighted BCE
38,20,797,0.2138538956642151,FTTransformer|Weighted BCE
38,21,798,0.5788440704345703,FTTransformer|Weighted BCE
39,1,799,0.24591536819934845,FTTransformer|Weighted BCE
39,2,800,0.3449277877807617,FTTransformer|Weighted BCE
39,3,801,0.3881777226924896,FTTransformer|Weighted BCE
39,4,802,0.3378453254699707,FTTransformer|Weighted BCE
39,5,803,0.20444568991661072,FTTransformer|Weighted BCE
39,6,804,0.5877299904823303,FTTransformer|Weighted BCE
39,7,805,0.30212709307670593,FTTransformer|Weighted BCE
39,8,806,0.2372283637523651,FTTransformer|Weighted BCE
39,9,807,0.2850721478462219,FTTransformer|Weighted BCE
39,10,808,0.34302911162376404,FTTransformer|Weighted BCE
39,11,809,0.27099552750587463,FTTransformer|Weighted BCE
39,12,810,0.28322234749794006,FTTransformer|Weighted BCE
39,13,811,0.3962811529636383,FTTransformer|Weighted BCE
39,14,812,0.3636990189552307,FTTransformer|Weighted BCE
39,15,813,0.30640652775764465,FTTransformer|Weighted BCE
39,16,814,0.2661658525466919,FTTransformer|Weighted BCE
39,17,815,0.5009616017341614,FTTransformer|Weighted BCE
39,18,816,0.3110014498233795,FTTransformer|Weighted BCE
39,19,817,0.1473807692527771,FTTransformer|Weighted BCE
39,20,818,0.17704050242900848,FTTransformer|Weighted BCE
39,21,819,0.12421035021543503,FTTransformer|Weighted BCE
40,1,820,0.5494856834411621,FTTransformer|Weighted BCE
40,2,821,0.17355972528457642,FTTransformer|Weighted BCE
40,3,822,0.2912140190601349,FTTransformer|Weighted BCE
40,4,823,0.3507024645805359,FTTransformer|Weighted BCE
40,5,824,0.2802778482437134,FTTransformer|Weighted BCE
40,6,825,0.214861199259758,FTTransformer|Weighted BCE
40,7,826,0.3431408703327179,FTTransformer|Weighted BCE
40,8,827,0.3208755850791931,FTTransformer|Weighted BCE
40,9,828,0.17238721251487732,FTTransformer|Weighted BCE
40,10,829,0.31234070658683777,FTTransformer|Weighted BCE
40,11,830,0.2500973343849182,FTTransformer|Weighted BCE
40,12,831,0.21713535487651825,FTTransformer|Weighted BCE
40,13,832,0.30121445655822754,FTTransformer|Weighted BCE
40,14,833,0.3077602982521057,FTTransformer|Weighted BCE
40,15,834,0.2281598448753357,FTTransformer|Weighted BCE
40,16,835,0.25492268800735474,FTTransformer|Weighted BCE
40,17,836,0.2587472200393677,FTTransformer|Weighted BCE
40,18,837,0.3651547431945801,FTTransformer|Weighted BCE
40,19,838,0.2934401035308838,FTTransformer|Weighted BCE
40,20,839,0.3784295618534088,FTTransformer|Weighted BCE
40,21,840,0.08931652456521988,FTTransformer|Weighted BCE
41,1,841,0.2576974928379059,FTTransformer|Weighted BCE
41,2,842,0.41753900051116943,FTTransformer|Weighted BCE
41,3,843,0.5915287733078003,FTTransformer|Weighted BCE
41,4,844,0.31678369641304016,FTTransformer|Weighted BCE
41,5,845,0.4976608157157898,FTTransformer|Weighted BCE
41,6,846,0.2918616831302643,FTTransformer|Weighted BCE
41,7,847,0.3026132881641388,FTTransformer|Weighted BCE
41,8,848,0.27131256461143494,FTTransformer|Weighted BCE
41,9,849,0.3170691132545471,FTTransformer|Weighted BCE
41,10,850,0.18018010258674622,FTTransformer|Weighted BCE
41,11,851,0.1927158385515213,FTTransformer|Weighted BCE
41,12,852,0.2613231837749481,FTTransformer|Weighted BCE
41,13,853,0.21184206008911133,FTTransformer|Weighted BCE
41,14,854,0.26683318614959717,FTTransformer|Weighted BCE
41,15,855,0.2511451244354248,FTTransformer|Weighted BCE
41,16,856,0.48528575897216797,FTTransformer|Weighted BCE
41,17,857,0.3865608274936676,FTTransformer|Weighted BCE
41,18,858,0.3709304630756378,FTTransformer|Weighted BCE
41,19,859,0.25128281116485596,FTTransformer|Weighted BCE
41,20,860,0.37274643778800964,FTTransformer|Weighted BCE
41,21,861,0.22446416318416595,FTTransformer|Weighted BCE
42,1,862,0.235304057598114,FTTransformer|Weighted BCE
42,2,863,0.3069689869880676,FTTransformer|Weighted BCE
42,3,864,0.26559633016586304,FTTransformer|Weighted BCE
42,4,865,0.2461152970790863,FTTransformer|Weighted BCE
42,5,866,0.34572044014930725,FTTransformer|Weighted BCE
42,6,867,0.24269512295722961,FTTransformer|Weighted BCE
42,7,868,0.25408801436424255,FTTransformer|Weighted BCE
42,8,869,0.25864994525909424,FTTransformer|Weighted BCE
42,9,870,0.322590172290802,FTTransformer|Weighted BCE
42,10,871,0.38542401790618896,FTTransformer|Weighted BCE
42,11,872,0.31955868005752563,FTTransformer|Weighted BCE
42,12,873,0.42661771178245544,FTTransformer|Weighted BCE
42,13,874,0.3071795701980591,FTTransformer|Weighted BCE
42,14,875,0.31093668937683105,FTTransformer|Weighted BCE
42,15,876,0.3579522669315338,FTTransformer|Weighted BCE
42,16,877,0.4031279683113098,FTTransformer|Weighted BCE
42,17,878,0.2430819272994995,FTTransformer|Weighted BCE
42,18,879,0.5121628046035767,FTTransformer|Weighted BCE
42,19,880,0.16144263744354248,FTTransformer|Weighted BCE
42,20,881,0.20525363087654114,FTTransformer|Weighted BCE
42,21,882,0.1611916422843933,FTTransformer|Weighted BCE
43,1,883,0.3227967321872711,FTTransformer|Weighted BCE
43,2,884,0.19204984605312347,FTTransformer|Weighted BCE
43,3,885,0.296918660402298,FTTransformer|Weighted BCE
43,4,886,0.3039872944355011,FTTransformer|Weighted BCE
43,5,887,0.30987685918807983,FTTransformer|Weighted BCE
43,6,888,0.39330461621284485,FTTransformer|Weighted BCE
43,7,889,0.2523994743824005,FTTransformer|Weighted BCE
43,8,890,0.31083446741104126,FTTransformer|Weighted BCE
43,9,891,0.3057515621185303,FTTransformer|Weighted BCE
43,10,892,0.25017938017845154,FTTransformer|Weighted BCE
43,11,893,0.34656283259391785,FTTransformer|Weighted BCE
43,12,894,0.36726126074790955,FTTransformer|Weighted BCE
43,13,895,0.3794378638267517,FTTransformer|Weighted BCE
43,14,896,0.271786630153656,FTTransformer|Weighted BCE
43,15,897,0.37587472796440125,FTTransformer|Weighted BCE
43,16,898,0.29108625650405884,FTTransformer|Weighted BCE
43,17,899,0.36906081438064575,FTTransformer|Weighted BCE
43,18,900,0.425875186920166,FTTransformer|Weighted BCE
43,19,901,0.1917874664068222,FTTransformer|Weighted BCE
43,20,902,0.28944137692451477,FTTransformer|Weighted BCE
43,21,903,0.3057323098182678,FTTransformer|Weighted BCE
44,1,904,0.3304762840270996,FTTransformer|Weighted BCE
44,2,905,0.376687616109848,FTTransformer|Weighted BCE
44,3,906,0.2313934564590454,FTTransformer|Weighted BCE
44,4,907,0.3717108964920044,FTTransformer|Weighted BCE
44,5,908,0.3725086450576782,FTTransformer|Weighted BCE
44,6,909,0.21533508598804474,FTTransformer|Weighted BCE
44,7,910,0.2957060635089874,FTTransformer|Weighted BCE
44,8,911,0.5252925157546997,FTTransformer|Weighted BCE
44,9,912,0.26910245418548584,FTTransformer|Weighted BCE
44,10,913,0.36445116996765137,FTTransformer|Weighted BCE
44,11,914,0.25870856642723083,FTTransformer|Weighted BCE
44,12,915,0.3843432068824768,FTTransformer|Weighted BCE
44,13,916,0.24510148167610168,FTTransformer|Weighted BCE
44,14,917,0.2823331952095032,FTTransformer|Weighted BCE
44,15,918,0.22556553781032562,FTTransformer|Weighted BCE
44,16,919,0.14974012970924377,FTTransformer|Weighted BCE
44,17,920,0.4241204261779785,FTTransformer|Weighted BCE
44,18,921,0.31956377625465393,FTTransformer|Weighted BCE
44,19,922,0.25518161058425903,FTTransformer|Weighted BCE
44,20,923,0.3092302978038788,FTTransformer|Weighted BCE
44,21,924,0.5899807810783386,FTTransformer|Weighted BCE
45,1,925,0.29126524925231934,FTTransformer|Weighted BCE
45,2,926,0.250736802816391,FTTransformer|Weighted BCE
45,3,927,0.21608415246009827,FTTransformer|Weighted BCE
45,4,928,0.27264168858528137,FTTransformer|Weighted BCE
45,5,929,0.3869333863258362,FTTransformer|Weighted BCE
45,6,930,0.34616196155548096,FTTransformer|Weighted BCE
45,7,931,0.2623540759086609,FTTransformer|Weighted BCE
45,8,932,0.21395805478096008,FTTransformer|Weighted BCE
45,9,933,0.41599708795547485,FTTransformer|Weighted BCE
45,10,934,0.3465290665626526,FTTransformer|Weighted BCE
45,11,935,0.34098726511001587,FTTransformer|Weighted BCE
45,12,936,0.29029303789138794,FTTransformer|Weighted BCE
45,13,937,0.27870580554008484,FTTransformer|Weighted BCE
45,14,938,0.26981836557388306,FTTransformer|Weighted BCE
45,15,939,0.35124191641807556,FTTransformer|Weighted BCE
45,16,940,0.2351362407207489,FTTransformer|Weighted BCE
45,17,941,0.3443218469619751,FTTransformer|Weighted BCE
45,18,942,0.3792460560798645,FTTransformer|Weighted BCE
45,19,943,0.1727285385131836,FTTransformer|Weighted BCE
45,20,944,0.39250075817108154,FTTransformer|Weighted BCE
45,21,945,0.33763980865478516,FTTransformer|Weighted BCE
46,1,946,0.36174243688583374,FTTransformer|Weighted BCE
46,2,947,0.3334895372390747,FTTransformer|Weighted BCE
46,3,948,0.33324822783470154,FTTransformer|Weighted BCE
46,4,949,0.33181631565093994,FTTransformer|Weighted BCE
46,5,950,0.3110303282737732,FTTransformer|Weighted BCE
46,6,951,0.3036804497241974,FTTransformer|Weighted BCE
46,7,952,0.28795182704925537,FTTransformer|Weighted BCE
46,8,953,0.2535404860973358,FTTransformer|Weighted BCE
46,9,954,0.2435617744922638,FTTransformer|Weighted BCE
46,10,955,0.2579631209373474,FTTransformer|Weighted BCE
46,11,956,0.30113211274147034,FTTransformer|Weighted BCE
46,12,957,0.32186996936798096,FTTransformer|Weighted BCE
46,13,958,0.3348501920700073,FTTransformer|Weighted BCE
46,14,959,0.39589574933052063,FTTransformer|Weighted BCE
46,15,960,0.33396685123443604,FTTransformer|Weighted BCE
46,16,961,0.3037799000740051,FTTransformer|Weighted BCE
46,17,962,0.3794407844543457,FTTransformer|Weighted BCE
46,18,963,0.24093806743621826,FTTransformer|Weighted BCE
46,19,964,0.24853652715682983,FTTransformer|Weighted BCE
46,20,965,0.3093985319137573,FTTransformer|Weighted BCE
46,21,966,0.12475371360778809,FTTransformer|Weighted BCE
47,1,967,0.37491631507873535,FTTransformer|Weighted BCE
47,2,968,0.29404357075691223,FTTransformer|Weighted BCE
47,3,969,0.3392152786254883,FTTransformer|Weighted BCE
47,4,970,0.24832206964492798,FTTransformer|Weighted BCE
47,5,971,0.38234323263168335,FTTransformer|Weighted BCE
47,6,972,0.3110761344432831,FTTransformer|Weighted BCE
47,7,973,0.216354101896286,FTTransformer|Weighted BCE
47,8,974,0.2584246098995209,FTTransformer|Weighted BCE
47,9,975,0.27560746669769287,FTTransformer|Weighted BCE
47,10,976,0.33589670062065125,FTTransformer|Weighted BCE
47,11,977,0.2040480077266693,FTTransformer|Weighted BCE
47,12,978,0.39146649837493896,FTTransformer|Weighted BCE
47,13,979,0.37323540449142456,FTTransformer|Weighted BCE
47,14,980,0.33170780539512634,FTTransformer|Weighted BCE
47,15,981,0.4573443531990051,FTTransformer|Weighted BCE
47,16,982,0.32297855615615845,FTTransformer|Weighted BCE
47,17,983,0.22666393220424652,FTTransformer|Weighted BCE
47,18,984,0.3695236146450043,FTTransformer|Weighted BCE
47,19,985,0.40005242824554443,FTTransformer|Weighted BCE
47,20,986,0.2779788076877594,FTTransformer|Weighted BCE
47,21,987,0.43010443449020386,FTTransformer|Weighted BCE
48,1,988,0.30868417024612427,FTTransformer|Weighted BCE
48,2,989,0.22786274552345276,FTTransformer|Weighted BCE
48,3,990,0.2939876914024353,FTTransformer|Weighted BCE
48,4,991,0.30843621492385864,FTTransformer|Weighted BCE
48,5,992,0.35269099473953247,FTTransformer|Weighted BCE
48,6,993,0.3575485348701477,FTTransformer|Weighted BCE
48,7,994,0.2459331899881363,FTTransformer|Weighted BCE
48,8,995,0.36905428767204285,FTTransformer|Weighted BCE
48,9,996,0.3764437437057495,FTTransformer|Weighted BCE
48,10,997,0.44313377141952515,FTTransformer|Weighted BCE
48,11,998,0.2808724045753479,FTTransformer|Weighted BCE
48,12,999,0.20886243879795074,FTTransformer|Weighted BCE
48,13,1000,0.3391188681125641,FTTransformer|Weighted BCE
48,14,1001,0.32331687211990356,FTTransformer|Weighted BCE
48,15,1002,0.3184298574924469,FTTransformer|Weighted BCE
48,16,1003,0.4441940188407898,FTTransformer|Weighted BCE
48,17,1004,0.19480229914188385,FTTransformer|Weighted BCE
48,18,1005,0.2981526255607605,FTTransformer|Weighted BCE
48,19,1006,0.23460069298744202,FTTransformer|Weighted BCE
48,20,1007,0.3872087597846985,FTTransformer|Weighted BCE
48,21,1008,0.3357792794704437,FTTransformer|Weighted BCE
49,1,1009,0.21117353439331055,FTTransformer|Weighted BCE
49,2,1010,0.24500231444835663,FTTransformer|Weighted BCE
49,3,1011,0.24887695908546448,FTTransformer|Weighted BCE
49,4,1012,0.29521608352661133,FTTransformer|Weighted BCE
49,5,1013,0.2709016799926758,FTTransformer|Weighted BCE
49,6,1014,0.2737851142883301,FTTransformer|Weighted BCE
49,7,1015,0.29396313428878784,FTTransformer|Weighted BCE
49,8,1016,0.3323003053665161,FTTransformer|Weighted BCE
49,9,1017,0.26558446884155273,FTTransformer|Weighted BCE
49,10,1018,0.3666210472583771,FTTransformer|Weighted BCE
49,11,1019,0.4813912510871887,FTTransformer|Weighted BCE
49,12,1020,0.3489367365837097,FTTransformer|Weighted BCE
49,13,1021,0.4554457664489746,FTTransformer|Weighted BCE
49,14,1022,0.18754209578037262,FTTransformer|Weighted BCE
49,15,1023,0.2805844843387604,FTTransformer|Weighted BCE
49,16,1024,0.3239646553993225,FTTransformer|Weighted BCE
49,17,1025,0.2936945855617523,FTTransformer|Weighted BCE
49,18,1026,0.3657556176185608,FTTransformer|Weighted BCE
49,19,1027,0.28840357065200806,FTTransformer|Weighted BCE
49,20,1028,0.26470449566841125,FTTransformer|Weighted BCE
49,21,1029,0.2595302164554596,FTTransformer|Weighted BCE
50,1,1030,0.39748573303222656,FTTransformer|Weighted BCE
50,2,1031,0.29084211587905884,FTTransformer|Weighted BCE
50,3,1032,0.3775138854980469,FTTransformer|Weighted BCE
50,4,1033,0.192768394947052,FTTransformer|Weighted BCE
50,5,1034,0.3074210286140442,FTTransformer|Weighted BCE
50,6,1035,0.29195332527160645,FTTransformer|Weighted BCE
50,7,1036,0.25280076265335083,FTTransformer|Weighted BCE
50,8,1037,0.30066055059432983,FTTransformer|Weighted BCE
50,9,1038,0.4414290189743042,FTTransformer|Weighted BCE
50,10,1039,0.2629533112049103,FTTransformer|Weighted BCE
50,11,1040,0.309590607881546,FTTransformer|Weighted BCE
50,12,1041,0.38928407430648804,FTTransformer|Weighted BCE
50,13,1042,0.27744442224502563,FTTransformer|Weighted BCE
50,14,1043,0.2149832546710968,FTTransformer|Weighted BCE
50,15,1044,0.26323074102401733,FTTransformer|Weighted BCE
50,16,1045,0.22614705562591553,FTTransformer|Weighted BCE
50,17,1046,0.31636959314346313,FTTransformer|Weighted BCE
50,18,1047,0.4823265075683594,FTTransformer|Weighted BCE
50,19,1048,0.23406249284744263,FTTransformer|Weighted BCE
50,20,1049,0.20451848208904266,FTTransformer|Weighted BCE
50,21,1050,0.3967157006263733,FTTransformer|Weighted BCE
51,1,1051,0.23229822516441345,FTTransformer|Weighted BCE
51,2,1052,0.32118532061576843,FTTransformer|Weighted BCE
51,3,1053,0.3131408989429474,FTTransformer|Weighted BCE
51,4,1054,0.2759298086166382,FTTransformer|Weighted BCE
51,5,1055,0.2854936718940735,FTTransformer|Weighted BCE
51,6,1056,0.3535693287849426,FTTransformer|Weighted BCE
51,7,1057,0.21567922830581665,FTTransformer|Weighted BCE
51,8,1058,0.25085511803627014,FTTransformer|Weighted BCE
51,9,1059,0.323201060295105,FTTransformer|Weighted BCE
51,10,1060,0.29629600048065186,FTTransformer|Weighted BCE
51,11,1061,0.2791312038898468,FTTransformer|Weighted BCE
51,12,1062,0.351786345243454,FTTransformer|Weighted BCE
51,13,1063,0.232486754655838,FTTransformer|Weighted BCE
51,14,1064,0.32877087593078613,FTTransformer|Weighted BCE
51,15,1065,0.2597215175628662,FTTransformer|Weighted BCE
51,16,1066,0.33077627420425415,FTTransformer|Weighted BCE
51,17,1067,0.24878491461277008,FTTransformer|Weighted BCE
51,18,1068,0.3327358365058899,FTTransformer|Weighted BCE
51,19,1069,0.2917932868003845,FTTransformer|Weighted BCE
51,20,1070,0.2554410398006439,FTTransformer|Weighted BCE
51,21,1071,0.3525455594062805,FTTransformer|Weighted BCE
52,1,1072,0.3069841265678406,FTTransformer|Weighted BCE
52,2,1073,0.21806937456130981,FTTransformer|Weighted BCE
52,3,1074,0.3738554120063782,FTTransformer|Weighted BCE
52,4,1075,0.27491891384124756,FTTransformer|Weighted BCE
52,5,1076,0.2500864565372467,FTTransformer|Weighted BCE
52,6,1077,0.44886863231658936,FTTransformer|Weighted BCE
52,7,1078,0.3160635828971863,FTTransformer|Weighted BCE
52,8,1079,0.31629037857055664,FTTransformer|Weighted BCE
52,9,1080,0.28059688210487366,FTTransformer|Weighted BCE
52,10,1081,0.2996652126312256,FTTransformer|Weighted BCE
52,11,1082,0.2741737961769104,FTTransformer|Weighted BCE
52,12,1083,0.380670964717865,FTTransformer|Weighted BCE
52,13,1084,0.15233340859413147,FTTransformer|Weighted BCE
52,14,1085,0.2214113175868988,FTTransformer|Weighted BCE
52,15,1086,0.2413889765739441,FTTransformer|Weighted BCE
52,16,1087,0.2583341896533966,FTTransformer|Weighted BCE
52,17,1088,0.2873448133468628,FTTransformer|Weighted BCE
52,18,1089,0.431976318359375,FTTransformer|Weighted BCE
52,19,1090,0.25492680072784424,FTTransformer|Weighted BCE
52,20,1091,0.3484606444835663,FTTransformer|Weighted BCE
52,21,1092,0.4389267563819885,FTTransformer|Weighted BCE
53,1,1093,0.3205219805240631,FTTransformer|Weighted BCE
53,2,1094,0.2867966592311859,FTTransformer|Weighted BCE
53,3,1095,0.2117830365896225,FTTransformer|Weighted BCE
53,4,1096,0.21545521914958954,FTTransformer|Weighted BCE
53,5,1097,0.2211424708366394,FTTransformer|Weighted BCE
53,6,1098,0.42674893140792847,FTTransformer|Weighted BCE
53,7,1099,0.28649604320526123,FTTransformer|Weighted BCE
53,8,1100,0.3815070390701294,FTTransformer|Weighted BCE
53,9,1101,0.2764311730861664,FTTransformer|Weighted BCE
53,10,1102,0.22602131962776184,FTTransformer|Weighted BCE
53,11,1103,0.2175089567899704,FTTransformer|Weighted BCE
53,12,1104,0.2027183324098587,FTTransformer|Weighted BCE
53,13,1105,0.32688209414482117,FTTransformer|Weighted BCE
53,14,1106,0.25927767157554626,FTTransformer|Weighted BCE
53,15,1107,0.2521311938762665,FTTransformer|Weighted BCE
53,16,1108,0.39656686782836914,FTTransformer|Weighted BCE
53,17,1109,0.3700394034385681,FTTransformer|Weighted BCE
53,18,1110,0.4547744393348694,FTTransformer|Weighted BCE
53,19,1111,0.5734572410583496,FTTransformer|Weighted BCE
53,20,1112,0.32504817843437195,FTTransformer|Weighted BCE
53,21,1113,0.25385984778404236,FTTransformer|Weighted BCE
54,1,1114,0.13810551166534424,FTTransformer|Weighted BCE
54,2,1115,0.3422088623046875,FTTransformer|Weighted BCE
54,3,1116,0.3381832242012024,FTTransformer|Weighted BCE
54,4,1117,0.21409502625465393,FTTransformer|Weighted BCE
54,5,1118,0.23532113432884216,FTTransformer|Weighted BCE
54,6,1119,0.3190568685531616,FTTransformer|Weighted BCE
54,7,1120,0.31001484394073486,FTTransformer|Weighted BCE
54,8,1121,0.2302297204732895,FTTransformer|Weighted BCE
54,9,1122,0.270122230052948,FTTransformer|Weighted BCE
54,10,1123,0.32174551486968994,FTTransformer|Weighted BCE
54,11,1124,0.3404577672481537,FTTransformer|Weighted BCE
54,12,1125,0.2614130675792694,FTTransformer|Weighted BCE
54,13,1126,0.20583322644233704,FTTransformer|Weighted BCE
54,14,1127,0.39671382308006287,FTTransformer|Weighted BCE
54,15,1128,0.24764731526374817,FTTransformer|Weighted BCE
54,16,1129,0.3232297897338867,FTTransformer|Weighted BCE
54,17,1130,0.21884754300117493,FTTransformer|Weighted BCE
54,18,1131,0.36948060989379883,FTTransformer|Weighted BCE
54,19,1132,0.379667729139328,FTTransformer|Weighted BCE
54,20,1133,0.3361091911792755,FTTransformer|Weighted BCE
54,21,1134,0.33633953332901,FTTransformer|Weighted BCE
55,1,1135,0.323749840259552,FTTransformer|Weighted BCE
55,2,1136,0.385099858045578,FTTransformer|Weighted BCE
55,3,1137,0.3098737299442291,FTTransformer|Weighted BCE
55,4,1138,0.3809383511543274,FTTransformer|Weighted BCE
55,5,1139,0.33464840054512024,FTTransformer|Weighted BCE
55,6,1140,0.19374285638332367,FTTransformer|Weighted BCE
55,7,1141,0.3247646689414978,FTTransformer|Weighted BCE
55,8,1142,0.22254399955272675,FTTransformer|Weighted BCE
55,9,1143,0.33617162704467773,FTTransformer|Weighted BCE
55,10,1144,0.36078888177871704,FTTransformer|Weighted BCE
55,11,1145,0.2660138010978699,FTTransformer|Weighted BCE
55,12,1146,0.3755311071872711,FTTransformer|Weighted BCE
55,13,1147,0.26158687472343445,FTTransformer|Weighted BCE
55,14,1148,0.27553027868270874,FTTransformer|Weighted BCE
55,15,1149,0.3059786260128021,FTTransformer|Weighted BCE
55,16,1150,0.3744702935218811,FTTransformer|Weighted BCE
55,17,1151,0.33058008551597595,FTTransformer|Weighted BCE
55,18,1152,0.23844146728515625,FTTransformer|Weighted BCE
55,19,1153,0.19320088624954224,FTTransformer|Weighted BCE
55,20,1154,0.321328729391098,FTTransformer|Weighted BCE
55,21,1155,0.3344678580760956,FTTransformer|Weighted BCE
56,1,1156,0.316578209400177,FTTransformer|Weighted BCE
56,2,1157,0.36109888553619385,FTTransformer|Weighted BCE
56,3,1158,0.3001745045185089,FTTransformer|Weighted BCE
56,4,1159,0.22674471139907837,FTTransformer|Weighted BCE
56,5,1160,0.25623637437820435,FTTransformer|Weighted BCE
56,6,1161,0.2051602303981781,FTTransformer|Weighted BCE
56,7,1162,0.27133893966674805,FTTransformer|Weighted BCE
56,8,1163,0.3550623655319214,FTTransformer|Weighted BCE
56,9,1164,0.5707190632820129,FTTransformer|Weighted BCE
56,10,1165,0.41477495431900024,FTTransformer|Weighted BCE
56,11,1166,0.21904724836349487,FTTransformer|Weighted BCE
56,12,1167,0.362001895904541,FTTransformer|Weighted BCE
56,13,1168,0.32202059030532837,FTTransformer|Weighted BCE
56,14,1169,0.24960511922836304,FTTransformer|Weighted BCE
56,15,1170,0.2574188709259033,FTTransformer|Weighted BCE
56,16,1171,0.28971853852272034,FTTransformer|Weighted BCE
56,17,1172,0.2252260148525238,FTTransformer|Weighted BCE
56,18,1173,0.36817172169685364,FTTransformer|Weighted BCE
56,19,1174,0.25227782130241394,FTTransformer|Weighted BCE
56,20,1175,0.2708834111690521,FTTransformer|Weighted BCE
56,21,1176,0.11917497217655182,FTTransformer|Weighted BCE
57,1,1177,0.25295349955558777,FTTransformer|Weighted BCE
57,2,1178,0.3233858644962311,FTTransformer|Weighted BCE
57,3,1179,0.22560492157936096,FTTransformer|Weighted BCE
57,4,1180,0.43786507844924927,FTTransformer|Weighted BCE
57,5,1181,0.4350655972957611,FTTransformer|Weighted BCE
57,6,1182,0.23603372275829315,FTTransformer|Weighted BCE
57,7,1183,0.32288652658462524,FTTransformer|Weighted BCE
57,8,1184,0.2739596664905548,FTTransformer|Weighted BCE
57,9,1185,0.2526809573173523,FTTransformer|Weighted BCE
57,10,1186,0.3285365402698517,FTTransformer|Weighted BCE
57,11,1187,0.3318231999874115,FTTransformer|Weighted BCE
57,12,1188,0.26372554898262024,FTTransformer|Weighted BCE
57,13,1189,0.2834714353084564,FTTransformer|Weighted BCE
57,14,1190,0.2860710322856903,FTTransformer|Weighted BCE
57,15,1191,0.18699517846107483,FTTransformer|Weighted BCE
57,16,1192,0.29752224683761597,FTTransformer|Weighted BCE
57,17,1193,0.19020800292491913,FTTransformer|Weighted BCE
57,18,1194,0.15840987861156464,FTTransformer|Weighted BCE
57,19,1195,0.2922930419445038,FTTransformer|Weighted BCE
57,20,1196,0.22058959305286407,FTTransformer|Weighted BCE
57,21,1197,0.12214577943086624,FTTransformer|Weighted BCE
58,1,1198,0.27366653084754944,FTTransformer|Weighted BCE
58,2,1199,0.5233095288276672,FTTransformer|Weighted BCE
58,3,1200,0.23642444610595703,FTTransformer|Weighted BCE
58,4,1201,0.3688490390777588,FTTransformer|Weighted BCE
58,5,1202,0.2695485055446625,FTTransformer|Weighted BCE
58,6,1203,0.4050786793231964,FTTransformer|Weighted BCE
58,7,1204,0.409773051738739,FTTransformer|Weighted BCE
58,8,1205,0.23431552946567535,FTTransformer|Weighted BCE
58,9,1206,0.2280902862548828,FTTransformer|Weighted BCE
58,10,1207,0.2579386234283447,FTTransformer|Weighted BCE
58,11,1208,0.31011268496513367,FTTransformer|Weighted BCE
58,12,1209,0.22278614342212677,FTTransformer|Weighted BCE
58,13,1210,0.3438108563423157,FTTransformer|Weighted BCE
58,14,1211,0.21714773774147034,FTTransformer|Weighted BCE
58,15,1212,0.280464231967926,FTTransformer|Weighted BCE
58,16,1213,0.29106855392456055,FTTransformer|Weighted BCE
58,17,1214,0.29208970069885254,FTTransformer|Weighted BCE
58,18,1215,0.32820671796798706,FTTransformer|Weighted BCE
58,19,1216,0.17483240365982056,FTTransformer|Weighted BCE
58,20,1217,0.22581800818443298,FTTransformer|Weighted BCE
58,21,1218,0.3893030881881714,FTTransformer|Weighted BCE
59,1,1219,0.3384501338005066,FTTransformer|Weighted BCE
59,2,1220,0.21980011463165283,FTTransformer|Weighted BCE
59,3,1221,0.4204043745994568,FTTransformer|Weighted BCE
59,4,1222,0.26812878251075745,FTTransformer|Weighted BCE
59,5,1223,0.28224825859069824,FTTransformer|Weighted BCE
59,6,1224,0.20220555365085602,FTTransformer|Weighted BCE
59,7,1225,0.5181176662445068,FTTransformer|Weighted BCE
59,8,1226,0.33982619643211365,FTTransformer|Weighted BCE
59,9,1227,0.3452683389186859,FTTransformer|Weighted BCE
59,10,1228,0.2138301432132721,FTTransformer|Weighted BCE
59,11,1229,0.2784422039985657,FTTransformer|Weighted BCE
59,12,1230,0.24585022032260895,FTTransformer|Weighted BCE
59,13,1231,0.25222551822662354,FTTransformer|Weighted BCE
59,14,1232,0.3143981099128723,FTTransformer|Weighted BCE
59,15,1233,0.39088860154151917,FTTransformer|Weighted BCE
59,16,1234,0.2482195794582367,FTTransformer|Weighted BCE
59,17,1235,0.2944866418838501,FTTransformer|Weighted BCE
59,18,1236,0.2650197446346283,FTTransformer|Weighted BCE
59,19,1237,0.29028910398483276,FTTransformer|Weighted BCE
59,20,1238,0.22053220868110657,FTTransformer|Weighted BCE
59,21,1239,0.2582263648509979,FTTransformer|Weighted BCE
60,1,1240,0.24984456598758698,FTTransformer|Weighted BCE
60,2,1241,0.26154887676239014,FTTransformer|Weighted BCE
60,3,1242,0.36258772015571594,FTTransformer|Weighted BCE
60,4,1243,0.3046990931034088,FTTransformer|Weighted BCE
60,5,1244,0.2403208464384079,FTTransformer|Weighted BCE
60,6,1245,0.3355562686920166,FTTransformer|Weighted BCE
60,7,1246,0.45247307419776917,FTTransformer|Weighted BCE
60,8,1247,0.3148167133331299,FTTransformer|Weighted BCE
60,9,1248,0.2979600727558136,FTTransformer|Weighted BCE
60,10,1249,0.323769211769104,FTTransformer|Weighted BCE
60,11,1250,0.14971505105495453,FTTransformer|Weighted BCE
60,12,1251,0.27305957674980164,FTTransformer|Weighted BCE
60,13,1252,0.2610543966293335,FTTransformer|Weighted BCE
60,14,1253,0.3906671404838562,FTTransformer|Weighted BCE
60,15,1254,0.43160173296928406,FTTransformer|Weighted BCE
60,16,1255,0.25509485602378845,FTTransformer|Weighted BCE
60,17,1256,0.338118314743042,FTTransformer|Weighted BCE
60,18,1257,0.259093701839447,FTTransformer|Weighted BCE
60,19,1258,0.4116986095905304,FTTransformer|Weighted BCE
60,20,1259,0.17925481498241425,FTTransformer|Weighted BCE
60,21,1260,0.5355031490325928,FTTransformer|Weighted BCE
61,1,1261,0.43253570795059204,FTTransformer|Weighted BCE
61,2,1262,0.46485602855682373,FTTransformer|Weighted BCE
61,3,1263,0.29552480578422546,FTTransformer|Weighted BCE
61,4,1264,0.22974641621112823,FTTransformer|Weighted BCE
61,5,1265,0.23961099982261658,FTTransformer|Weighted BCE
61,6,1266,0.25757119059562683,FTTransformer|Weighted BCE
61,7,1267,0.3741675317287445,FTTransformer|Weighted BCE
61,8,1268,0.28381606936454773,FTTransformer|Weighted BCE
61,9,1269,0.18049444258213043,FTTransformer|Weighted BCE
61,10,1270,0.3468855917453766,FTTransformer|Weighted BCE
61,11,1271,0.28010672330856323,FTTransformer|Weighted BCE
61,12,1272,0.2829968333244324,FTTransformer|Weighted BCE
61,13,1273,0.23791204392910004,FTTransformer|Weighted BCE
61,14,1274,0.30653518438339233,FTTransformer|Weighted BCE
61,15,1275,0.2703523337841034,FTTransformer|Weighted BCE
61,16,1276,0.2247435748577118,FTTransformer|Weighted BCE
61,17,1277,0.2569350600242615,FTTransformer|Weighted BCE
61,18,1278,0.3392736315727234,FTTransformer|Weighted BCE
61,19,1279,0.18840491771697998,FTTransformer|Weighted BCE
61,20,1280,0.2820499539375305,FTTransformer|Weighted BCE
61,21,1281,0.19982314109802246,FTTransformer|Weighted BCE
62,1,1282,0.41161268949508667,FTTransformer|Weighted BCE
62,2,1283,0.20192410051822662,FTTransformer|Weighted BCE
62,3,1284,0.35332345962524414,FTTransformer|Weighted BCE
62,4,1285,0.3137092590332031,FTTransformer|Weighted BCE
62,5,1286,0.16203927993774414,FTTransformer|Weighted BCE
62,6,1287,0.3409225642681122,FTTransformer|Weighted BCE
62,7,1288,0.2494015246629715,FTTransformer|Weighted BCE
62,8,1289,0.3338072597980499,FTTransformer|Weighted BCE
62,9,1290,0.3543206453323364,FTTransformer|Weighted BCE
62,10,1291,0.26679402589797974,FTTransformer|Weighted BCE
62,11,1292,0.37185806035995483,FTTransformer|Weighted BCE
62,12,1293,0.27687475085258484,FTTransformer|Weighted BCE
62,13,1294,0.27018097043037415,FTTransformer|Weighted BCE
62,14,1295,0.24092935025691986,FTTransformer|Weighted BCE
62,15,1296,0.2831318974494934,FTTransformer|Weighted BCE
62,16,1297,0.3228093683719635,FTTransformer|Weighted BCE
62,17,1298,0.27559587359428406,FTTransformer|Weighted BCE
62,18,1299,0.3049991726875305,FTTransformer|Weighted BCE
62,19,1300,0.25592055916786194,FTTransformer|Weighted BCE
62,20,1301,0.22450575232505798,FTTransformer|Weighted BCE
62,21,1302,0.11221340298652649,FTTransformer|Weighted BCE
63,1,1303,0.29061010479927063,FTTransformer|Weighted BCE
63,2,1304,0.1785895973443985,FTTransformer|Weighted BCE
63,3,1305,0.27121713757514954,FTTransformer|Weighted BCE
63,4,1306,0.4449663758277893,FTTransformer|Weighted BCE
63,5,1307,0.2889385223388672,FTTransformer|Weighted BCE
63,6,1308,0.2361527383327484,FTTransformer|Weighted BCE
63,7,1309,0.28863051533699036,FTTransformer|Weighted BCE
63,8,1310,0.3266395926475525,FTTransformer|Weighted BCE
63,9,1311,0.30485647916793823,FTTransformer|Weighted BCE
63,10,1312,0.4062747061252594,FTTransformer|Weighted BCE
63,11,1313,0.17295995354652405,FTTransformer|Weighted BCE
63,12,1314,0.17603370547294617,FTTransformer|Weighted BCE
63,13,1315,0.3623672425746918,FTTransformer|Weighted BCE
63,14,1316,0.2689836323261261,FTTransformer|Weighted BCE
63,15,1317,0.34500443935394287,FTTransformer|Weighted BCE
63,16,1318,0.32559263706207275,FTTransformer|Weighted BCE
63,17,1319,0.45671790838241577,FTTransformer|Weighted BCE
63,18,1320,0.20264336466789246,FTTransformer|Weighted BCE
63,19,1321,0.2535865008831024,FTTransformer|Weighted BCE
63,20,1322,0.22580601274967194,FTTransformer|Weighted BCE
63,21,1323,0.15935373306274414,FTTransformer|Weighted BCE
64,1,1324,0.40560898184776306,FTTransformer|Weighted BCE
64,2,1325,0.29558849334716797,FTTransformer|Weighted BCE
64,3,1326,0.19783170521259308,FTTransformer|Weighted BCE
64,4,1327,0.3333302140235901,FTTransformer|Weighted BCE
64,5,1328,0.22852741181850433,FTTransformer|Weighted BCE
64,6,1329,0.21435754001140594,FTTransformer|Weighted BCE
64,7,1330,0.2640453279018402,FTTransformer|Weighted BCE
64,8,1331,0.3226775527000427,FTTransformer|Weighted BCE
64,9,1332,0.2503384053707123,FTTransformer|Weighted BCE
64,10,1333,0.31758052110671997,FTTransformer|Weighted BCE
64,11,1334,0.23259416222572327,FTTransformer|Weighted BCE
64,12,1335,0.3147552013397217,FTTransformer|Weighted BCE
64,13,1336,0.4231129288673401,FTTransformer|Weighted BCE
64,14,1337,0.17846553027629852,FTTransformer|Weighted BCE
64,15,1338,0.39023855328559875,FTTransformer|Weighted BCE
64,16,1339,0.1728314608335495,FTTransformer|Weighted BCE
64,17,1340,0.25676050782203674,FTTransformer|Weighted BCE
64,18,1341,0.31753620505332947,FTTransformer|Weighted BCE
64,19,1342,0.3405858278274536,FTTransformer|Weighted BCE
64,20,1343,0.3321472704410553,FTTransformer|Weighted BCE
64,21,1344,0.2987070679664612,FTTransformer|Weighted BCE
65,1,1345,0.34164586663246155,FTTransformer|Weighted BCE
65,2,1346,0.2949722409248352,FTTransformer|Weighted BCE
65,3,1347,0.33494633436203003,FTTransformer|Weighted BCE
65,4,1348,0.30892518162727356,FTTransformer|Weighted BCE
65,5,1349,0.25154823064804077,FTTransformer|Weighted BCE
65,6,1350,0.22824573516845703,FTTransformer|Weighted BCE
65,7,1351,0.23164677619934082,FTTransformer|Weighted BCE
65,8,1352,0.28854602575302124,FTTransformer|Weighted BCE
65,9,1353,0.18553461134433746,FTTransformer|Weighted BCE
65,10,1354,0.3218061327934265,FTTransformer|Weighted BCE
65,11,1355,0.3011433482170105,FTTransformer|Weighted BCE
65,12,1356,0.18353146314620972,FTTransformer|Weighted BCE
65,13,1357,0.3927346467971802,FTTransformer|Weighted BCE
65,14,1358,0.19390632212162018,FTTransformer|Weighted BCE
65,15,1359,0.3573017418384552,FTTransformer|Weighted BCE
65,16,1360,0.2963879108428955,FTTransformer|Weighted BCE
65,17,1361,0.27464547753334045,FTTransformer|Weighted BCE
65,18,1362,0.2641153633594513,FTTransformer|Weighted BCE
65,19,1363,0.2533077597618103,FTTransformer|Weighted BCE
65,20,1364,0.3002985417842865,FTTransformer|Weighted BCE
65,21,1365,0.23720064759254456,FTTransformer|Weighted BCE
66,1,1366,0.34787142276763916,FTTransformer|Weighted BCE
66,2,1367,0.392933189868927,FTTransformer|Weighted BCE
66,3,1368,0.23535838723182678,FTTransformer|Weighted BCE
66,4,1369,0.43124568462371826,FTTransformer|Weighted BCE
66,5,1370,0.23308779299259186,FTTransformer|Weighted BCE
66,6,1371,0.21340306103229523,FTTransformer|Weighted BCE
66,7,1372,0.23955534398555756,FTTransformer|Weighted BCE
66,8,1373,0.3102834224700928,FTTransformer|Weighted BCE
66,9,1374,0.3387126326560974,FTTransformer|Weighted BCE
66,10,1375,0.32756507396698,FTTransformer|Weighted BCE
66,11,1376,0.20482338964939117,FTTransformer|Weighted BCE
66,12,1377,0.2504281997680664,FTTransformer|Weighted BCE
66,13,1378,0.35668066143989563,FTTransformer|Weighted BCE
66,14,1379,0.3491557240486145,FTTransformer|Weighted BCE
66,15,1380,0.24992138147354126,FTTransformer|Weighted BCE
66,16,1381,0.29499226808547974,FTTransformer|Weighted BCE
66,17,1382,0.21203306317329407,FTTransformer|Weighted BCE
66,18,1383,0.23624299466609955,FTTransformer|Weighted BCE
66,19,1384,0.3126858174800873,FTTransformer|Weighted BCE
66,20,1385,0.20771853625774384,FTTransformer|Weighted BCE
66,21,1386,0.3904021680355072,FTTransformer|Weighted BCE
67,1,1387,0.25941646099090576,FTTransformer|Weighted BCE
67,2,1388,0.20281410217285156,FTTransformer|Weighted BCE
67,3,1389,0.34976446628570557,FTTransformer|Weighted BCE
67,4,1390,0.2557406723499298,FTTransformer|Weighted BCE
67,5,1391,0.4418163597583771,FTTransformer|Weighted BCE
67,6,1392,0.3491908311843872,FTTransformer|Weighted BCE
67,7,1393,0.1659151315689087,FTTransformer|Weighted BCE
67,8,1394,0.21964170038700104,FTTransformer|Weighted BCE
67,9,1395,0.38959628343582153,FTTransformer|Weighted BCE
67,10,1396,0.286316841840744,FTTransformer|Weighted BCE
67,11,1397,0.20668120682239532,FTTransformer|Weighted BCE
67,12,1398,0.4225054085254669,FTTransformer|Weighted BCE
67,13,1399,0.24895530939102173,FTTransformer|Weighted BCE
67,14,1400,0.5073186755180359,FTTransformer|Weighted BCE
67,15,1401,0.2629204988479614,FTTransformer|Weighted BCE
67,16,1402,0.2996567487716675,FTTransformer|Weighted BCE
67,17,1403,0.20724955201148987,FTTransformer|Weighted BCE
67,18,1404,0.3720806837081909,FTTransformer|Weighted BCE
67,19,1405,0.26926618814468384,FTTransformer|Weighted BCE
67,20,1406,0.33644208312034607,FTTransformer|Weighted BCE
67,21,1407,0.2757381796836853,FTTransformer|Weighted BCE
68,1,1408,0.20599360764026642,FTTransformer|Weighted BCE
68,2,1409,0.2776557207107544,FTTransformer|Weighted BCE
68,3,1410,0.1857525110244751,FTTransformer|Weighted BCE
68,4,1411,0.2399696260690689,FTTransformer|Weighted BCE
68,5,1412,0.33201438188552856,FTTransformer|Weighted BCE
68,6,1413,0.262324720621109,FTTransformer|Weighted BCE
68,7,1414,0.4663342237472534,FTTransformer|Weighted BCE
68,8,1415,0.20414748787879944,FTTransformer|Weighted BCE
68,9,1416,0.17267245054244995,FTTransformer|Weighted BCE
68,10,1417,0.2780495285987854,FTTransformer|Weighted BCE
68,11,1418,0.2822045385837555,FTTransformer|Weighted BCE
68,12,1419,0.30201348662376404,FTTransformer|Weighted BCE
68,13,1420,0.3416455090045929,FTTransformer|Weighted BCE
68,14,1421,0.19879887998104095,FTTransformer|Weighted BCE
68,15,1422,0.46491917967796326,FTTransformer|Weighted BCE
68,16,1423,0.29936501383781433,FTTransformer|Weighted BCE
68,17,1424,0.4638465940952301,FTTransformer|Weighted BCE
68,18,1425,0.3098335862159729,FTTransformer|Weighted BCE
68,19,1426,0.37061285972595215,FTTransformer|Weighted BCE
68,20,1427,0.3904215097427368,FTTransformer|Weighted BCE
68,21,1428,0.154530331492424,FTTransformer|Weighted BCE
69,1,1429,0.2827167510986328,FTTransformer|Weighted BCE
69,2,1430,0.21674036979675293,FTTransformer|Weighted BCE
69,3,1431,0.20842517912387848,FTTransformer|Weighted BCE
69,4,1432,0.31224003434181213,FTTransformer|Weighted BCE
69,5,1433,0.36345282196998596,FTTransformer|Weighted BCE
69,6,1434,0.28617653250694275,FTTransformer|Weighted BCE
69,7,1435,0.3657606244087219,FTTransformer|Weighted BCE
69,8,1436,0.32870209217071533,FTTransformer|Weighted BCE
69,9,1437,0.2249584048986435,FTTransformer|Weighted BCE
69,10,1438,0.4405078589916229,FTTransformer|Weighted BCE
69,11,1439,0.29113057255744934,FTTransformer|Weighted BCE
69,12,1440,0.208397775888443,FTTransformer|Weighted BCE
69,13,1441,0.22645989060401917,FTTransformer|Weighted BCE
69,14,1442,0.27385279536247253,FTTransformer|Weighted BCE
69,15,1443,0.35667064785957336,FTTransformer|Weighted BCE
69,16,1444,0.31837549805641174,FTTransformer|Weighted BCE
69,17,1445,0.27705278992652893,FTTransformer|Weighted BCE
69,18,1446,0.3454723656177521,FTTransformer|Weighted BCE
69,19,1447,0.24976181983947754,FTTransformer|Weighted BCE
69,20,1448,0.16397449374198914,FTTransformer|Weighted BCE
69,21,1449,0.3318229913711548,FTTransformer|Weighted BCE
70,1,1450,0.2844250500202179,FTTransformer|Weighted BCE
70,2,1451,0.33149728178977966,FTTransformer|Weighted BCE
70,3,1452,0.469145804643631,FTTransformer|Weighted BCE
70,4,1453,0.27820998430252075,FTTransformer|Weighted BCE
70,5,1454,0.45092105865478516,FTTransformer|Weighted BCE
70,6,1455,0.39846378564834595,FTTransformer|Weighted BCE
70,7,1456,0.2546589970588684,FTTransformer|Weighted BCE
70,8,1457,0.349417507648468,FTTransformer|Weighted BCE
70,9,1458,0.24906285107135773,FTTransformer|Weighted BCE
70,10,1459,0.21971085667610168,FTTransformer|Weighted BCE
70,11,1460,0.22221750020980835,FTTransformer|Weighted BCE
70,12,1461,0.30592045187950134,FTTransformer|Weighted BCE
70,13,1462,0.149272620677948,FTTransformer|Weighted BCE
70,14,1463,0.20621325075626373,FTTransformer|Weighted BCE
70,15,1464,0.23788078129291534,FTTransformer|Weighted BCE
70,16,1465,0.2313193678855896,FTTransformer|Weighted BCE
70,17,1466,0.41634637117385864,FTTransformer|Weighted BCE
70,18,1467,0.3251965045928955,FTTransformer|Weighted BCE
70,19,1468,0.1584666669368744,FTTransformer|Weighted BCE
70,20,1469,0.244760662317276,FTTransformer|Weighted BCE
70,21,1470,0.2438998818397522,FTTransformer|Weighted BCE
71,1,1471,0.31259286403656006,FTTransformer|Weighted BCE
71,2,1472,0.23013339936733246,FTTransformer|Weighted BCE
71,3,1473,0.2405204325914383,FTTransformer|Weighted BCE
71,4,1474,0.3153642416000366,FTTransformer|Weighted BCE
71,5,1475,0.21275490522384644,FTTransformer|Weighted BCE
71,6,1476,0.37469303607940674,FTTransformer|Weighted BCE
71,7,1477,0.2283206731081009,FTTransformer|Weighted BCE
71,8,1478,0.2917209565639496,FTTransformer|Weighted BCE
71,9,1479,0.32009828090667725,FTTransformer|Weighted BCE
71,10,1480,0.3295004963874817,FTTransformer|Weighted BCE
71,11,1481,0.2528730034828186,FTTransformer|Weighted BCE
71,12,1482,0.3032149374485016,FTTransformer|Weighted BCE
71,13,1483,0.32148250937461853,FTTransformer|Weighted BCE
71,14,1484,0.24936766922473907,FTTransformer|Weighted BCE
71,15,1485,0.22624588012695312,FTTransformer|Weighted BCE
71,16,1486,0.3282669186592102,FTTransformer|Weighted BCE
71,17,1487,0.32160475850105286,FTTransformer|Weighted BCE
71,18,1488,0.2853609323501587,FTTransformer|Weighted BCE
71,19,1489,0.24416391551494598,FTTransformer|Weighted BCE
71,20,1490,0.21581298112869263,FTTransformer|Weighted BCE
71,21,1491,0.45164018869400024,FTTransformer|Weighted BCE
72,1,1492,0.30838605761528015,FTTransformer|Weighted BCE
72,2,1493,0.22728143632411957,FTTransformer|Weighted BCE
72,3,1494,0.24296998977661133,FTTransformer|Weighted BCE
72,4,1495,0.36499831080436707,FTTransformer|Weighted BCE
72,5,1496,0.2278437465429306,FTTransformer|Weighted BCE
72,6,1497,0.2785917818546295,FTTransformer|Weighted BCE
72,7,1498,0.3016510307788849,FTTransformer|Weighted BCE
72,8,1499,0.6519378423690796,FTTransformer|Weighted BCE
72,9,1500,0.38827434182167053,FTTransformer|Weighted BCE
72,10,1501,0.2980996370315552,FTTransformer|Weighted BCE
72,11,1502,0.19893257319927216,FTTransformer|Weighted BCE
72,12,1503,0.30039557814598083,FTTransformer|Weighted BCE
72,13,1504,0.2667945623397827,FTTransformer|Weighted BCE
72,14,1505,0.18008321523666382,FTTransformer|Weighted BCE
72,15,1506,0.25905582308769226,FTTransformer|Weighted BCE
72,16,1507,0.19552090764045715,FTTransformer|Weighted BCE
72,17,1508,0.26113033294677734,FTTransformer|Weighted BCE
72,18,1509,0.27256911993026733,FTTransformer|Weighted BCE
72,19,1510,0.2229190468788147,FTTransformer|Weighted BCE
72,20,1511,0.23836614191532135,FTTransformer|Weighted BCE
72,21,1512,0.09200333058834076,FTTransformer|Weighted BCE
73,1,1513,0.3205113708972931,FTTransformer|Weighted BCE
73,2,1514,0.1792551726102829,FTTransformer|Weighted BCE
73,3,1515,0.29015904664993286,FTTransformer|Weighted BCE
73,4,1516,0.29663652181625366,FTTransformer|Weighted BCE
73,5,1517,0.27537256479263306,FTTransformer|Weighted BCE
73,6,1518,0.1619359403848648,FTTransformer|Weighted BCE
73,7,1519,0.35533377528190613,FTTransformer|Weighted BCE
73,8,1520,0.3333780765533447,FTTransformer|Weighted BCE
73,9,1521,0.2380254566669464,FTTransformer|Weighted BCE
73,10,1522,0.1903080940246582,FTTransformer|Weighted BCE
73,11,1523,0.30418968200683594,FTTransformer|Weighted BCE
73,12,1524,0.2583450376987457,FTTransformer|Weighted BCE
73,13,1525,0.34204959869384766,FTTransformer|Weighted BCE
73,14,1526,0.23993690311908722,FTTransformer|Weighted BCE
73,15,1527,0.21929675340652466,FTTransformer|Weighted BCE
73,16,1528,0.3014267385005951,FTTransformer|Weighted BCE
73,17,1529,0.343957781791687,FTTransformer|Weighted BCE
73,18,1530,0.45865681767463684,FTTransformer|Weighted BCE
73,19,1531,0.3437293767929077,FTTransformer|Weighted BCE
73,20,1532,0.2623026967048645,FTTransformer|Weighted BCE
73,21,1533,0.24563612043857574,FTTransformer|Weighted BCE
74,1,1534,0.24645887315273285,FTTransformer|Weighted BCE
74,2,1535,0.29702603816986084,FTTransformer|Weighted BCE
74,3,1536,0.23844808340072632,FTTransformer|Weighted BCE
74,4,1537,0.2105623334646225,FTTransformer|Weighted BCE
74,5,1538,0.33032548427581787,FTTransformer|Weighted BCE
74,6,1539,0.3134787082672119,FTTransformer|Weighted BCE
74,7,1540,0.22159945964813232,FTTransformer|Weighted BCE
74,8,1541,0.32255640625953674,FTTransformer|Weighted BCE
74,9,1542,0.2481784075498581,FTTransformer|Weighted BCE
74,10,1543,0.26604172587394714,FTTransformer|Weighted BCE
74,11,1544,0.35428449511528015,FTTransformer|Weighted BCE
74,12,1545,0.2411041259765625,FTTransformer|Weighted BCE
74,13,1546,0.2374114990234375,FTTransformer|Weighted BCE
74,14,1547,0.2231576144695282,FTTransformer|Weighted BCE
74,15,1548,0.2962433099746704,FTTransformer|Weighted BCE
74,16,1549,0.2890302836894989,FTTransformer|Weighted BCE
74,17,1550,0.25948017835617065,FTTransformer|Weighted BCE
74,18,1551,0.26455584168434143,FTTransformer|Weighted BCE
74,19,1552,0.274192750453949,FTTransformer|Weighted BCE
74,20,1553,0.25133469700813293,FTTransformer|Weighted BCE
74,21,1554,0.4305559992790222,FTTransformer|Weighted BCE
75,1,1555,0.21059660613536835,FTTransformer|Weighted BCE
75,2,1556,0.2534013092517853,FTTransformer|Weighted BCE
75,3,1557,0.23758487403392792,FTTransformer|Weighted BCE
75,4,1558,0.39014142751693726,FTTransformer|Weighted BCE
75,5,1559,0.21678872406482697,FTTransformer|Weighted BCE
75,6,1560,0.3612601161003113,FTTransformer|Weighted BCE
75,7,1561,0.2977618873119354,FTTransformer|Weighted BCE
75,8,1562,0.15137171745300293,FTTransformer|Weighted BCE
75,9,1563,0.32095983624458313,FTTransformer|Weighted BCE
75,10,1564,0.24187316000461578,FTTransformer|Weighted BCE
75,11,1565,0.2444441318511963,FTTransformer|Weighted BCE
75,12,1566,0.27030065655708313,FTTransformer|Weighted BCE
75,13,1567,0.2128770500421524,FTTransformer|Weighted BCE
75,14,1568,0.24220527708530426,FTTransformer|Weighted BCE
75,15,1569,0.19258850812911987,FTTransformer|Weighted BCE
75,16,1570,0.2717028856277466,FTTransformer|Weighted BCE
75,17,1571,0.21438616514205933,FTTransformer|Weighted BCE
75,18,1572,0.3680911660194397,FTTransformer|Weighted BCE
75,19,1573,0.3423213064670563,FTTransformer|Weighted BCE
75,20,1574,0.2960813343524933,FTTransformer|Weighted BCE
75,21,1575,0.5229783058166504,FTTransformer|Weighted BCE
76,1,1576,0.17039178311824799,FTTransformer|Weighted BCE
76,2,1577,0.3284408450126648,FTTransformer|Weighted BCE
76,3,1578,0.37051793932914734,FTTransformer|Weighted BCE
76,4,1579,0.31856849789619446,FTTransformer|Weighted BCE
76,5,1580,0.22214224934577942,FTTransformer|Weighted BCE
76,6,1581,0.24508213996887207,FTTransformer|Weighted BCE
76,7,1582,0.3525962829589844,FTTransformer|Weighted BCE
76,8,1583,0.2995811700820923,FTTransformer|Weighted BCE
76,9,1584,0.2836031913757324,FTTransformer|Weighted BCE
76,10,1585,0.22157801687717438,FTTransformer|Weighted BCE
76,11,1586,0.2856009304523468,FTTransformer|Weighted BCE
76,12,1587,0.2037820667028427,FTTransformer|Weighted BCE
76,13,1588,0.3744310736656189,FTTransformer|Weighted BCE
76,14,1589,0.2317190170288086,FTTransformer|Weighted BCE
76,15,1590,0.6135717034339905,FTTransformer|Weighted BCE
76,16,1591,0.20953728258609772,FTTransformer|Weighted BCE
76,17,1592,0.32595470547676086,FTTransformer|Weighted BCE
76,18,1593,0.4744682013988495,FTTransformer|Weighted BCE
76,19,1594,0.22493299841880798,FTTransformer|Weighted BCE
76,20,1595,0.44209566712379456,FTTransformer|Weighted BCE
76,21,1596,0.34738287329673767,FTTransformer|Weighted BCE
77,1,1597,0.3040911853313446,FTTransformer|Weighted BCE
77,2,1598,0.24108026921749115,FTTransformer|Weighted BCE
77,3,1599,0.30936765670776367,FTTransformer|Weighted BCE
77,4,1600,0.35413581132888794,FTTransformer|Weighted BCE
77,5,1601,0.3834851384162903,FTTransformer|Weighted BCE
77,6,1602,0.2319481372833252,FTTransformer|Weighted BCE
77,7,1603,0.2424010932445526,FTTransformer|Weighted BCE
77,8,1604,0.174918532371521,FTTransformer|Weighted BCE
77,9,1605,0.2642580270767212,FTTransformer|Weighted BCE
77,10,1606,0.2308734655380249,FTTransformer|Weighted BCE
77,11,1607,0.24974291026592255,FTTransformer|Weighted BCE
77,12,1608,0.22076034545898438,FTTransformer|Weighted BCE
77,13,1609,0.2391723096370697,FTTransformer|Weighted BCE
77,14,1610,0.25179070234298706,FTTransformer|Weighted BCE
77,15,1611,0.203916996717453,FTTransformer|Weighted BCE
77,16,1612,0.3040059804916382,FTTransformer|Weighted BCE
77,17,1613,0.22703349590301514,FTTransformer|Weighted BCE
77,18,1614,0.24362991750240326,FTTransformer|Weighted BCE
77,19,1615,0.3887587785720825,FTTransformer|Weighted BCE
77,20,1616,0.3399251103401184,FTTransformer|Weighted BCE
77,21,1617,0.46295592188835144,FTTransformer|Weighted BCE
78,1,1618,0.3214469254016876,FTTransformer|Weighted BCE
78,2,1619,0.36927521228790283,FTTransformer|Weighted BCE
78,3,1620,0.28641360998153687,FTTransformer|Weighted BCE
78,4,1621,0.33103370666503906,FTTransformer|Weighted BCE
78,5,1622,0.1955200731754303,FTTransformer|Weighted BCE
78,6,1623,0.28467416763305664,FTTransformer|Weighted BCE
78,7,1624,0.253225713968277,FTTransformer|Weighted BCE
78,8,1625,0.22921894490718842,FTTransformer|Weighted BCE
78,9,1626,0.2666808068752289,FTTransformer|Weighted BCE
78,10,1627,0.32371237874031067,FTTransformer|Weighted BCE
78,11,1628,0.41164639592170715,FTTransformer|Weighted BCE
78,12,1629,0.18585728108882904,FTTransformer|Weighted BCE
78,13,1630,0.19079025089740753,FTTransformer|Weighted BCE
78,14,1631,0.2800464928150177,FTTransformer|Weighted BCE
78,15,1632,0.37288016080856323,FTTransformer|Weighted BCE
78,16,1633,0.1537606120109558,FTTransformer|Weighted BCE
78,17,1634,0.2077731192111969,FTTransformer|Weighted BCE
78,18,1635,0.18949222564697266,FTTransformer|Weighted BCE
78,19,1636,0.2910587787628174,FTTransformer|Weighted BCE
78,20,1637,0.3475385308265686,FTTransformer|Weighted BCE
78,21,1638,0.22203673422336578,FTTransformer|Weighted BCE
79,1,1639,0.2803129255771637,FTTransformer|Weighted BCE
79,2,1640,0.2184748500585556,FTTransformer|Weighted BCE
79,3,1641,0.20807817578315735,FTTransformer|Weighted BCE
79,4,1642,0.3873292803764343,FTTransformer|Weighted BCE
79,5,1643,0.18300911784172058,FTTransformer|Weighted BCE
79,6,1644,0.2619883716106415,FTTransformer|Weighted BCE
79,7,1645,0.2212386131286621,FTTransformer|Weighted BCE
79,8,1646,0.2396572381258011,FTTransformer|Weighted BCE
79,9,1647,0.21827910840511322,FTTransformer|Weighted BCE
79,10,1648,0.347200483083725,FTTransformer|Weighted BCE
79,11,1649,0.28492575883865356,FTTransformer|Weighted BCE
79,12,1650,0.3124604821205139,FTTransformer|Weighted BCE
79,13,1651,0.27483999729156494,FTTransformer|Weighted BCE
79,14,1652,0.36054497957229614,FTTransformer|Weighted BCE
79,15,1653,0.3682589828968048,FTTransformer|Weighted BCE
79,16,1654,0.37337765097618103,FTTransformer|Weighted BCE
79,17,1655,0.3930601477622986,FTTransformer|Weighted BCE
79,18,1656,0.18491636216640472,FTTransformer|Weighted BCE
79,19,1657,0.3031558692455292,FTTransformer|Weighted BCE
79,20,1658,0.3121170997619629,FTTransformer|Weighted BCE
79,21,1659,0.31618747115135193,FTTransformer|Weighted BCE
80,1,1660,0.4530474543571472,FTTransformer|Weighted BCE
80,2,1661,0.2095765918493271,FTTransformer|Weighted BCE
80,3,1662,0.1430284082889557,FTTransformer|Weighted BCE
80,4,1663,0.29376834630966187,FTTransformer|Weighted BCE
80,5,1664,0.300565630197525,FTTransformer|Weighted BCE
80,6,1665,0.457817405462265,FTTransformer|Weighted BCE
80,7,1666,0.2723669111728668,FTTransformer|Weighted BCE
80,8,1667,0.257447212934494,FTTransformer|Weighted BCE
80,9,1668,0.21573850512504578,FTTransformer|Weighted BCE
80,10,1669,0.37676215171813965,FTTransformer|Weighted BCE
80,11,1670,0.24652528762817383,FTTransformer|Weighted BCE
80,12,1671,0.23676559329032898,FTTransformer|Weighted BCE
80,13,1672,0.3242727518081665,FTTransformer|Weighted BCE
80,14,1673,0.2775123715400696,FTTransformer|Weighted BCE
80,15,1674,0.23389698565006256,FTTransformer|Weighted BCE
80,16,1675,0.26316094398498535,FTTransformer|Weighted BCE
80,17,1676,0.16968761384487152,FTTransformer|Weighted BCE
80,18,1677,0.3525810241699219,FTTransformer|Weighted BCE
80,19,1678,0.1866104006767273,FTTransformer|Weighted BCE
80,20,1679,0.27671748399734497,FTTransformer|Weighted BCE
80,21,1680,0.31537240743637085,FTTransformer|Weighted BCE
81,1,1681,0.1656685322523117,FTTransformer|Weighted BCE
81,2,1682,0.22072724997997284,FTTransformer|Weighted BCE
81,3,1683,0.30497023463249207,FTTransformer|Weighted BCE
81,4,1684,0.2647664546966553,FTTransformer|Weighted BCE
81,5,1685,0.2655647099018097,FTTransformer|Weighted BCE
81,6,1686,0.22527088224887848,FTTransformer|Weighted BCE
81,7,1687,0.2805047631263733,FTTransformer|Weighted BCE
81,8,1688,0.27819380164146423,FTTransformer|Weighted BCE
81,9,1689,0.25075972080230713,FTTransformer|Weighted BCE
81,10,1690,0.21003374457359314,FTTransformer|Weighted BCE
81,11,1691,0.22368842363357544,FTTransformer|Weighted BCE
81,12,1692,0.17602071166038513,FTTransformer|Weighted BCE
81,13,1693,0.29779404401779175,FTTransformer|Weighted BCE
81,14,1694,0.24711187183856964,FTTransformer|Weighted BCE
81,15,1695,0.4517928957939148,FTTransformer|Weighted BCE
81,16,1696,0.43198347091674805,FTTransformer|Weighted BCE
81,17,1697,0.22728291153907776,FTTransformer|Weighted BCE
81,18,1698,0.2176819145679474,FTTransformer|Weighted BCE
81,19,1699,0.37723973393440247,FTTransformer|Weighted BCE
81,20,1700,0.2283020168542862,FTTransformer|Weighted BCE
81,21,1701,0.2813214063644409,FTTransformer|Weighted BCE
82,1,1702,0.3172444701194763,FTTransformer|Weighted BCE
82,2,1703,0.3183707892894745,FTTransformer|Weighted BCE
82,3,1704,0.18659958243370056,FTTransformer|Weighted BCE
82,4,1705,0.31351855397224426,FTTransformer|Weighted BCE
82,5,1706,0.26129961013793945,FTTransformer|Weighted BCE
82,6,1707,0.2742948830127716,FTTransformer|Weighted BCE
82,7,1708,0.2581964135169983,FTTransformer|Weighted BCE
82,8,1709,0.259334921836853,FTTransformer|Weighted BCE
82,9,1710,0.23244813084602356,FTTransformer|Weighted BCE
82,10,1711,0.30564290285110474,FTTransformer|Weighted BCE
82,11,1712,0.2567264437675476,FTTransformer|Weighted BCE
82,12,1713,0.22277377545833588,FTTransformer|Weighted BCE
82,13,1714,0.3025025725364685,FTTransformer|Weighted BCE
82,14,1715,0.5711709856987,FTTransformer|Weighted BCE
82,15,1716,0.41579681634902954,FTTransformer|Weighted BCE
82,16,1717,0.2758900225162506,FTTransformer|Weighted BCE
82,17,1718,0.38611429929733276,FTTransformer|Weighted BCE
82,18,1719,0.2813269793987274,FTTransformer|Weighted BCE
82,19,1720,0.3078702390193939,FTTransformer|Weighted BCE
82,20,1721,0.1528596580028534,FTTransformer|Weighted BCE
82,21,1722,0.04103575274348259,FTTransformer|Weighted BCE
83,1,1723,0.3618161678314209,FTTransformer|Weighted BCE
83,2,1724,0.2958194613456726,FTTransformer|Weighted BCE
83,3,1725,0.2629021108150482,FTTransformer|Weighted BCE
83,4,1726,0.22616799175739288,FTTransformer|Weighted BCE
83,5,1727,0.2423378825187683,FTTransformer|Weighted BCE
83,6,1728,0.2084900140762329,FTTransformer|Weighted BCE
83,7,1729,0.2767336368560791,FTTransformer|Weighted BCE
83,8,1730,0.21538901329040527,FTTransformer|Weighted BCE
83,9,1731,0.29769593477249146,FTTransformer|Weighted BCE
83,10,1732,0.3176411986351013,FTTransformer|Weighted BCE
83,11,1733,0.2558061480522156,FTTransformer|Weighted BCE
83,12,1734,0.1694238781929016,FTTransformer|Weighted BCE
83,13,1735,0.3087628483772278,FTTransformer|Weighted BCE
83,14,1736,0.27558255195617676,FTTransformer|Weighted BCE
83,15,1737,0.1993558257818222,FTTransformer|Weighted BCE
83,16,1738,0.22446610033512115,FTTransformer|Weighted BCE
83,17,1739,0.2847219407558441,FTTransformer|Weighted BCE
83,18,1740,0.28162845969200134,FTTransformer|Weighted BCE
83,19,1741,0.23871570825576782,FTTransformer|Weighted BCE
83,20,1742,0.1892043650150299,FTTransformer|Weighted BCE
83,21,1743,0.5156298279762268,FTTransformer|Weighted BCE
84,1,1744,0.32425346970558167,FTTransformer|Weighted BCE
84,2,1745,0.121151864528656,FTTransformer|Weighted BCE
84,3,1746,0.26886945962905884,FTTransformer|Weighted BCE
84,4,1747,0.28065937757492065,FTTransformer|Weighted BCE
84,5,1748,0.2055290788412094,FTTransformer|Weighted BCE
84,6,1749,0.2796395719051361,FTTransformer|Weighted BCE
84,7,1750,0.2618166506290436,FTTransformer|Weighted BCE
84,8,1751,0.3565647304058075,FTTransformer|Weighted BCE
84,9,1752,0.2920072078704834,FTTransformer|Weighted BCE
84,10,1753,0.4494394063949585,FTTransformer|Weighted BCE
84,11,1754,0.2944839894771576,FTTransformer|Weighted BCE
84,12,1755,0.31957757472991943,FTTransformer|Weighted BCE
84,13,1756,0.21004760265350342,FTTransformer|Weighted BCE
84,14,1757,0.21753095090389252,FTTransformer|Weighted BCE
84,15,1758,0.39395633339881897,FTTransformer|Weighted BCE
84,16,1759,0.27694785594940186,FTTransformer|Weighted BCE
84,17,1760,0.27628782391548157,FTTransformer|Weighted BCE
84,18,1761,0.25733858346939087,FTTransformer|Weighted BCE
84,19,1762,0.2533043622970581,FTTransformer|Weighted BCE
84,20,1763,0.2896186113357544,FTTransformer|Weighted BCE
84,21,1764,0.12070102244615555,FTTransformer|Weighted BCE
85,1,1765,0.2913183867931366,FTTransformer|Weighted BCE
85,2,1766,0.3144475519657135,FTTransformer|Weighted BCE
85,3,1767,0.22948269546031952,FTTransformer|Weighted BCE
85,4,1768,0.2730503976345062,FTTransformer|Weighted BCE
85,5,1769,0.263244092464447,FTTransformer|Weighted BCE
85,6,1770,0.33068469166755676,FTTransformer|Weighted BCE
85,7,1771,0.20524102449417114,FTTransformer|Weighted BCE
85,8,1772,0.2961599826812744,FTTransformer|Weighted BCE
85,9,1773,0.2904833257198334,FTTransformer|Weighted BCE
85,10,1774,0.15348218381404877,FTTransformer|Weighted BCE
85,11,1775,0.28061026334762573,FTTransformer|Weighted BCE
85,12,1776,0.26681259274482727,FTTransformer|Weighted BCE
85,13,1777,0.5539449453353882,FTTransformer|Weighted BCE
85,14,1778,0.2749532461166382,FTTransformer|Weighted BCE
85,15,1779,0.41438812017440796,FTTransformer|Weighted BCE
85,16,1780,0.395399808883667,FTTransformer|Weighted BCE
85,17,1781,0.2377932369709015,FTTransformer|Weighted BCE
85,18,1782,0.1831778883934021,FTTransformer|Weighted BCE
85,19,1783,0.0843549445271492,FTTransformer|Weighted BCE
85,20,1784,0.38300469517707825,FTTransformer|Weighted BCE
85,21,1785,0.33167049288749695,FTTransformer|Weighted BCE
86,1,1786,0.2429804503917694,FTTransformer|Weighted BCE
86,2,1787,0.3179219365119934,FTTransformer|Weighted BCE
86,3,1788,0.26239895820617676,FTTransformer|Weighted BCE
86,4,1789,0.25168439745903015,FTTransformer|Weighted BCE
86,5,1790,0.25356951355934143,FTTransformer|Weighted BCE
86,6,1791,0.3153851628303528,FTTransformer|Weighted BCE
86,7,1792,0.3094477951526642,FTTransformer|Weighted BCE
86,8,1793,0.3288666307926178,FTTransformer|Weighted BCE
86,9,1794,0.37335464358329773,FTTransformer|Weighted BCE
86,10,1795,0.35128384828567505,FTTransformer|Weighted BCE
86,11,1796,0.32064929604530334,FTTransformer|Weighted BCE
86,12,1797,0.22756169736385345,FTTransformer|Weighted BCE
86,13,1798,0.32959407567977905,FTTransformer|Weighted BCE
86,14,1799,0.15378838777542114,FTTransformer|Weighted BCE
86,15,1800,0.5100662708282471,FTTransformer|Weighted BCE
86,16,1801,0.2034682035446167,FTTransformer|Weighted BCE
86,17,1802,0.22193287312984467,FTTransformer|Weighted BCE
86,18,1803,0.2608632445335388,FTTransformer|Weighted BCE
86,19,1804,0.23980453610420227,FTTransformer|Weighted BCE
86,20,1805,0.24708399176597595,FTTransformer|Weighted BCE
86,21,1806,0.21547622978687286,FTTransformer|Weighted BCE
87,1,1807,0.29108715057373047,FTTransformer|Weighted BCE
87,2,1808,0.22606809437274933,FTTransformer|Weighted BCE
87,3,1809,0.3870261013507843,FTTransformer|Weighted BCE
87,4,1810,0.19007231295108795,FTTransformer|Weighted BCE
87,5,1811,0.2524051368236542,FTTransformer|Weighted BCE
87,6,1812,0.2872820794582367,FTTransformer|Weighted BCE
87,7,1813,0.2488435059785843,FTTransformer|Weighted BCE
87,8,1814,0.42231103777885437,FTTransformer|Weighted BCE
87,9,1815,0.2156064361333847,FTTransformer|Weighted BCE
87,10,1816,0.2545350193977356,FTTransformer|Weighted BCE
87,11,1817,0.22557763755321503,FTTransformer|Weighted BCE
87,12,1818,0.2549920678138733,FTTransformer|Weighted BCE
87,13,1819,0.35739755630493164,FTTransformer|Weighted BCE
87,14,1820,0.18040379881858826,FTTransformer|Weighted BCE
87,15,1821,0.16461987793445587,FTTransformer|Weighted BCE
87,16,1822,0.1900305300951004,FTTransformer|Weighted BCE
87,17,1823,0.12971104681491852,FTTransformer|Weighted BCE
87,18,1824,0.300771564245224,FTTransformer|Weighted BCE
87,19,1825,0.2713145315647125,FTTransformer|Weighted BCE
87,20,1826,0.30722731351852417,FTTransformer|Weighted BCE
87,21,1827,0.5317237377166748,FTTransformer|Weighted BCE
88,1,1828,0.09776584059000015,FTTransformer|Weighted BCE
88,2,1829,0.31372231245040894,FTTransformer|Weighted BCE
88,3,1830,0.2765406668186188,FTTransformer|Weighted BCE
88,4,1831,0.2970159351825714,FTTransformer|Weighted BCE
88,5,1832,0.22830422222614288,FTTransformer|Weighted BCE
88,6,1833,0.3127346634864807,FTTransformer|Weighted BCE
88,7,1834,0.23352345824241638,FTTransformer|Weighted BCE
88,8,1835,0.3193124532699585,FTTransformer|Weighted BCE
88,9,1836,0.33655115962028503,FTTransformer|Weighted BCE
88,10,1837,0.23572278022766113,FTTransformer|Weighted BCE
88,11,1838,0.2656960189342499,FTTransformer|Weighted BCE
88,12,1839,0.30925360321998596,FTTransformer|Weighted BCE
88,13,1840,0.2778639495372772,FTTransformer|Weighted BCE
88,14,1841,0.14028681814670563,FTTransformer|Weighted BCE
88,15,1842,0.2849561274051666,FTTransformer|Weighted BCE
88,16,1843,0.14221014082431793,FTTransformer|Weighted BCE
88,17,1844,0.2649169862270355,FTTransformer|Weighted BCE
88,18,1845,0.21978318691253662,FTTransformer|Weighted BCE
88,19,1846,0.2183675765991211,FTTransformer|Weighted BCE
88,20,1847,0.3275024890899658,FTTransformer|Weighted BCE
88,21,1848,0.3140282928943634,FTTransformer|Weighted BCE
89,1,1849,0.15188807249069214,FTTransformer|Weighted BCE
89,2,1850,0.3442319333553314,FTTransformer|Weighted BCE
89,3,1851,0.19798554480075836,FTTransformer|Weighted BCE
89,4,1852,0.5018405318260193,FTTransformer|Weighted BCE
89,5,1853,0.19160309433937073,FTTransformer|Weighted BCE
89,6,1854,0.2601618766784668,FTTransformer|Weighted BCE
89,7,1855,0.3968065083026886,FTTransformer|Weighted BCE
89,8,1856,0.4485006630420685,FTTransformer|Weighted BCE
89,9,1857,0.39916524291038513,FTTransformer|Weighted BCE
89,10,1858,0.18497733771800995,FTTransformer|Weighted BCE
89,11,1859,0.34134626388549805,FTTransformer|Weighted BCE
89,12,1860,0.25386232137680054,FTTransformer|Weighted BCE
89,13,1861,0.26222744584083557,FTTransformer|Weighted BCE
89,14,1862,0.19180616736412048,FTTransformer|Weighted BCE
89,15,1863,0.26564425230026245,FTTransformer|Weighted BCE
89,16,1864,0.3314563035964966,FTTransformer|Weighted BCE
89,17,1865,0.30277881026268005,FTTransformer|Weighted BCE
89,18,1866,0.1646513193845749,FTTransformer|Weighted BCE
89,19,1867,0.24988311529159546,FTTransformer|Weighted BCE
89,20,1868,0.23447635769844055,FTTransformer|Weighted BCE
89,21,1869,0.07872268557548523,FTTransformer|Weighted BCE
90,1,1870,0.21812397241592407,FTTransformer|Weighted BCE
90,2,1871,0.3389694392681122,FTTransformer|Weighted BCE
90,3,1872,0.3101041913032532,FTTransformer|Weighted BCE
90,4,1873,0.4870190918445587,FTTransformer|Weighted BCE
90,5,1874,0.25557926297187805,FTTransformer|Weighted BCE
90,6,1875,0.20675207674503326,FTTransformer|Weighted BCE
90,7,1876,0.27132776379585266,FTTransformer|Weighted BCE
90,8,1877,0.3400099277496338,FTTransformer|Weighted BCE
90,9,1878,0.24719128012657166,FTTransformer|Weighted BCE
90,10,1879,0.17549872398376465,FTTransformer|Weighted BCE
90,11,1880,0.46256470680236816,FTTransformer|Weighted BCE
90,12,1881,0.1354428082704544,FTTransformer|Weighted BCE
90,13,1882,0.23365914821624756,FTTransformer|Weighted BCE
90,14,1883,0.22896073758602142,FTTransformer|Weighted BCE
90,15,1884,0.48367494344711304,FTTransformer|Weighted BCE
90,16,1885,0.2508673071861267,FTTransformer|Weighted BCE
90,17,1886,0.2864590883255005,FTTransformer|Weighted BCE
90,18,1887,0.16721558570861816,FTTransformer|Weighted BCE
90,19,1888,0.23245951533317566,FTTransformer|Weighted BCE
90,20,1889,0.2692331075668335,FTTransformer|Weighted BCE
90,21,1890,0.14203257858753204,FTTransformer|Weighted BCE
91,1,1891,0.34770888090133667,FTTransformer|Weighted BCE
91,2,1892,0.3153255879878998,FTTransformer|Weighted BCE
91,3,1893,0.19335469603538513,FTTransformer|Weighted BCE
91,4,1894,0.23325136303901672,FTTransformer|Weighted BCE
91,5,1895,0.28355854749679565,FTTransformer|Weighted BCE
91,6,1896,0.263506680727005,FTTransformer|Weighted BCE
91,7,1897,0.41071659326553345,FTTransformer|Weighted BCE
91,8,1898,0.21048597991466522,FTTransformer|Weighted BCE
91,9,1899,0.3074609041213989,FTTransformer|Weighted BCE
91,10,1900,0.22716930508613586,FTTransformer|Weighted BCE
91,11,1901,0.31866002082824707,FTTransformer|Weighted BCE
91,12,1902,0.23559260368347168,FTTransformer|Weighted BCE
91,13,1903,0.22686722874641418,FTTransformer|Weighted BCE
91,14,1904,0.4528743326663971,FTTransformer|Weighted BCE
91,15,1905,0.2206786572933197,FTTransformer|Weighted BCE
91,16,1906,0.3185328245162964,FTTransformer|Weighted BCE
91,17,1907,0.2528923451900482,FTTransformer|Weighted BCE
91,18,1908,0.33961549401283264,FTTransformer|Weighted BCE
91,19,1909,0.12379990518093109,FTTransformer|Weighted BCE
91,20,1910,0.2966088652610779,FTTransformer|Weighted BCE
91,21,1911,0.12670114636421204,FTTransformer|Weighted BCE
92,1,1912,0.3300808072090149,FTTransformer|Weighted BCE
92,2,1913,0.272636353969574,FTTransformer|Weighted BCE
92,3,1914,0.28618568181991577,FTTransformer|Weighted BCE
92,4,1915,0.4127845764160156,FTTransformer|Weighted BCE
92,5,1916,0.32667455077171326,FTTransformer|Weighted BCE
92,6,1917,0.23405611515045166,FTTransformer|Weighted BCE
92,7,1918,0.2823036313056946,FTTransformer|Weighted BCE
92,8,1919,0.2990618646144867,FTTransformer|Weighted BCE
92,9,1920,0.37575793266296387,FTTransformer|Weighted BCE
92,10,1921,0.2870967984199524,FTTransformer|Weighted BCE
92,11,1922,0.24314871430397034,FTTransformer|Weighted BCE
92,12,1923,0.11318554729223251,FTTransformer|Weighted BCE
92,13,1924,0.3296850919723511,FTTransformer|Weighted BCE
92,14,1925,0.296113520860672,FTTransformer|Weighted BCE
92,15,1926,0.24619947373867035,FTTransformer|Weighted BCE
92,16,1927,0.2350664585828781,FTTransformer|Weighted BCE
92,17,1928,0.3047434687614441,FTTransformer|Weighted BCE
92,18,1929,0.19216203689575195,FTTransformer|Weighted BCE
92,19,1930,0.2499479353427887,FTTransformer|Weighted BCE
92,20,1931,0.16734609007835388,FTTransformer|Weighted BCE
92,21,1932,0.2911355197429657,FTTransformer|Weighted BCE
93,1,1933,0.22528678178787231,FTTransformer|Weighted BCE
93,2,1934,0.2516504228115082,FTTransformer|Weighted BCE
93,3,1935,0.23385940492153168,FTTransformer|Weighted BCE
93,4,1936,0.1670129895210266,FTTransformer|Weighted BCE
93,5,1937,0.3400036692619324,FTTransformer|Weighted BCE
93,6,1938,0.2093285173177719,FTTransformer|Weighted BCE
93,7,1939,0.33655840158462524,FTTransformer|Weighted BCE
93,8,1940,0.6699329614639282,FTTransformer|Weighted BCE
93,9,1941,0.30895915627479553,FTTransformer|Weighted BCE
93,10,1942,0.25492870807647705,FTTransformer|Weighted BCE
93,11,1943,0.2896989583969116,FTTransformer|Weighted BCE
93,12,1944,0.18494878709316254,FTTransformer|Weighted BCE
93,13,1945,0.3039948046207428,FTTransformer|Weighted BCE
93,14,1946,0.33315473794937134,FTTransformer|Weighted BCE
93,15,1947,0.24726882576942444,FTTransformer|Weighted BCE
93,16,1948,0.21471448242664337,FTTransformer|Weighted BCE
93,17,1949,0.1730147898197174,FTTransformer|Weighted BCE
93,18,1950,0.23595330119132996,FTTransformer|Weighted BCE
93,19,1951,0.25078117847442627,FTTransformer|Weighted BCE
93,20,1952,0.4598219692707062,FTTransformer|Weighted BCE
93,21,1953,0.13456179201602936,FTTransformer|Weighted BCE
94,1,1954,0.3178119659423828,FTTransformer|Weighted BCE
94,2,1955,0.2662797272205353,FTTransformer|Weighted BCE
94,3,1956,0.2550083100795746,FTTransformer|Weighted BCE
94,4,1957,0.2420189082622528,FTTransformer|Weighted BCE
94,5,1958,0.20059728622436523,FTTransformer|Weighted BCE
94,6,1959,0.29098498821258545,FTTransformer|Weighted BCE
94,7,1960,0.3216789960861206,FTTransformer|Weighted BCE
94,8,1961,0.1973622590303421,FTTransformer|Weighted BCE
94,9,1962,0.3222949504852295,FTTransformer|Weighted BCE
94,10,1963,0.26447948813438416,FTTransformer|Weighted BCE
94,11,1964,0.2743648886680603,FTTransformer|Weighted BCE
94,12,1965,0.28920668363571167,FTTransformer|Weighted BCE
94,13,1966,0.547492265701294,FTTransformer|Weighted BCE
94,14,1967,0.4594871401786804,FTTransformer|Weighted BCE
94,15,1968,0.2550053894519806,FTTransformer|Weighted BCE
94,16,1969,0.32727357745170593,FTTransformer|Weighted BCE
94,17,1970,0.2078012079000473,FTTransformer|Weighted BCE
94,18,1971,0.19028420746326447,FTTransformer|Weighted BCE
94,19,1972,0.2892746031284332,FTTransformer|Weighted BCE
94,20,1973,0.2383308708667755,FTTransformer|Weighted BCE
94,21,1974,0.12908516824245453,FTTransformer|Weighted BCE
95,1,1975,0.2278781682252884,FTTransformer|Weighted BCE
95,2,1976,0.36078131198883057,FTTransformer|Weighted BCE
95,3,1977,0.3796219229698181,FTTransformer|Weighted BCE
95,4,1978,0.2908863425254822,FTTransformer|Weighted BCE
95,5,1979,0.32402896881103516,FTTransformer|Weighted BCE
95,6,1980,0.2860857844352722,FTTransformer|Weighted BCE
95,7,1981,0.2596118152141571,FTTransformer|Weighted BCE
95,8,1982,0.28547027707099915,FTTransformer|Weighted BCE
95,9,1983,0.3461841344833374,FTTransformer|Weighted BCE
95,10,1984,0.2819580137729645,FTTransformer|Weighted BCE
95,11,1985,0.2979053854942322,FTTransformer|Weighted BCE
95,12,1986,0.15921775996685028,FTTransformer|Weighted BCE
95,13,1987,0.1764553040266037,FTTransformer|Weighted BCE
95,14,1988,0.23692387342453003,FTTransformer|Weighted BCE
95,15,1989,0.25649911165237427,FTTransformer|Weighted BCE
95,16,1990,0.14647044241428375,FTTransformer|Weighted BCE
95,17,1991,0.274985134601593,FTTransformer|Weighted BCE
95,18,1992,0.2184990644454956,FTTransformer|Weighted BCE
95,19,1993,0.2543763816356659,FTTransformer|Weighted BCE
95,20,1994,0.24689772725105286,FTTransformer|Weighted BCE
95,21,1995,0.417290061712265,FTTransformer|Weighted BCE
96,1,1996,0.23653972148895264,FTTransformer|Weighted BCE
96,2,1997,0.2816345691680908,FTTransformer|Weighted BCE
96,3,1998,0.25751668214797974,FTTransformer|Weighted BCE
96,4,1999,0.3421373963356018,FTTransformer|Weighted BCE
96,5,2000,0.23046284914016724,FTTransformer|Weighted BCE
96,6,2001,0.2884986400604248,FTTransformer|Weighted BCE
96,7,2002,0.2384205162525177,FTTransformer|Weighted BCE
96,8,2003,0.2754426598548889,FTTransformer|Weighted BCE
96,9,2004,0.23902581632137299,FTTransformer|Weighted BCE
96,10,2005,0.29546377062797546,FTTransformer|Weighted BCE
96,11,2006,0.28089314699172974,FTTransformer|Weighted BCE
96,12,2007,0.16768711805343628,FTTransformer|Weighted BCE
96,13,2008,0.20193876326084137,FTTransformer|Weighted BCE
96,14,2009,0.26497429609298706,FTTransformer|Weighted BCE
96,15,2010,0.2713128924369812,FTTransformer|Weighted BCE
96,16,2011,0.28169572353363037,FTTransformer|Weighted BCE
96,17,2012,0.2829965054988861,FTTransformer|Weighted BCE
96,18,2013,0.32297778129577637,FTTransformer|Weighted BCE
96,19,2014,0.25366389751434326,FTTransformer|Weighted BCE
96,20,2015,0.1745394468307495,FTTransformer|Weighted BCE
96,21,2016,0.20308709144592285,FTTransformer|Weighted BCE
97,1,2017,0.13323140144348145,FTTransformer|Weighted BCE
97,2,2018,0.14487279951572418,FTTransformer|Weighted BCE
97,3,2019,0.3788403570652008,FTTransformer|Weighted BCE
97,4,2020,0.33345985412597656,FTTransformer|Weighted BCE
97,5,2021,0.2936168611049652,FTTransformer|Weighted BCE
97,6,2022,0.32033514976501465,FTTransformer|Weighted BCE
97,7,2023,0.2923637628555298,FTTransformer|Weighted BCE
97,8,2024,0.2892535328865051,FTTransformer|Weighted BCE
97,9,2025,0.34475865960121155,FTTransformer|Weighted BCE
97,10,2026,0.31868821382522583,FTTransformer|Weighted BCE
97,11,2027,0.3509991466999054,FTTransformer|Weighted BCE
97,12,2028,0.21407148241996765,FTTransformer|Weighted BCE
97,13,2029,0.22014951705932617,FTTransformer|Weighted BCE
97,14,2030,0.24556319415569305,FTTransformer|Weighted BCE
97,15,2031,0.41900572180747986,FTTransformer|Weighted BCE
97,16,2032,0.23301702737808228,FTTransformer|Weighted BCE
97,17,2033,0.24270255863666534,FTTransformer|Weighted BCE
97,18,2034,0.1781800538301468,FTTransformer|Weighted BCE
97,19,2035,0.29685574769973755,FTTransformer|Weighted BCE
97,20,2036,0.32381969690322876,FTTransformer|Weighted BCE
97,21,2037,0.13368697464466095,FTTransformer|Weighted BCE
98,1,2038,0.26590684056282043,FTTransformer|Weighted BCE
98,2,2039,0.19638855755329132,FTTransformer|Weighted BCE
98,3,2040,0.15965014696121216,FTTransformer|Weighted BCE
98,4,2041,0.179780051112175,FTTransformer|Weighted BCE
98,5,2042,0.27819913625717163,FTTransformer|Weighted BCE
98,6,2043,0.3181820809841156,FTTransformer|Weighted BCE
98,7,2044,0.5528448224067688,FTTransformer|Weighted BCE
98,8,2045,0.2824854552745819,FTTransformer|Weighted BCE
98,9,2046,0.23783059418201447,FTTransformer|Weighted BCE
98,10,2047,0.3842771351337433,FTTransformer|Weighted BCE
98,11,2048,0.23858793079853058,FTTransformer|Weighted BCE
98,12,2049,0.3146965503692627,FTTransformer|Weighted BCE
98,13,2050,0.2745574414730072,FTTransformer|Weighted BCE
98,14,2051,0.2595355212688446,FTTransformer|Weighted BCE
98,15,2052,0.17598791420459747,FTTransformer|Weighted BCE
98,16,2053,0.23526862263679504,FTTransformer|Weighted BCE
98,17,2054,0.29304108023643494,FTTransformer|Weighted BCE
98,18,2055,0.2149832546710968,FTTransformer|Weighted BCE
98,19,2056,0.23240241408348083,FTTransformer|Weighted BCE
98,20,2057,0.22777362167835236,FTTransformer|Weighted BCE
98,21,2058,0.28781557083129883,FTTransformer|Weighted BCE
1,1,1,0.09429918229579926,FTTransformer|Focal Loss
1,2,2,0.07179410755634308,FTTransformer|Focal Loss
1,3,3,0.07535533607006073,FTTransformer|Focal Loss
1,4,4,0.05889012664556503,FTTransformer|Focal Loss
1,5,5,0.059657588601112366,FTTransformer|Focal Loss
1,6,6,0.06763078272342682,FTTransformer|Focal Loss
1,7,7,0.05765686556696892,FTTransformer|Focal Loss
1,8,8,0.05555228888988495,FTTransformer|Focal Loss
1,9,9,0.06346256285905838,FTTransformer|Focal Loss
1,10,10,0.05132172256708145,FTTransformer|Focal Loss
1,11,11,0.055666450411081314,FTTransformer|Focal Loss
1,12,12,0.048818208277225494,FTTransformer|Focal Loss
1,13,13,0.056707367300987244,FTTransformer|Focal Loss
1,14,14,0.05270884186029434,FTTransformer|Focal Loss
1,15,15,0.046893127262592316,FTTransformer|Focal Loss
1,16,16,0.05117669701576233,FTTransformer|Focal Loss
1,17,17,0.051985062658786774,FTTransformer|Focal Loss
1,18,18,0.0443020798265934,FTTransformer|Focal Loss
1,19,19,0.03497138246893883,FTTransformer|Focal Loss
1,20,20,0.03862187638878822,FTTransformer|Focal Loss
1,21,21,0.03030221350491047,FTTransformer|Focal Loss
2,1,22,0.03317412734031677,FTTransformer|Focal Loss
2,2,23,0.04650343582034111,FTTransformer|Focal Loss
2,3,24,0.04824308305978775,FTTransformer|Focal Loss
2,4,25,0.05218197777867317,FTTransformer|Focal Loss
2,5,26,0.03617813438177109,FTTransformer|Focal Loss
2,6,27,0.03932144492864609,FTTransformer|Focal Loss
2,7,28,0.04566553980112076,FTTransformer|Focal Loss
2,8,29,0.03715454787015915,FTTransformer|Focal Loss
2,9,30,0.04489199444651604,FTTransformer|Focal Loss
2,10,31,0.049083709716796875,FTTransformer|Focal Loss
2,11,32,0.039696842432022095,FTTransformer|Focal Loss
2,12,33,0.04487451910972595,FTTransformer|Focal Loss
2,13,34,0.044305820018053055,FTTransformer|Focal Loss
2,14,35,0.03191295638680458,FTTransformer|Focal Loss
2,15,36,0.03976128622889519,FTTransformer|Focal Loss
2,16,37,0.035755861550569534,FTTransformer|Focal Loss
2,17,38,0.046966876834630966,FTTransformer|Focal Loss
2,18,39,0.04403948411345482,FTTransformer|Focal Loss
2,19,40,0.03068401664495468,FTTransformer|Focal Loss
2,20,41,0.03567027673125267,FTTransformer|Focal Loss
2,21,42,0.018639439716935158,FTTransformer|Focal Loss
3,1,43,0.039872556924819946,FTTransformer|Focal Loss
3,2,44,0.03716764599084854,FTTransformer|Focal Loss
3,3,45,0.03577562794089317,FTTransformer|Focal Loss
3,4,46,0.041640348732471466,FTTransformer|Focal Loss
3,5,47,0.04809654504060745,FTTransformer|Focal Loss
3,6,48,0.032572243362665176,FTTransformer|Focal Loss
3,7,49,0.030766556039452553,FTTransformer|Focal Loss
3,8,50,0.04235069826245308,FTTransformer|Focal Loss
3,9,51,0.052156224846839905,FTTransformer|Focal Loss
3,10,52,0.03715017810463905,FTTransformer|Focal Loss
3,11,53,0.034634221345186234,FTTransformer|Focal Loss
3,12,54,0.03319891169667244,FTTransformer|Focal Loss
3,13,55,0.03357866033911705,FTTransformer|Focal Loss
3,14,56,0.03262854740023613,FTTransformer|Focal Loss
3,15,57,0.03264807537198067,FTTransformer|Focal Loss
3,16,58,0.04019274562597275,FTTransformer|Focal Loss
3,17,59,0.03948041424155235,FTTransformer|Focal Loss
3,18,60,0.03172755241394043,FTTransformer|Focal Loss
3,19,61,0.03987628221511841,FTTransformer|Focal Loss
3,20,62,0.03742573410272598,FTTransformer|Focal Loss
3,21,63,0.026476314291357994,FTTransformer|Focal Loss
4,1,64,0.034219272434711456,FTTransformer|Focal Loss
4,2,65,0.042511701583862305,FTTransformer|Focal Loss
4,3,66,0.030532129108905792,FTTransformer|Focal Loss
4,4,67,0.027220597490668297,FTTransformer|Focal Loss
4,5,68,0.03655886650085449,FTTransformer|Focal Loss
4,6,69,0.030074700713157654,FTTransformer|Focal Loss
4,7,70,0.03424011543393135,FTTransformer|Focal Loss
4,8,71,0.028587203472852707,FTTransformer|Focal Loss
4,9,72,0.05525001510977745,FTTransformer|Focal Loss
4,10,73,0.033871568739414215,FTTransformer|Focal Loss
4,11,74,0.030727779492735863,FTTransformer|Focal Loss
4,12,75,0.03359203040599823,FTTransformer|Focal Loss
4,13,76,0.03398430347442627,FTTransformer|Focal Loss
4,14,77,0.0428207591176033,FTTransformer|Focal Loss
4,15,78,0.040666356682777405,FTTransformer|Focal Loss
4,16,79,0.03868141025304794,FTTransformer|Focal Loss
4,17,80,0.028767960146069527,FTTransformer|Focal Loss
4,18,81,0.037701599299907684,FTTransformer|Focal Loss
4,19,82,0.03622043505311012,FTTransformer|Focal Loss
4,20,83,0.03388073295354843,FTTransformer|Focal Loss
4,21,84,0.03732534870505333,FTTransformer|Focal Loss
5,1,85,0.019129769876599312,FTTransformer|Focal Loss
5,2,86,0.04500136524438858,FTTransformer|Focal Loss
5,3,87,0.04393018037080765,FTTransformer|Focal Loss
5,4,88,0.03538472577929497,FTTransformer|Focal Loss
5,5,89,0.030898038297891617,FTTransformer|Focal Loss
5,6,90,0.03809519484639168,FTTransformer|Focal Loss
5,7,91,0.04617488011717796,FTTransformer|Focal Loss
5,8,92,0.05037425085902214,FTTransformer|Focal Loss
5,9,93,0.028842192143201828,FTTransformer|Focal Loss
5,10,94,0.032512109726667404,FTTransformer|Focal Loss
5,11,95,0.04056435078382492,FTTransformer|Focal Loss
5,12,96,0.030556265264749527,FTTransformer|Focal Loss
5,13,97,0.042575009167194366,FTTransformer|Focal Loss
5,14,98,0.03201011195778847,FTTransformer|Focal Loss
5,15,99,0.03137306123971939,FTTransformer|Focal Loss
5,16,100,0.03127686306834221,FTTransformer|Focal Loss
5,17,101,0.03352571651339531,FTTransformer|Focal Loss
5,18,102,0.043824780732393265,FTTransformer|Focal Loss
5,19,103,0.03846895322203636,FTTransformer|Focal Loss
5,20,104,0.03811733052134514,FTTransformer|Focal Loss
5,21,105,0.03150682896375656,FTTransformer|Focal Loss
6,1,106,0.03345158323645592,FTTransformer|Focal Loss
6,2,107,0.030782999470829964,FTTransformer|Focal Loss
6,3,108,0.04605596140027046,FTTransformer|Focal Loss
6,4,109,0.026523036882281303,FTTransformer|Focal Loss
6,5,110,0.04483916983008385,FTTransformer|Focal Loss
6,6,111,0.03285476937890053,FTTransformer|Focal Loss
6,7,112,0.05014416202902794,FTTransformer|Focal Loss
6,8,113,0.03571346402168274,FTTransformer|Focal Loss
6,9,114,0.03415161743760109,FTTransformer|Focal Loss
6,10,115,0.02367568388581276,FTTransformer|Focal Loss
6,11,116,0.0318894162774086,FTTransformer|Focal Loss
6,12,117,0.03703853860497475,FTTransformer|Focal Loss
6,13,118,0.025851299986243248,FTTransformer|Focal Loss
6,14,119,0.036606043577194214,FTTransformer|Focal Loss
6,15,120,0.030764790251851082,FTTransformer|Focal Loss
6,16,121,0.04586009308695793,FTTransformer|Focal Loss
6,17,122,0.04545753821730614,FTTransformer|Focal Loss
6,18,123,0.03517865389585495,FTTransformer|Focal Loss
6,19,124,0.03737490624189377,FTTransformer|Focal Loss
6,20,125,0.03332581743597984,FTTransformer|Focal Loss
6,21,126,0.03017187863588333,FTTransformer|Focal Loss
7,1,127,0.033738769590854645,FTTransformer|Focal Loss
7,2,128,0.02859564498066902,FTTransformer|Focal Loss
7,3,129,0.028507914394140244,FTTransformer|Focal Loss
7,4,130,0.04079976677894592,FTTransformer|Focal Loss
7,5,131,0.04542792588472366,FTTransformer|Focal Loss
7,6,132,0.028759915381669998,FTTransformer|Focal Loss
7,7,133,0.029631109908223152,FTTransformer|Focal Loss
7,8,134,0.03336235508322716,FTTransformer|Focal Loss
7,9,135,0.02922176942229271,FTTransformer|Focal Loss
7,10,136,0.0219392292201519,FTTransformer|Focal Loss
7,11,137,0.04366711527109146,FTTransformer|Focal Loss
7,12,138,0.05360022187232971,FTTransformer|Focal Loss
7,13,139,0.03056715428829193,FTTransformer|Focal Loss
7,14,140,0.022718951106071472,FTTransformer|Focal Loss
7,15,141,0.03827780857682228,FTTransformer|Focal Loss
7,16,142,0.030605923384428024,FTTransformer|Focal Loss
7,17,143,0.031441427767276764,FTTransformer|Focal Loss
7,18,144,0.03829168155789375,FTTransformer|Focal Loss
7,19,145,0.037093255668878555,FTTransformer|Focal Loss
7,20,146,0.03355242311954498,FTTransformer|Focal Loss
7,21,147,0.027903717011213303,FTTransformer|Focal Loss
8,1,148,0.023711081594228745,FTTransformer|Focal Loss
8,2,149,0.04818716645240784,FTTransformer|Focal Loss
8,3,150,0.03841624781489372,FTTransformer|Focal Loss
8,4,151,0.028038643300533295,FTTransformer|Focal Loss
8,5,152,0.02606668323278427,FTTransformer|Focal Loss
8,6,153,0.024544915184378624,FTTransformer|Focal Loss
8,7,154,0.0426667258143425,FTTransformer|Focal Loss
8,8,155,0.031029729172587395,FTTransformer|Focal Loss
8,9,156,0.041089147329330444,FTTransformer|Focal Loss
8,10,157,0.03196397423744202,FTTransformer|Focal Loss
8,11,158,0.03756118193268776,FTTransformer|Focal Loss
8,12,159,0.025345806032419205,FTTransformer|Focal Loss
8,13,160,0.030811704695224762,FTTransformer|Focal Loss
8,14,161,0.039916153997182846,FTTransformer|Focal Loss
8,15,162,0.023734133690595627,FTTransformer|Focal Loss
8,16,163,0.029886383563280106,FTTransformer|Focal Loss
8,17,164,0.04457136243581772,FTTransformer|Focal Loss
8,18,165,0.0246609877794981,FTTransformer|Focal Loss
8,19,166,0.032911162823438644,FTTransformer|Focal Loss
8,20,167,0.03118208423256874,FTTransformer|Focal Loss
8,21,168,0.05003293603658676,FTTransformer|Focal Loss
9,1,169,0.032435037195682526,FTTransformer|Focal Loss
9,2,170,0.03129845857620239,FTTransformer|Focal Loss
9,3,171,0.03422711044549942,FTTransformer|Focal Loss
9,4,172,0.0495741069316864,FTTransformer|Focal Loss
9,5,173,0.02508627437055111,FTTransformer|Focal Loss
9,6,174,0.027488818392157555,FTTransformer|Focal Loss
9,7,175,0.03299300745129585,FTTransformer|Focal Loss
9,8,176,0.02956729754805565,FTTransformer|Focal Loss
9,9,177,0.024384748190641403,FTTransformer|Focal Loss
9,10,178,0.039420630782842636,FTTransformer|Focal Loss
9,11,179,0.03195585310459137,FTTransformer|Focal Loss
9,12,180,0.0195170771330595,FTTransformer|Focal Loss
9,13,181,0.032189346849918365,FTTransformer|Focal Loss
9,14,182,0.03642428293824196,FTTransformer|Focal Loss
9,15,183,0.02667633816599846,FTTransformer|Focal Loss
9,16,184,0.03656379505991936,FTTransformer|Focal Loss
9,17,185,0.03591746836900711,FTTransformer|Focal Loss
9,18,186,0.03829726576805115,FTTransformer|Focal Loss
9,19,187,0.024902520701289177,FTTransformer|Focal Loss
9,20,188,0.04224003106355667,FTTransformer|Focal Loss
9,21,189,0.03206357732415199,FTTransformer|Focal Loss
10,1,190,0.03780193254351616,FTTransformer|Focal Loss
10,2,191,0.04610803723335266,FTTransformer|Focal Loss
10,3,192,0.02549583837389946,FTTransformer|Focal Loss
10,4,193,0.04109549522399902,FTTransformer|Focal Loss
10,5,194,0.031109962612390518,FTTransformer|Focal Loss
10,6,195,0.041343506425619125,FTTransformer|Focal Loss
10,7,196,0.028409697115421295,FTTransformer|Focal Loss
10,8,197,0.03259440138936043,FTTransformer|Focal Loss
10,9,198,0.027767539024353027,FTTransformer|Focal Loss
10,10,199,0.029409877955913544,FTTransformer|Focal Loss
10,11,200,0.03221362456679344,FTTransformer|Focal Loss
10,12,201,0.026603249832987785,FTTransformer|Focal Loss
10,13,202,0.031952161341905594,FTTransformer|Focal Loss
10,14,203,0.028697581961750984,FTTransformer|Focal Loss
10,15,204,0.03531254082918167,FTTransformer|Focal Loss
10,16,205,0.0345224030315876,FTTransformer|Focal Loss
10,17,206,0.037252116948366165,FTTransformer|Focal Loss
10,18,207,0.03292681276798248,FTTransformer|Focal Loss
10,19,208,0.025200601667165756,FTTransformer|Focal Loss
10,20,209,0.02620907872915268,FTTransformer|Focal Loss
10,21,210,0.030676743015646935,FTTransformer|Focal Loss
11,1,211,0.03440249711275101,FTTransformer|Focal Loss
11,2,212,0.020852454006671906,FTTransformer|Focal Loss
11,3,213,0.02976555936038494,FTTransformer|Focal Loss
11,4,214,0.03627387061715126,FTTransformer|Focal Loss
11,5,215,0.03486347571015358,FTTransformer|Focal Loss
11,6,216,0.0416870042681694,FTTransformer|Focal Loss
11,7,217,0.028633249923586845,FTTransformer|Focal Loss
11,8,218,0.03448978438973427,FTTransformer|Focal Loss
11,9,219,0.04147814214229584,FTTransformer|Focal Loss
11,10,220,0.037778642028570175,FTTransformer|Focal Loss
11,11,221,0.03474806621670723,FTTransformer|Focal Loss
11,12,222,0.028983283787965775,FTTransformer|Focal Loss
11,13,223,0.036708611994981766,FTTransformer|Focal Loss
11,14,224,0.036250095814466476,FTTransformer|Focal Loss
11,15,225,0.031543754041194916,FTTransformer|Focal Loss
11,16,226,0.04165954515337944,FTTransformer|Focal Loss
11,17,227,0.025502434000372887,FTTransformer|Focal Loss
11,18,228,0.03783252835273743,FTTransformer|Focal Loss
11,19,229,0.03121108189225197,FTTransformer|Focal Loss
11,20,230,0.03129195049405098,FTTransformer|Focal Loss
11,21,231,0.028741884976625443,FTTransformer|Focal Loss
12,1,232,0.03209250047802925,FTTransformer|Focal Loss
12,2,233,0.028112687170505524,FTTransformer|Focal Loss
12,3,234,0.03182614967226982,FTTransformer|Focal Loss
12,4,235,0.03730305656790733,FTTransformer|Focal Loss
12,5,236,0.03265717253088951,FTTransformer|Focal Loss
12,6,237,0.02755814976990223,FTTransformer|Focal Loss
12,7,238,0.044887278228998184,FTTransformer|Focal Loss
12,8,239,0.029664890840649605,FTTransformer|Focal Loss
12,9,240,0.021494269371032715,FTTransformer|Focal Loss
12,10,241,0.021761339157819748,FTTransformer|Focal Loss
12,11,242,0.035116780549287796,FTTransformer|Focal Loss
12,12,243,0.031050894409418106,FTTransformer|Focal Loss
12,13,244,0.026821386069059372,FTTransformer|Focal Loss
12,14,245,0.0311382208019495,FTTransformer|Focal Loss
12,15,246,0.02982764132320881,FTTransformer|Focal Loss
12,16,247,0.030375896021723747,FTTransformer|Focal Loss
12,17,248,0.034020308405160904,FTTransformer|Focal Loss
12,18,249,0.02589051052927971,FTTransformer|Focal Loss
12,19,250,0.038776859641075134,FTTransformer|Focal Loss
12,20,251,0.029265131801366806,FTTransformer|Focal Loss
12,21,252,0.03451662138104439,FTTransformer|Focal Loss
13,1,253,0.05064917355775833,FTTransformer|Focal Loss
13,2,254,0.03258465602993965,FTTransformer|Focal Loss
13,3,255,0.02663860097527504,FTTransformer|Focal Loss
13,4,256,0.037911612540483475,FTTransformer|Focal Loss
13,5,257,0.023395491763949394,FTTransformer|Focal Loss
13,6,258,0.02328682877123356,FTTransformer|Focal Loss
13,7,259,0.03809241205453873,FTTransformer|Focal Loss
13,8,260,0.028978919610381126,FTTransformer|Focal Loss
13,9,261,0.039604563266038895,FTTransformer|Focal Loss
13,10,262,0.029975036159157753,FTTransformer|Focal Loss
13,11,263,0.02721315436065197,FTTransformer|Focal Loss
13,12,264,0.03544091805815697,FTTransformer|Focal Loss
13,13,265,0.03208084776997566,FTTransformer|Focal Loss
13,14,266,0.026077300310134888,FTTransformer|Focal Loss
13,15,267,0.025598537176847458,FTTransformer|Focal Loss
13,16,268,0.021139737218618393,FTTransformer|Focal Loss
13,17,269,0.04065673425793648,FTTransformer|Focal Loss
13,18,270,0.02610768936574459,FTTransformer|Focal Loss
13,19,271,0.03962629288434982,FTTransformer|Focal Loss
13,20,272,0.014643849804997444,FTTransformer|Focal Loss
13,21,273,0.018521780148148537,FTTransformer|Focal Loss
14,1,274,0.029191140085458755,FTTransformer|Focal Loss
14,2,275,0.03004481829702854,FTTransformer|Focal Loss
14,3,276,0.03068126179277897,FTTransformer|Focal Loss
14,4,277,0.03031134232878685,FTTransformer|Focal Loss
14,5,278,0.03159987926483154,FTTransformer|Focal Loss
14,6,279,0.02964159846305847,FTTransformer|Focal Loss
14,7,280,0.027436695992946625,FTTransformer|Focal Loss
14,8,281,0.02990739233791828,FTTransformer|Focal Loss
14,9,282,0.0376349575817585,FTTransformer|Focal Loss
14,10,283,0.03058827668428421,FTTransformer|Focal Loss
14,11,284,0.02942114695906639,FTTransformer|Focal Loss
14,12,285,0.04838527366518974,FTTransformer|Focal Loss
14,13,286,0.02659781090915203,FTTransformer|Focal Loss
14,14,287,0.030168825760483742,FTTransformer|Focal Loss
14,15,288,0.04623803496360779,FTTransformer|Focal Loss
14,16,289,0.02575373649597168,FTTransformer|Focal Loss
14,17,290,0.04121041297912598,FTTransformer|Focal Loss
14,18,291,0.027125399559736252,FTTransformer|Focal Loss
14,19,292,0.03711671382188797,FTTransformer|Focal Loss
14,20,293,0.02764143794775009,FTTransformer|Focal Loss
14,21,294,0.0389556959271431,FTTransformer|Focal Loss
15,1,295,0.03620665520429611,FTTransformer|Focal Loss
15,2,296,0.03955971822142601,FTTransformer|Focal Loss
15,3,297,0.02612202614545822,FTTransformer|Focal Loss
15,4,298,0.03277170658111572,FTTransformer|Focal Loss
15,5,299,0.025687776505947113,FTTransformer|Focal Loss
15,6,300,0.03545154631137848,FTTransformer|Focal Loss
15,7,301,0.03122183308005333,FTTransformer|Focal Loss
15,8,302,0.029766250401735306,FTTransformer|Focal Loss
15,9,303,0.0420742966234684,FTTransformer|Focal Loss
15,10,304,0.02316412888467312,FTTransformer|Focal Loss
15,11,305,0.026351256296038628,FTTransformer|Focal Loss
15,12,306,0.039929986000061035,FTTransformer|Focal Loss
15,13,307,0.029467258602380753,FTTransformer|Focal Loss
15,14,308,0.021689459681510925,FTTransformer|Focal Loss
15,15,309,0.02838570810854435,FTTransformer|Focal Loss
15,16,310,0.026587124913930893,FTTransformer|Focal Loss
15,17,311,0.03663761541247368,FTTransformer|Focal Loss
15,18,312,0.02836839109659195,FTTransformer|Focal Loss
15,19,313,0.024468911811709404,FTTransformer|Focal Loss
15,20,314,0.03985143452882767,FTTransformer|Focal Loss
15,21,315,0.027262965217232704,FTTransformer|Focal Loss
16,1,316,0.025864247232675552,FTTransformer|Focal Loss
16,2,317,0.02582690678536892,FTTransformer|Focal Loss
16,3,318,0.03285907953977585,FTTransformer|Focal Loss
16,4,319,0.01413663849234581,FTTransformer|Focal Loss
16,5,320,0.02252620831131935,FTTransformer|Focal Loss
16,6,321,0.04856742173433304,FTTransformer|Focal Loss
16,7,322,0.026199249550700188,FTTransformer|Focal Loss
16,8,323,0.03293556347489357,FTTransformer|Focal Loss
16,9,324,0.03901065140962601,FTTransformer|Focal Loss
16,10,325,0.0322832316160202,FTTransformer|Focal Loss
16,11,326,0.03710760548710823,FTTransformer|Focal Loss
16,12,327,0.020081184804439545,FTTransformer|Focal Loss
16,13,328,0.028875023126602173,FTTransformer|Focal Loss
16,14,329,0.03027898631989956,FTTransformer|Focal Loss
16,15,330,0.03045840561389923,FTTransformer|Focal Loss
16,16,331,0.031229890882968903,FTTransformer|Focal Loss
16,17,332,0.036641038954257965,FTTransformer|Focal Loss
16,18,333,0.035940226167440414,FTTransformer|Focal Loss
16,19,334,0.029414745047688484,FTTransformer|Focal Loss
16,20,335,0.024815384298563004,FTTransformer|Focal Loss
16,21,336,0.02437049150466919,FTTransformer|Focal Loss
17,1,337,0.04481394588947296,FTTransformer|Focal Loss
17,2,338,0.02390860579907894,FTTransformer|Focal Loss
17,3,339,0.02742628939449787,FTTransformer|Focal Loss
17,4,340,0.02867298759520054,FTTransformer|Focal Loss
17,5,341,0.037816405296325684,FTTransformer|Focal Loss
17,6,342,0.026843836531043053,FTTransformer|Focal Loss
17,7,343,0.03371031582355499,FTTransformer|Focal Loss
17,8,344,0.034699540585279465,FTTransformer|Focal Loss
17,9,345,0.0238514244556427,FTTransformer|Focal Loss
17,10,346,0.0246688611805439,FTTransformer|Focal Loss
17,11,347,0.033845312893390656,FTTransformer|Focal Loss
17,12,348,0.02953576296567917,FTTransformer|Focal Loss
17,13,349,0.028805764392018318,FTTransformer|Focal Loss
17,14,350,0.030511382967233658,FTTransformer|Focal Loss
17,15,351,0.03143572434782982,FTTransformer|Focal Loss
17,16,352,0.025769922882318497,FTTransformer|Focal Loss
17,17,353,0.03150256350636482,FTTransformer|Focal Loss
17,18,354,0.027897465974092484,FTTransformer|Focal Loss
17,19,355,0.025436244904994965,FTTransformer|Focal Loss
17,20,356,0.02602601796388626,FTTransformer|Focal Loss
17,21,357,0.03923088684678078,FTTransformer|Focal Loss
18,1,358,0.04289524257183075,FTTransformer|Focal Loss
18,2,359,0.0321802981197834,FTTransformer|Focal Loss
18,3,360,0.02763124369084835,FTTransformer|Focal Loss
18,4,361,0.02406134642660618,FTTransformer|Focal Loss
18,5,362,0.03196772187948227,FTTransformer|Focal Loss
18,6,363,0.025892743840813637,FTTransformer|Focal Loss
18,7,364,0.028187626972794533,FTTransformer|Focal Loss
18,8,365,0.023168424144387245,FTTransformer|Focal Loss
18,9,366,0.026289435103535652,FTTransformer|Focal Loss
18,10,367,0.03700917586684227,FTTransformer|Focal Loss
18,11,368,0.029964664950966835,FTTransformer|Focal Loss
18,12,369,0.041208427399396896,FTTransformer|Focal Loss
18,13,370,0.03343425318598747,FTTransformer|Focal Loss
18,14,371,0.02134164422750473,FTTransformer|Focal Loss
18,15,372,0.026118328794836998,FTTransformer|Focal Loss
18,16,373,0.019757095724344254,FTTransformer|Focal Loss
18,17,374,0.03675781935453415,FTTransformer|Focal Loss
18,18,375,0.027865948155522346,FTTransformer|Focal Loss
18,19,376,0.01992039941251278,FTTransformer|Focal Loss
18,20,377,0.021985121071338654,FTTransformer|Focal Loss
18,21,378,0.027945183217525482,FTTransformer|Focal Loss
19,1,379,0.0551634281873703,FTTransformer|Focal Loss
19,2,380,0.026249853894114494,FTTransformer|Focal Loss
19,3,381,0.03558759391307831,FTTransformer|Focal Loss
19,4,382,0.026031875982880592,FTTransformer|Focal Loss
19,5,383,0.029021920636296272,FTTransformer|Focal Loss
19,6,384,0.02191661112010479,FTTransformer|Focal Loss
19,7,385,0.035013582557439804,FTTransformer|Focal Loss
19,8,386,0.034194789826869965,FTTransformer|Focal Loss
19,9,387,0.03132594749331474,FTTransformer|Focal Loss
19,10,388,0.019875485450029373,FTTransformer|Focal Loss
19,11,389,0.02181600034236908,FTTransformer|Focal Loss
19,12,390,0.025707874447107315,FTTransformer|Focal Loss
19,13,391,0.04295940324664116,FTTransformer|Focal Loss
19,14,392,0.02702181041240692,FTTransformer|Focal Loss
19,15,393,0.02830878645181656,FTTransformer|Focal Loss
19,16,394,0.022244717925786972,FTTransformer|Focal Loss
19,17,395,0.03231077641248703,FTTransformer|Focal Loss
19,18,396,0.029522160068154335,FTTransformer|Focal Loss
19,19,397,0.031699471175670624,FTTransformer|Focal Loss
19,20,398,0.032993134111166,FTTransformer|Focal Loss
19,21,399,0.026187360286712646,FTTransformer|Focal Loss
20,1,400,0.027243392542004585,FTTransformer|Focal Loss
20,2,401,0.029527250677347183,FTTransformer|Focal Loss
20,3,402,0.03496608883142471,FTTransformer|Focal Loss
20,4,403,0.023737043142318726,FTTransformer|Focal Loss
20,5,404,0.029322300106287003,FTTransformer|Focal Loss
20,6,405,0.024881429970264435,FTTransformer|Focal Loss
20,7,406,0.022325510159134865,FTTransformer|Focal Loss
20,8,407,0.03433898836374283,FTTransformer|Focal Loss
20,9,408,0.027701446786522865,FTTransformer|Focal Loss
20,10,409,0.03648644685745239,FTTransformer|Focal Loss
20,11,410,0.03659122437238693,FTTransformer|Focal Loss
20,12,411,0.019553624093532562,FTTransformer|Focal Loss
20,13,412,0.02712436392903328,FTTransformer|Focal Loss
20,14,413,0.04111158102750778,FTTransformer|Focal Loss
20,15,414,0.031183794140815735,FTTransformer|Focal Loss
20,16,415,0.02760736085474491,FTTransformer|Focal Loss
20,17,416,0.022922322154045105,FTTransformer|Focal Loss
20,18,417,0.026390492916107178,FTTransformer|Focal Loss
20,19,418,0.02727976068854332,FTTransformer|Focal Loss
20,20,419,0.04241229221224785,FTTransformer|Focal Loss
20,21,420,0.02408662997186184,FTTransformer|Focal Loss
21,1,421,0.025220245122909546,FTTransformer|Focal Loss
21,2,422,0.030530143529176712,FTTransformer|Focal Loss
21,3,423,0.03785563260316849,FTTransformer|Focal Loss
21,4,424,0.033648163080215454,FTTransformer|Focal Loss
21,5,425,0.03268018737435341,FTTransformer|Focal Loss
21,6,426,0.02802233025431633,FTTransformer|Focal Loss
21,7,427,0.02397536300122738,FTTransformer|Focal Loss
21,8,428,0.027814403176307678,FTTransformer|Focal Loss
21,9,429,0.02533675730228424,FTTransformer|Focal Loss
21,10,430,0.03163526952266693,FTTransformer|Focal Loss
21,11,431,0.03251122683286667,FTTransformer|Focal Loss
21,12,432,0.01860489509999752,FTTransformer|Focal Loss
21,13,433,0.0239868126809597,FTTransformer|Focal Loss
21,14,434,0.024625957012176514,FTTransformer|Focal Loss
21,15,435,0.02801450714468956,FTTransformer|Focal Loss
21,16,436,0.030613183975219727,FTTransformer|Focal Loss
21,17,437,0.024125412106513977,FTTransformer|Focal Loss
21,18,438,0.028034426271915436,FTTransformer|Focal Loss
21,19,439,0.031051769852638245,FTTransformer|Focal Loss
21,20,440,0.035708703100681305,FTTransformer|Focal Loss
21,21,441,0.03068423829972744,FTTransformer|Focal Loss
22,1,442,0.022807786241173744,FTTransformer|Focal Loss
22,2,443,0.032504014670848846,FTTransformer|Focal Loss
22,3,444,0.028918374329805374,FTTransformer|Focal Loss
22,4,445,0.03471274673938751,FTTransformer|Focal Loss
22,5,446,0.027620896697044373,FTTransformer|Focal Loss
22,6,447,0.03318371623754501,FTTransformer|Focal Loss
22,7,448,0.040582865476608276,FTTransformer|Focal Loss
22,8,449,0.029185961931943893,FTTransformer|Focal Loss
22,9,450,0.028933925554156303,FTTransformer|Focal Loss
22,10,451,0.03602981939911842,FTTransformer|Focal Loss
22,11,452,0.030273709446191788,FTTransformer|Focal Loss
22,12,453,0.03450228273868561,FTTransformer|Focal Loss
22,13,454,0.02305690571665764,FTTransformer|Focal Loss
22,14,455,0.026902509853243828,FTTransformer|Focal Loss
22,15,456,0.03252462297677994,FTTransformer|Focal Loss
22,16,457,0.022403359413146973,FTTransformer|Focal Loss
22,17,458,0.023061838001012802,FTTransformer|Focal Loss
22,18,459,0.029621761292219162,FTTransformer|Focal Loss
22,19,460,0.027168314903974533,FTTransformer|Focal Loss
22,20,461,0.026754608377814293,FTTransformer|Focal Loss
22,21,462,0.014844966121017933,FTTransformer|Focal Loss
23,1,463,0.03431224822998047,FTTransformer|Focal Loss
23,2,464,0.035606857389211655,FTTransformer|Focal Loss
23,3,465,0.025948429480195045,FTTransformer|Focal Loss
23,4,466,0.025978993624448776,FTTransformer|Focal Loss
23,5,467,0.025843149051070213,FTTransformer|Focal Loss
23,6,468,0.025930114090442657,FTTransformer|Focal Loss
23,7,469,0.029111556708812714,FTTransformer|Focal Loss
23,8,470,0.023562191054224968,FTTransformer|Focal Loss
23,9,471,0.023848949000239372,FTTransformer|Focal Loss
23,10,472,0.022722922265529633,FTTransformer|Focal Loss
23,11,473,0.0316825807094574,FTTransformer|Focal Loss
23,12,474,0.027710648253560066,FTTransformer|Focal Loss
23,13,475,0.030109429731965065,FTTransformer|Focal Loss
23,14,476,0.030959468334913254,FTTransformer|Focal Loss
23,15,477,0.029539642855525017,FTTransformer|Focal Loss
23,16,478,0.031172454357147217,FTTransformer|Focal Loss
23,17,479,0.031879063695669174,FTTransformer|Focal Loss
23,18,480,0.027000950649380684,FTTransformer|Focal Loss
23,19,481,0.02295408770442009,FTTransformer|Focal Loss
23,20,482,0.026956632733345032,FTTransformer|Focal Loss
23,21,483,0.03252548351883888,FTTransformer|Focal Loss
24,1,484,0.02013363316655159,FTTransformer|Focal Loss
24,2,485,0.038996655493974686,FTTransformer|Focal Loss
24,3,486,0.026548566296696663,FTTransformer|Focal Loss
24,4,487,0.019196340814232826,FTTransformer|Focal Loss
24,5,488,0.017829054966568947,FTTransformer|Focal Loss
24,6,489,0.02942749299108982,FTTransformer|Focal Loss
24,7,490,0.02483050525188446,FTTransformer|Focal Loss
24,8,491,0.026184063404798508,FTTransformer|Focal Loss
24,9,492,0.028246980160474777,FTTransformer|Focal Loss
24,10,493,0.03185126185417175,FTTransformer|Focal Loss
24,11,494,0.030476413667201996,FTTransformer|Focal Loss
24,12,495,0.021467821672558784,FTTransformer|Focal Loss
24,13,496,0.02811412513256073,FTTransformer|Focal Loss
24,14,497,0.039317939430475235,FTTransformer|Focal Loss
24,15,498,0.030097313225269318,FTTransformer|Focal Loss
24,16,499,0.033031463623046875,FTTransformer|Focal Loss
24,17,500,0.02780129574239254,FTTransformer|Focal Loss
24,18,501,0.03033864125609398,FTTransformer|Focal Loss
24,19,502,0.032533928751945496,FTTransformer|Focal Loss
24,20,503,0.032687216997146606,FTTransformer|Focal Loss
24,21,504,0.012408515438437462,FTTransformer|Focal Loss
25,1,505,0.029796728864312172,FTTransformer|Focal Loss
25,2,506,0.021502260118722916,FTTransformer|Focal Loss
25,3,507,0.02681177668273449,FTTransformer|Focal Loss
25,4,508,0.042560115456581116,FTTransformer|Focal Loss
25,5,509,0.030225394293665886,FTTransformer|Focal Loss
25,6,510,0.02133743092417717,FTTransformer|Focal Loss
25,7,511,0.024694154039025307,FTTransformer|Focal Loss
25,8,512,0.025065895169973373,FTTransformer|Focal Loss
25,9,513,0.028482820838689804,FTTransformer|Focal Loss
25,10,514,0.02900839038193226,FTTransformer|Focal Loss
25,11,515,0.03746544569730759,FTTransformer|Focal Loss
25,12,516,0.030094943940639496,FTTransformer|Focal Loss
25,13,517,0.03213494271039963,FTTransformer|Focal Loss
25,14,518,0.026507563889026642,FTTransformer|Focal Loss
25,15,519,0.030189096927642822,FTTransformer|Focal Loss
25,16,520,0.028256714344024658,FTTransformer|Focal Loss
25,17,521,0.030220545828342438,FTTransformer|Focal Loss
25,18,522,0.029787670820951462,FTTransformer|Focal Loss
25,19,523,0.03190789371728897,FTTransformer|Focal Loss
25,20,524,0.030292842537164688,FTTransformer|Focal Loss
25,21,525,0.0335891991853714,FTTransformer|Focal Loss
26,1,526,0.030972659587860107,FTTransformer|Focal Loss
26,2,527,0.0321522131562233,FTTransformer|Focal Loss
26,3,528,0.03092394769191742,FTTransformer|Focal Loss
26,4,529,0.04113984853029251,FTTransformer|Focal Loss
26,5,530,0.03089168667793274,FTTransformer|Focal Loss
26,6,531,0.02449928969144821,FTTransformer|Focal Loss
26,7,532,0.02739116922020912,FTTransformer|Focal Loss
26,8,533,0.0441272109746933,FTTransformer|Focal Loss
26,9,534,0.025693129748106003,FTTransformer|Focal Loss
26,10,535,0.02573261596262455,FTTransformer|Focal Loss
26,11,536,0.0246096383780241,FTTransformer|Focal Loss
26,12,537,0.02545476332306862,FTTransformer|Focal Loss
26,13,538,0.019979948177933693,FTTransformer|Focal Loss
26,14,539,0.02322382479906082,FTTransformer|Focal Loss
26,15,540,0.019965246319770813,FTTransformer|Focal Loss
26,16,541,0.02493598684668541,FTTransformer|Focal Loss
26,17,542,0.027554551139473915,FTTransformer|Focal Loss
26,18,543,0.03053632751107216,FTTransformer|Focal Loss
26,19,544,0.03132937476038933,FTTransformer|Focal Loss
26,20,545,0.02871362864971161,FTTransformer|Focal Loss
26,21,546,0.03176266327500343,FTTransformer|Focal Loss
27,1,547,0.028660617768764496,FTTransformer|Focal Loss
27,2,548,0.029277192428708076,FTTransformer|Focal Loss
27,3,549,0.026189394295215607,FTTransformer|Focal Loss
27,4,550,0.021808210760354996,FTTransformer|Focal Loss
27,5,551,0.02466660365462303,FTTransformer|Focal Loss
27,6,552,0.03839458152651787,FTTransformer|Focal Loss
27,7,553,0.032186951488256454,FTTransformer|Focal Loss
27,8,554,0.02687510848045349,FTTransformer|Focal Loss
27,9,555,0.022250061854720116,FTTransformer|Focal Loss
27,10,556,0.028765631839632988,FTTransformer|Focal Loss
27,11,557,0.029073627665638924,FTTransformer|Focal Loss
27,12,558,0.020845895633101463,FTTransformer|Focal Loss
27,13,559,0.036680787801742554,FTTransformer|Focal Loss
27,14,560,0.032499708235263824,FTTransformer|Focal Loss
27,15,561,0.028060700744390488,FTTransformer|Focal Loss
27,16,562,0.0197313129901886,FTTransformer|Focal Loss
27,17,563,0.02984076738357544,FTTransformer|Focal Loss
27,18,564,0.02729734592139721,FTTransformer|Focal Loss
27,19,565,0.026484327390789986,FTTransformer|Focal Loss
27,20,566,0.023631643503904343,FTTransformer|Focal Loss
27,21,567,0.03951319307088852,FTTransformer|Focal Loss
28,1,568,0.022283444181084633,FTTransformer|Focal Loss
28,2,569,0.0220513753592968,FTTransformer|Focal Loss
28,3,570,0.04547453671693802,FTTransformer|Focal Loss
28,4,571,0.030404869467020035,FTTransformer|Focal Loss
28,5,572,0.02822680026292801,FTTransformer|Focal Loss
28,6,573,0.024263663217425346,FTTransformer|Focal Loss
28,7,574,0.016430340707302094,FTTransformer|Focal Loss
28,8,575,0.02412826381623745,FTTransformer|Focal Loss
28,9,576,0.03308786824345589,FTTransformer|Focal Loss
28,10,577,0.045964572578668594,FTTransformer|Focal Loss
28,11,578,0.018787091597914696,FTTransformer|Focal Loss
28,12,579,0.030540265142917633,FTTransformer|Focal Loss
28,13,580,0.026504874229431152,FTTransformer|Focal Loss
28,14,581,0.029107682406902313,FTTransformer|Focal Loss
28,15,582,0.030889421701431274,FTTransformer|Focal Loss
28,16,583,0.030133120715618134,FTTransformer|Focal Loss
28,17,584,0.021458754315972328,FTTransformer|Focal Loss
28,18,585,0.021561281755566597,FTTransformer|Focal Loss
28,19,586,0.027577141299843788,FTTransformer|Focal Loss
28,20,587,0.036857932806015015,FTTransformer|Focal Loss
28,21,588,0.04914868623018265,FTTransformer|Focal Loss
29,1,589,0.025165483355522156,FTTransformer|Focal Loss
29,2,590,0.027291880920529366,FTTransformer|Focal Loss
29,3,591,0.028177840635180473,FTTransformer|Focal Loss
29,4,592,0.027740802615880966,FTTransformer|Focal Loss
29,5,593,0.03482624888420105,FTTransformer|Focal Loss
29,6,594,0.030444178730249405,FTTransformer|Focal Loss
29,7,595,0.029888205230236053,FTTransformer|Focal Loss
29,8,596,0.019877685233950615,FTTransformer|Focal Loss
29,9,597,0.02534479834139347,FTTransformer|Focal Loss
29,10,598,0.030394379049539566,FTTransformer|Focal Loss
29,11,599,0.025191279128193855,FTTransformer|Focal Loss
29,12,600,0.024493791162967682,FTTransformer|Focal Loss
29,13,601,0.025871887803077698,FTTransformer|Focal Loss
29,14,602,0.031166017055511475,FTTransformer|Focal Loss
29,15,603,0.02596145123243332,FTTransformer|Focal Loss
29,16,604,0.03363482281565666,FTTransformer|Focal Loss
29,17,605,0.035463638603687286,FTTransformer|Focal Loss
29,18,606,0.022577261552214622,FTTransformer|Focal Loss
29,19,607,0.034499943256378174,FTTransformer|Focal Loss
29,20,608,0.0291634202003479,FTTransformer|Focal Loss
29,21,609,0.02776993438601494,FTTransformer|Focal Loss
30,1,610,0.02265283465385437,FTTransformer|Focal Loss
30,2,611,0.02249220944941044,FTTransformer|Focal Loss
30,3,612,0.033623237162828445,FTTransformer|Focal Loss
30,4,613,0.03362075984477997,FTTransformer|Focal Loss
30,5,614,0.02266189083456993,FTTransformer|Focal Loss
30,6,615,0.025973526760935783,FTTransformer|Focal Loss
30,7,616,0.032911550253629684,FTTransformer|Focal Loss
30,8,617,0.034718818962574005,FTTransformer|Focal Loss
30,9,618,0.023882871493697166,FTTransformer|Focal Loss
30,10,619,0.026385333389043808,FTTransformer|Focal Loss
30,11,620,0.024061372503638268,FTTransformer|Focal Loss
30,12,621,0.038001153618097305,FTTransformer|Focal Loss
30,13,622,0.04045262560248375,FTTransformer|Focal Loss
30,14,623,0.02747209742665291,FTTransformer|Focal Loss
30,15,624,0.029283320531249046,FTTransformer|Focal Loss
30,16,625,0.026789426803588867,FTTransformer|Focal Loss
30,17,626,0.03262697905302048,FTTransformer|Focal Loss
30,18,627,0.01884133368730545,FTTransformer|Focal Loss
30,19,628,0.022325001657009125,FTTransformer|Focal Loss
30,20,629,0.03487760201096535,FTTransformer|Focal Loss
30,21,630,0.02567184902727604,FTTransformer|Focal Loss
31,1,631,0.027321932837367058,FTTransformer|Focal Loss
31,2,632,0.017693182453513145,FTTransformer|Focal Loss
31,3,633,0.04024543985724449,FTTransformer|Focal Loss
31,4,634,0.02475385181605816,FTTransformer|Focal Loss
31,5,635,0.02943907491862774,FTTransformer|Focal Loss
31,6,636,0.03460928425192833,FTTransformer|Focal Loss
31,7,637,0.02753516659140587,FTTransformer|Focal Loss
31,8,638,0.024301758036017418,FTTransformer|Focal Loss
31,9,639,0.03377528116106987,FTTransformer|Focal Loss
31,10,640,0.03446410223841667,FTTransformer|Focal Loss
31,11,641,0.024185817688703537,FTTransformer|Focal Loss
31,12,642,0.031184121966362,FTTransformer|Focal Loss
31,13,643,0.023720966652035713,FTTransformer|Focal Loss
31,14,644,0.026397207751870155,FTTransformer|Focal Loss
31,15,645,0.028555242344737053,FTTransformer|Focal Loss
31,16,646,0.029544880613684654,FTTransformer|Focal Loss
31,17,647,0.016898944973945618,FTTransformer|Focal Loss
31,18,648,0.029596518725156784,FTTransformer|Focal Loss
31,19,649,0.029460761696100235,FTTransformer|Focal Loss
31,20,650,0.029401831328868866,FTTransformer|Focal Loss
31,21,651,0.024352481588721275,FTTransformer|Focal Loss
32,1,652,0.033305127173662186,FTTransformer|Focal Loss
32,2,653,0.02292785979807377,FTTransformer|Focal Loss
32,3,654,0.027229251340031624,FTTransformer|Focal Loss
32,4,655,0.03798322379589081,FTTransformer|Focal Loss
32,5,656,0.030997253954410553,FTTransformer|Focal Loss
32,6,657,0.02340662106871605,FTTransformer|Focal Loss
32,7,658,0.030323451384902,FTTransformer|Focal Loss
32,8,659,0.031570564955472946,FTTransformer|Focal Loss
32,9,660,0.017251580953598022,FTTransformer|Focal Loss
32,10,661,0.027246370911598206,FTTransformer|Focal Loss
32,11,662,0.02516370266675949,FTTransformer|Focal Loss
32,12,663,0.02678408846259117,FTTransformer|Focal Loss
32,13,664,0.02186884544789791,FTTransformer|Focal Loss
32,14,665,0.027387579903006554,FTTransformer|Focal Loss
32,15,666,0.03162486106157303,FTTransformer|Focal Loss
32,16,667,0.021939272060990334,FTTransformer|Focal Loss
32,17,668,0.026040835306048393,FTTransformer|Focal Loss
32,18,669,0.028270598500967026,FTTransformer|Focal Loss
32,19,670,0.02330130524933338,FTTransformer|Focal Loss
32,20,671,0.03011174127459526,FTTransformer|Focal Loss
32,21,672,0.04721933603286743,FTTransformer|Focal Loss
33,1,673,0.024033596739172935,FTTransformer|Focal Loss
33,2,674,0.03186877816915512,FTTransformer|Focal Loss
33,3,675,0.032027583569288254,FTTransformer|Focal Loss
33,4,676,0.024266891181468964,FTTransformer|Focal Loss
33,5,677,0.024250805377960205,FTTransformer|Focal Loss
33,6,678,0.03239494562149048,FTTransformer|Focal Loss
33,7,679,0.020203104242682457,FTTransformer|Focal Loss
33,8,680,0.030773254111409187,FTTransformer|Focal Loss
33,9,681,0.03599231317639351,FTTransformer|Focal Loss
33,10,682,0.0332464873790741,FTTransformer|Focal Loss
33,11,683,0.03346817567944527,FTTransformer|Focal Loss
33,12,684,0.032127123326063156,FTTransformer|Focal Loss
33,13,685,0.022756259888410568,FTTransformer|Focal Loss
33,14,686,0.023770634084939957,FTTransformer|Focal Loss
33,15,687,0.030152495950460434,FTTransformer|Focal Loss
33,16,688,0.02251560427248478,FTTransformer|Focal Loss
33,17,689,0.017519822344183922,FTTransformer|Focal Loss
33,18,690,0.03054184280335903,FTTransformer|Focal Loss
33,19,691,0.023951731622219086,FTTransformer|Focal Loss
33,20,692,0.021748047322034836,FTTransformer|Focal Loss
33,21,693,0.025120016187429428,FTTransformer|Focal Loss
34,1,694,0.024769317358732224,FTTransformer|Focal Loss
34,2,695,0.02277003973722458,FTTransformer|Focal Loss
34,3,696,0.029830658808350563,FTTransformer|Focal Loss
34,4,697,0.026063915342092514,FTTransformer|Focal Loss
34,5,698,0.021091319620609283,FTTransformer|Focal Loss
34,6,699,0.020338302478194237,FTTransformer|Focal Loss
34,7,700,0.03134288266301155,FTTransformer|Focal Loss
34,8,701,0.03395170718431473,FTTransformer|Focal Loss
34,9,702,0.02583889849483967,FTTransformer|Focal Loss
34,10,703,0.02796587161719799,FTTransformer|Focal Loss
34,11,704,0.023475216701626778,FTTransformer|Focal Loss
34,12,705,0.030694227665662766,FTTransformer|Focal Loss
34,13,706,0.032671913504600525,FTTransformer|Focal Loss
34,14,707,0.0277135968208313,FTTransformer|Focal Loss
34,15,708,0.01740497164428234,FTTransformer|Focal Loss
34,16,709,0.02662496455013752,FTTransformer|Focal Loss
34,17,710,0.0346929095685482,FTTransformer|Focal Loss
34,18,711,0.027801046147942543,FTTransformer|Focal Loss
34,19,712,0.025306271389126778,FTTransformer|Focal Loss
34,20,713,0.03357637673616409,FTTransformer|Focal Loss
34,21,714,0.04655914381146431,FTTransformer|Focal Loss
35,1,715,0.02101299911737442,FTTransformer|Focal Loss
35,2,716,0.024308525025844574,FTTransformer|Focal Loss
35,3,717,0.021294817328453064,FTTransformer|Focal Loss
35,4,718,0.022959286347031593,FTTransformer|Focal Loss
35,5,719,0.03408738598227501,FTTransformer|Focal Loss
35,6,720,0.02355494163930416,FTTransformer|Focal Loss
35,7,721,0.024104760959744453,FTTransformer|Focal Loss
35,8,722,0.042648736387491226,FTTransformer|Focal Loss
35,9,723,0.01997743546962738,FTTransformer|Focal Loss
35,10,724,0.039929259568452835,FTTransformer|Focal Loss
35,11,725,0.03596745431423187,FTTransformer|Focal Loss
35,12,726,0.023690253496170044,FTTransformer|Focal Loss
35,13,727,0.026834825053811073,FTTransformer|Focal Loss
35,14,728,0.031269364058971405,FTTransformer|Focal Loss
35,15,729,0.026870742440223694,FTTransformer|Focal Loss
35,16,730,0.02456466108560562,FTTransformer|Focal Loss
35,17,731,0.02637067437171936,FTTransformer|Focal Loss
35,18,732,0.03613080456852913,FTTransformer|Focal Loss
35,19,733,0.028718672692775726,FTTransformer|Focal Loss
35,20,734,0.032712776213884354,FTTransformer|Focal Loss
35,21,735,0.02160528488457203,FTTransformer|Focal Loss
36,1,736,0.021185334771871567,FTTransformer|Focal Loss
36,2,737,0.01703941822052002,FTTransformer|Focal Loss
36,3,738,0.02501511573791504,FTTransformer|Focal Loss
36,4,739,0.018882518634200096,FTTransformer|Focal Loss
36,5,740,0.028960077092051506,FTTransformer|Focal Loss
36,6,741,0.019388627260923386,FTTransformer|Focal Loss
36,7,742,0.024814985692501068,FTTransformer|Focal Loss
36,8,743,0.023346148431301117,FTTransformer|Focal Loss
36,9,744,0.035175621509552,FTTransformer|Focal Loss
36,10,745,0.02332593873143196,FTTransformer|Focal Loss
36,11,746,0.02443976141512394,FTTransformer|Focal Loss
36,12,747,0.02886493317782879,FTTransformer|Focal Loss
36,13,748,0.03793756291270256,FTTransformer|Focal Loss
36,14,749,0.03134918957948685,FTTransformer|Focal Loss
36,15,750,0.03495616838335991,FTTransformer|Focal Loss
36,16,751,0.024595987051725388,FTTransformer|Focal Loss
36,17,752,0.03125547990202904,FTTransformer|Focal Loss
36,18,753,0.02324441447854042,FTTransformer|Focal Loss
36,19,754,0.03397075831890106,FTTransformer|Focal Loss
36,20,755,0.037548407912254333,FTTransformer|Focal Loss
36,21,756,0.016879616305232048,FTTransformer|Focal Loss
37,1,757,0.02619285136461258,FTTransformer|Focal Loss
37,2,758,0.03030708059668541,FTTransformer|Focal Loss
37,3,759,0.03619536757469177,FTTransformer|Focal Loss
37,4,760,0.025874149054288864,FTTransformer|Focal Loss
37,5,761,0.025415409356355667,FTTransformer|Focal Loss
37,6,762,0.02218003198504448,FTTransformer|Focal Loss
37,7,763,0.025033917278051376,FTTransformer|Focal Loss
37,8,764,0.02450210228562355,FTTransformer|Focal Loss
37,9,765,0.020642822608351707,FTTransformer|Focal Loss
37,10,766,0.02690345048904419,FTTransformer|Focal Loss
37,11,767,0.048497576266527176,FTTransformer|Focal Loss
37,12,768,0.019779380410909653,FTTransformer|Focal Loss
37,13,769,0.022423649206757545,FTTransformer|Focal Loss
37,14,770,0.01841730996966362,FTTransformer|Focal Loss
37,15,771,0.02624000608921051,FTTransformer|Focal Loss
37,16,772,0.03264443576335907,FTTransformer|Focal Loss
37,17,773,0.024259429425001144,FTTransformer|Focal Loss
37,18,774,0.029760800302028656,FTTransformer|Focal Loss
37,19,775,0.029273085296154022,FTTransformer|Focal Loss
37,20,776,0.02817356213927269,FTTransformer|Focal Loss
37,21,777,0.025986650958657265,FTTransformer|Focal Loss
38,1,778,0.022738762199878693,FTTransformer|Focal Loss
38,2,779,0.020092207938432693,FTTransformer|Focal Loss
38,3,780,0.027892937883734703,FTTransformer|Focal Loss
38,4,781,0.03082948923110962,FTTransformer|Focal Loss
38,5,782,0.018094152212142944,FTTransformer|Focal Loss
38,6,783,0.02759217657148838,FTTransformer|Focal Loss
38,7,784,0.032894402742385864,FTTransformer|Focal Loss
38,8,785,0.019997095689177513,FTTransformer|Focal Loss
38,9,786,0.023602334782481194,FTTransformer|Focal Loss
38,10,787,0.030230825766921043,FTTransformer|Focal Loss
38,11,788,0.03374795615673065,FTTransformer|Focal Loss
38,12,789,0.03028256446123123,FTTransformer|Focal Loss
38,13,790,0.03187152370810509,FTTransformer|Focal Loss
38,14,791,0.028799617663025856,FTTransformer|Focal Loss
38,15,792,0.022666076198220253,FTTransformer|Focal Loss
38,16,793,0.025579731911420822,FTTransformer|Focal Loss
38,17,794,0.022467531263828278,FTTransformer|Focal Loss
38,18,795,0.02110355906188488,FTTransformer|Focal Loss
38,19,796,0.021031666547060013,FTTransformer|Focal Loss
38,20,797,0.017875492572784424,FTTransformer|Focal Loss
38,21,798,0.05252091959118843,FTTransformer|Focal Loss
39,1,799,0.02436842955648899,FTTransformer|Focal Loss
39,2,800,0.02501104772090912,FTTransformer|Focal Loss
39,3,801,0.03274158015847206,FTTransformer|Focal Loss
39,4,802,0.03081410378217697,FTTransformer|Focal Loss
39,5,803,0.0181695856153965,FTTransformer|Focal Loss
39,6,804,0.044281017035245895,FTTransformer|Focal Loss
39,7,805,0.022983144968748093,FTTransformer|Focal Loss
39,8,806,0.02105928584933281,FTTransformer|Focal Loss
39,9,807,0.029042484238743782,FTTransformer|Focal Loss
39,10,808,0.03413514420390129,FTTransformer|Focal Loss
39,11,809,0.024718914180994034,FTTransformer|Focal Loss
39,12,810,0.029638372361660004,FTTransformer|Focal Loss
39,13,811,0.027196675539016724,FTTransformer|Focal Loss
39,14,812,0.03543992340564728,FTTransformer|Focal Loss
39,15,813,0.031276069581508636,FTTransformer|Focal Loss
39,16,814,0.02564319409430027,FTTransformer|Focal Loss
39,17,815,0.03219938650727272,FTTransformer|Focal Loss
39,18,816,0.02921188808977604,FTTransformer|Focal Loss
39,19,817,0.015556612983345985,FTTransformer|Focal Loss
39,20,818,0.01602960005402565,FTTransformer|Focal Loss
39,21,819,0.01325426995754242,FTTransformer|Focal Loss
40,1,820,0.04061051830649376,FTTransformer|Focal Loss
40,2,821,0.017532559111714363,FTTransformer|Focal Loss
40,3,822,0.024963703006505966,FTTransformer|Focal Loss
40,4,823,0.03255929797887802,FTTransformer|Focal Loss
40,5,824,0.03527450188994408,FTTransformer|Focal Loss
40,6,825,0.01948733814060688,FTTransformer|Focal Loss
40,7,826,0.02334165759384632,FTTransformer|Focal Loss
40,8,827,0.026691611856222153,FTTransformer|Focal Loss
40,9,828,0.019247230142354965,FTTransformer|Focal Loss
40,10,829,0.03011345863342285,FTTransformer|Focal Loss
40,11,830,0.024736614897847176,FTTransformer|Focal Loss
40,12,831,0.0233478844165802,FTTransformer|Focal Loss
40,13,832,0.034988194704055786,FTTransformer|Focal Loss
40,14,833,0.026614729315042496,FTTransformer|Focal Loss
40,15,834,0.021194759756326675,FTTransformer|Focal Loss
40,16,835,0.02573483996093273,FTTransformer|Focal Loss
40,17,836,0.02623577229678631,FTTransformer|Focal Loss
40,18,837,0.03065325878560543,FTTransformer|Focal Loss
40,19,838,0.02913547120988369,FTTransformer|Focal Loss
40,20,839,0.03930677846074104,FTTransformer|Focal Loss
40,21,840,0.008104702457785606,FTTransformer|Focal Loss
41,1,841,0.025736823678016663,FTTransformer|Focal Loss
41,2,842,0.035771794617176056,FTTransformer|Focal Loss
41,3,843,0.02927098236978054,FTTransformer|Focal Loss
41,4,844,0.02033829316496849,FTTransformer|Focal Loss
41,5,845,0.03105759248137474,FTTransformer|Focal Loss
41,6,846,0.042627107352018356,FTTransformer|Focal Loss
41,7,847,0.026293251663446426,FTTransformer|Focal Loss
41,8,848,0.025248972699046135,FTTransformer|Focal Loss
41,9,849,0.02664465643465519,FTTransformer|Focal Loss
41,10,850,0.01651625707745552,FTTransformer|Focal Loss
41,11,851,0.017972270026803017,FTTransformer|Focal Loss
41,12,852,0.018685920163989067,FTTransformer|Focal Loss
41,13,853,0.024317685514688492,FTTransformer|Focal Loss
41,14,854,0.0241228174418211,FTTransformer|Focal Loss
41,15,855,0.02662685699760914,FTTransformer|Focal Loss
41,16,856,0.034354422241449356,FTTransformer|Focal Loss
41,17,857,0.034047264605760574,FTTransformer|Focal Loss
41,18,858,0.02850785106420517,FTTransformer|Focal Loss
41,19,859,0.024335386231541634,FTTransformer|Focal Loss
41,20,860,0.03360835835337639,FTTransformer|Focal Loss
41,21,861,0.020121952518820763,FTTransformer|Focal Loss
42,1,862,0.02378467470407486,FTTransformer|Focal Loss
42,2,863,0.03279785066843033,FTTransformer|Focal Loss
42,3,864,0.02697070501744747,FTTransformer|Focal Loss
42,4,865,0.02484777383506298,FTTransformer|Focal Loss
42,5,866,0.02570519782602787,FTTransformer|Focal Loss
42,6,867,0.02404416911303997,FTTransformer|Focal Loss
42,7,868,0.02213238552212715,FTTransformer|Focal Loss
42,8,869,0.025555914267897606,FTTransformer|Focal Loss
42,9,870,0.03134532272815704,FTTransformer|Focal Loss
42,10,871,0.03280164673924446,FTTransformer|Focal Loss
42,11,872,0.028075186535716057,FTTransformer|Focal Loss
42,12,873,0.028494782745838165,FTTransformer|Focal Loss
42,13,874,0.03239494934678078,FTTransformer|Focal Loss
42,14,875,0.029039688408374786,FTTransformer|Focal Loss
42,15,876,0.0343611054122448,FTTransformer|Focal Loss
42,16,877,0.030819159001111984,FTTransformer|Focal Loss
42,17,878,0.025244398042559624,FTTransformer|Focal Loss
42,18,879,0.032486896961927414,FTTransformer|Focal Loss
42,19,880,0.017634108662605286,FTTransformer|Focal Loss
42,20,881,0.02204808220267296,FTTransformer|Focal Loss
42,21,882,0.02193186804652214,FTTransformer|Focal Loss
43,1,883,0.02774030715227127,FTTransformer|Focal Loss
43,2,884,0.024025678634643555,FTTransformer|Focal Loss
43,3,885,0.023361554369330406,FTTransformer|Focal Loss
43,4,886,0.028159037232398987,FTTransformer|Focal Loss
43,5,887,0.02891400456428528,FTTransformer|Focal Loss
43,6,888,0.02720898762345314,FTTransformer|Focal Loss
43,7,889,0.02045343443751335,FTTransformer|Focal Loss
43,8,890,0.021729489788413048,FTTransformer|Focal Loss
43,9,891,0.024270733818411827,FTTransformer|Focal Loss
43,10,892,0.022307729348540306,FTTransformer|Focal Loss
43,11,893,0.026109395548701286,FTTransformer|Focal Loss
43,12,894,0.035778243094682693,FTTransformer|Focal Loss
43,13,895,0.03161243721842766,FTTransformer|Focal Loss
43,14,896,0.02714773640036583,FTTransformer|Focal Loss
43,15,897,0.03127507492899895,FTTransformer|Focal Loss
43,16,898,0.030514884740114212,FTTransformer|Focal Loss
43,17,899,0.034548819065093994,FTTransformer|Focal Loss
43,18,900,0.02753777615725994,FTTransformer|Focal Loss
43,19,901,0.018214724957942963,FTTransformer|Focal Loss
43,20,902,0.026970408856868744,FTTransformer|Focal Loss
43,21,903,0.034793805330991745,FTTransformer|Focal Loss
44,1,904,0.031096521764993668,FTTransformer|Focal Loss
44,2,905,0.033366214483976364,FTTransformer|Focal Loss
44,3,906,0.025754790753126144,FTTransformer|Focal Loss
44,4,907,0.03009115532040596,FTTransformer|Focal Loss
44,5,908,0.027414638549089432,FTTransformer|Focal Loss
44,6,909,0.022628435865044594,FTTransformer|Focal Loss
44,7,910,0.028807507827878,FTTransformer|Focal Loss
44,8,911,0.03437551483511925,FTTransformer|Focal Loss
44,9,912,0.022019583731889725,FTTransformer|Focal Loss
44,10,913,0.026722701266407967,FTTransformer|Focal Loss
44,11,914,0.022300617769360542,FTTransformer|Focal Loss
44,12,915,0.022326940670609474,FTTransformer|Focal Loss
44,13,916,0.020954297855496407,FTTransformer|Focal Loss
44,14,917,0.022961121052503586,FTTransformer|Focal Loss
44,15,918,0.020935336127877235,FTTransformer|Focal Loss
44,16,919,0.016599200665950775,FTTransformer|Focal Loss
44,17,920,0.03668557107448578,FTTransformer|Focal Loss
44,18,921,0.025806719437241554,FTTransformer|Focal Loss
44,19,922,0.02618326246738434,FTTransformer|Focal Loss
44,20,923,0.024679195135831833,FTTransformer|Focal Loss
44,21,924,0.034430816769599915,FTTransformer|Focal Loss
45,1,925,0.028626108542084694,FTTransformer|Focal Loss
45,2,926,0.022289495915174484,FTTransformer|Focal Loss
45,3,927,0.02194267138838768,FTTransformer|Focal Loss
45,4,928,0.027819568291306496,FTTransformer|Focal Loss
45,5,929,0.031486280262470245,FTTransformer|Focal Loss
45,6,930,0.0316956527531147,FTTransformer|Focal Loss
45,7,931,0.021185090765357018,FTTransformer|Focal Loss
45,8,932,0.02000189758837223,FTTransformer|Focal Loss
45,9,933,0.034823548048734665,FTTransformer|Focal Loss
45,10,934,0.026148667559027672,FTTransformer|Focal Loss
45,11,935,0.03058728203177452,FTTransformer|Focal Loss
45,12,936,0.027485540136694908,FTTransformer|Focal Loss
45,13,937,0.023195765912532806,FTTransformer|Focal Loss
45,14,938,0.024129392579197884,FTTransformer|Focal Loss
45,15,939,0.024376731365919113,FTTransformer|Focal Loss
45,16,940,0.02400127425789833,FTTransformer|Focal Loss
45,17,941,0.02433820441365242,FTTransformer|Focal Loss
45,18,942,0.027622796595096588,FTTransformer|Focal Loss
45,19,943,0.01390079129487276,FTTransformer|Focal Loss
45,20,944,0.03149845823645592,FTTransformer|Focal Loss
45,21,945,0.03055536560714245,FTTransformer|Focal Loss
46,1,946,0.034629397094249725,FTTransformer|Focal Loss
46,2,947,0.023690978065133095,FTTransformer|Focal Loss
46,3,948,0.02493899315595627,FTTransformer|Focal Loss
46,4,949,0.029030613601207733,FTTransformer|Focal Loss
46,5,950,0.024786528199911118,FTTransformer|Focal Loss
46,6,951,0.028819411993026733,FTTransformer|Focal Loss
46,7,952,0.022979937493801117,FTTransformer|Focal Loss
46,8,953,0.021970240399241447,FTTransformer|Focal Loss
46,9,954,0.021962681785225868,FTTransformer|Focal Loss
46,10,955,0.02978575974702835,FTTransformer|Focal Loss
46,11,956,0.024985793977975845,FTTransformer|Focal Loss
46,12,957,0.03159191459417343,FTTransformer|Focal Loss
46,13,958,0.022975333034992218,FTTransformer|Focal Loss
46,14,959,0.020430225878953934,FTTransformer|Focal Loss
46,15,960,0.032911159098148346,FTTransformer|Focal Loss
46,16,961,0.029064971953630447,FTTransformer|Focal Loss
46,17,962,0.03220682963728905,FTTransformer|Focal Loss
46,18,963,0.027244841679930687,FTTransformer|Focal Loss
46,19,964,0.022358719259500504,FTTransformer|Focal Loss
46,20,965,0.02785508520901203,FTTransformer|Focal Loss
46,21,966,0.015754682943224907,FTTransformer|Focal Loss
47,1,967,0.03082742914557457,FTTransformer|Focal Loss
47,2,968,0.02047307789325714,FTTransformer|Focal Loss
47,3,969,0.030196841806173325,FTTransformer|Focal Loss
47,4,970,0.025821808725595474,FTTransformer|Focal Loss
47,5,971,0.028309859335422516,FTTransformer|Focal Loss
47,6,972,0.025819631293416023,FTTransformer|Focal Loss
47,7,973,0.021014316007494926,FTTransformer|Focal Loss
47,8,974,0.02936750091612339,FTTransformer|Focal Loss
47,9,975,0.021337606012821198,FTTransformer|Focal Loss
47,10,976,0.031725868582725525,FTTransformer|Focal Loss
47,11,977,0.026579007506370544,FTTransformer|Focal Loss
47,12,978,0.02290327101945877,FTTransformer|Focal Loss
47,13,979,0.02510424703359604,FTTransformer|Focal Loss
47,14,980,0.02727661281824112,FTTransformer|Focal Loss
47,15,981,0.03199264779686928,FTTransformer|Focal Loss
47,16,982,0.0284659955650568,FTTransformer|Focal Loss
47,17,983,0.02281082607805729,FTTransformer|Focal Loss
47,18,984,0.02306222729384899,FTTransformer|Focal Loss
47,19,985,0.03599017485976219,FTTransformer|Focal Loss
47,20,986,0.02177351526916027,FTTransformer|Focal Loss
47,21,987,0.028333226218819618,FTTransformer|Focal Loss
48,1,988,0.025305429473519325,FTTransformer|Focal Loss
48,2,989,0.01812436245381832,FTTransformer|Focal Loss
48,3,990,0.022825581952929497,FTTransformer|Focal Loss
48,4,991,0.03005923330783844,FTTransformer|Focal Loss
48,5,992,0.02920594811439514,FTTransformer|Focal Loss
48,6,993,0.033481813967227936,FTTransformer|Focal Loss
48,7,994,0.025093987584114075,FTTransformer|Focal Loss
48,8,995,0.03287894278764725,FTTransformer|Focal Loss
48,9,996,0.022389380261301994,FTTransformer|Focal Loss
48,10,997,0.02734280377626419,FTTransformer|Focal Loss
48,11,998,0.029945584014058113,FTTransformer|Focal Loss
48,12,999,0.016779910773038864,FTTransformer|Focal Loss
48,13,1000,0.03101680427789688,FTTransformer|Focal Loss
48,14,1001,0.026097794994711876,FTTransformer|Focal Loss
48,15,1002,0.026542790234088898,FTTransformer|Focal Loss
48,16,1003,0.031113039702177048,FTTransformer|Focal Loss
48,17,1004,0.016980251297354698,FTTransformer|Focal Loss
48,18,1005,0.02469690889120102,FTTransformer|Focal Loss
48,19,1006,0.02059895545244217,FTTransformer|Focal Loss
48,20,1007,0.03520260751247406,FTTransformer|Focal Loss
48,21,1008,0.030298812314867973,FTTransformer|Focal Loss
49,1,1009,0.020573608577251434,FTTransformer|Focal Loss
49,2,1010,0.025301525369286537,FTTransformer|Focal Loss
49,3,1011,0.022181184962391853,FTTransformer|Focal Loss
49,4,1012,0.028788145631551743,FTTransformer|Focal Loss
49,5,1013,0.028346607461571693,FTTransformer|Focal Loss
49,6,1014,0.025499265640974045,FTTransformer|Focal Loss
49,7,1015,0.028849061578512192,FTTransformer|Focal Loss
49,8,1016,0.030708756297826767,FTTransformer|Focal Loss
49,9,1017,0.024002723395824432,FTTransformer|Focal Loss
49,10,1018,0.02669854462146759,FTTransformer|Focal Loss
49,11,1019,0.033496640622615814,FTTransformer|Focal Loss
49,12,1020,0.029891492798924446,FTTransformer|Focal Loss
49,13,1021,0.04092748463153839,FTTransformer|Focal Loss
49,14,1022,0.021337248384952545,FTTransformer|Focal Loss
49,15,1023,0.02102505788207054,FTTransformer|Focal Loss
49,16,1024,0.03622617945075035,FTTransformer|Focal Loss
49,17,1025,0.02011292427778244,FTTransformer|Focal Loss
49,18,1026,0.033429618924856186,FTTransformer|Focal Loss
49,19,1027,0.01884084939956665,FTTransformer|Focal Loss
49,20,1028,0.026129331439733505,FTTransformer|Focal Loss
49,21,1029,0.02359192632138729,FTTransformer|Focal Loss
