row_id,split,daily_social_media_hours,sleep_hours,screen_time_before_sleep,physical_activity,social_interaction_level,academic_performance,usage_intensity_cluster_id,usage_intensity_cluster_name,lifestyle_health_cluster_id,lifestyle_health_cluster_name,social_behavior_cluster_id,social_behavior_cluster_name,stress_pattern_cluster_id,stress_pattern_cluster_name,combined_persona
159,train,7.5,8.0,2.0,0.7,medium,3.25,1,Heavy Daytime Social Media Users,0,Healthy Lifestyle Users,1,Low Activity Moderate Social Users,1,High Stress Users,Heavy Daytime Social Media Users | Healthy Lifestyle Users | Low Activity Moderate Social Users | High Stress Users
1641,train,6.3,4.2,2.9,0.8,low,2.0,2,Heavy Night Social Media Users,1,Lifestyle Risk Users,0,Socially Isolated Users,1,High Stress Users,Heavy Night Social Media Users | Lifestyle Risk Users | Socially Isolated Users | High Stress Users
3215,train,5.8,6.1,1.6,0.8,medium,2.47,1,Heavy Daytime Social Media Users,1,Lifestyle Risk Users,1,Low Activity Moderate Social Users,1,High Stress Users,Heavy Daytime Social Media Users | Lifestyle Risk Users | Low Activity Moderate Social Users | High Stress Users
239,train,6.2,5.1,2.0,1.7,medium,3.82,2,Heavy Night Social Media Users,0,Healthy Lifestyle Users,2,Moderately Social Users,1,High Stress Users,Heavy Night Social Media Users | Healthy Lifestyle Users | Moderately Social Users | High Stress Users
1603,train,6.7,4.9,1.0,0.2,medium,2.08,1,Heavy Daytime Social Media Users,1,Lifestyle Risk Users,1,Low Activity Moderate Social Users,1,High Stress Users,Heavy Daytime Social Media Users | Lifestyle Risk Users | Low Activity Moderate Social Users | High Stress Users
2116,train,3.9,7.4,1.2,1.2,medium,3.51,0,Light / Rested Users,0,Healthy Lifestyle Users,2,Moderately Social Users,0,Low Stress Users,Light / Rested Users | Healthy Lifestyle Users | Moderately Social Users | Low Stress Users
2472,train,7.5,4.7,2.0,1.7,high,2.23,2,Heavy Night Social Media Users,1,Lifestyle Risk Users,1,Low Activity Moderate Social Users,1,High Stress Users,Heavy Night Social Media Users | Lifestyle Risk Users | Low Activity Moderate Social Users | High Stress Users
3213,train,3.7,5.4,2.9,1.3,low,2.48,2,Heavy Night Social Media Users,1,Lifestyle Risk Users,0,Socially Isolated Users,0,Low Stress Users,Heavy Night Social Media Users | Lifestyle Risk Users | Socially Isolated Users | Low Stress Users
964,train,7.5,4.5,2.7,1.0,high,2.41,2,Heavy Night Social Media Users,1,Lifestyle Risk Users,1,Low Activity Moderate Social Users,1,High Stress Users,Heavy Night Social Media Users | Lifestyle Risk Users | Low Activity Moderate Social Users | High Stress Users
2840,train,8.0,5.4,1.1,1.1,low,2.0,1,Heavy Daytime Social Media Users,1,Lifestyle Risk Users,0,Socially Isolated Users,1,High Stress Users,Heavy Daytime Social Media Users | Lifestyle Risk Users | Socially Isolated Users | High Stress Users
596,train,6.9,6.1,2.4,1.1,medium,3.77,2,Heavy Night Social Media Users,0,Healthy Lifestyle Users,1,Low Activity Moderate Social Users,1,High Stress Users,Heavy Night Social Media Users | Healthy Lifestyle Users | Low Activity Moderate Social Users | High Stress Users
1406,train,7.6,4.5,2.2,1.3,medium,2.0,2,Heavy Night Social Media Users,1,Lifestyle Risk Users,1,Low Activity Moderate Social Users,1,High Stress Users,Heavy Night Social Media Users | Lifestyle Risk Users | Low Activity Moderate Social Users | High Stress Users
936,train,7.4,5.0,2.0,1.2,low,2.68,2,Heavy Night Social Media Users,1,Lifestyle Risk Users,0,Socially Isolated Users,1,High Stress Users,Heavy Night Social Media Users | Lifestyle Risk Users | Socially Isolated Users | High Stress Users
1250,train,4.8,6.1,2.6,1.2,medium,2.94,2,Heavy Night Social Media Users,1,Lifestyle Risk Users,2,Moderately Social Users,0,Low Stress Users,Heavy Night Social Media Users | Lifestyle Risk Users | Moderately Social Users | Low Stress Users
2560,train,4.4,5.7,0.6,0.2,medium,2.56,1,Heavy Daytime Social Media Users,1,Lifestyle Risk Users,1,Low Activity Moderate Social Users,1,High Stress Users,Heavy Daytime Social Media Users | Lifestyle Risk Users | Low Activity Moderate Social Users | High Stress Users
2525,train,6.6,6.0,0.9,0.7,high,2.18,1,Heavy Daytime Social Media Users,1,Lifestyle Risk Users,1,Low Activity Moderate Social Users,1,High Stress Users,Heavy Daytime Social Media Users | Lifestyle Risk Users | Low Activity Moderate Social Users | High Stress Users
278,train,3.0,6.9,2.3,0.6,low,3.34,0,Light / Rested Users,0,Healthy Lifestyle Users,0,Socially Isolated Users,0,Low Stress Users,Light / Rested Users | Healthy Lifestyle Users | Socially Isolated Users | Low Stress Users
136,train,4.5,8.1,1.6,1.2,low,3.72,0,Light / Rested Users,0,Healthy Lifestyle Users,0,Socially Isolated Users,0,Low Stress Users,Light / Rested Users | Healthy Lifestyle Users | Socially Isolated Users | Low Stress Users
1249,train,7.8,5.3,2.1,1.4,high,2.39,2,Heavy Night Social Media Users,1,Lifestyle Risk Users,1,Low Activity Moderate Social Users,1,High Stress Users,Heavy Night Social Media Users | Lifestyle Risk Users | Low Activity Moderate Social Users | High Stress Users
301,train,6.9,6.4,0.9,1.3,medium,2.04,1,Heavy Daytime Social Media Users,1,Lifestyle Risk Users,1,Low Activity Moderate Social Users,1,High Stress Users,Heavy Daytime Social Media Users | Lifestyle Risk Users | Low Activity Moderate Social Users | High Stress Users
254,train,5.9,7.2,0.9,1.7,low,3.99,1,Heavy Daytime Social Media Users,0,Healthy Lifestyle Users,0,Socially Isolated Users,1,High Stress Users,Heavy Daytime Social Media Users | Healthy Lifestyle Users | Socially Isolated Users | High Stress Users
2739,train,6.6,5.1,2.7,0.7,low,2.26,2,Heavy Night Social Media Users,1,Lifestyle Risk Users,0,Socially Isolated Users,1,High Stress Users,Heavy Night Social Media Users | Lifestyle Risk Users | Socially Isolated Users | High Stress Users
513,train,4.7,5.1,2.0,1.8,low,2.35,2,Heavy Night Social Media Users,1,Lifestyle Risk Users,0,Socially Isolated Users,1,High Stress Users,Heavy Night Social Media Users | Lifestyle Risk Users | Socially Isolated Users | High Stress Users
2415,train,5.2,5.9,1.3,1.7,medium,2.87,1,Heavy Daytime Social Media Users,1,Lifestyle Risk Users,2,Moderately Social Users,1,High Stress Users,Heavy Daytime Social Media Users | Lifestyle Risk Users | Moderately Social Users | High Stress Users
2809,train,4.8,7.1,1.4,2.0,low,3.15,0,Light / Rested Users,0,Healthy Lifestyle Users,0,Socially Isolated Users,0,Low Stress Users,Light / Rested Users | Healthy Lifestyle Users | Socially Isolated Users | Low Stress Users
1949,train,3.5,6.5,1.7,0.7,medium,2.96,0,Light / Rested Users,0,Healthy Lifestyle Users,1,Low Activity Moderate Social Users,0,Low Stress Users,Light / Rested Users | Healthy Lifestyle Users | Low Activity Moderate Social Users | Low Stress Users
731,train,1.0,7.1,0.8,1.9,high,2.47,0,Light / Rested Users,0,Healthy Lifestyle Users,2,Moderately Social Users,0,Low Stress Users,Light / Rested Users | Healthy Lifestyle Users | Moderately Social Users | Low Stress Users
1384,train,5.6,5.5,0.8,1.9,low,2.79,1,Heavy Daytime Social Media Users,1,Lifestyle Risk Users,0,Socially Isolated Users,1,High Stress Users,Heavy Daytime Social Media Users | Lifestyle Risk Users | Socially Isolated Users | High Stress Users
2322,train,5.7,5.4,3.0,0.4,medium,2.31,2,Heavy Night Social Media Users,1,Lifestyle Risk Users,1,Low Activity Moderate Social Users,1,High Stress Users,Heavy Night Social Media Users | Lifestyle Risk Users | Low Activity Moderate Social Users | High Stress Users
140,train,4.4,8.8,1.3,0.4,low,2.69,0,Light / Rested Users,0,Healthy Lifestyle Users,0,Socially Isolated Users,0,Low Stress Users,Light / Rested Users | Healthy Lifestyle Users | Socially Isolated Users | Low Stress Users
1364,train,1.4,7.4,1.5,1.2,medium,3.67,0,Light / Rested Users,0,Healthy Lifestyle Users,2,Moderately Social Users,0,Low Stress Users,Light / Rested Users | Healthy Lifestyle Users | Moderately Social Users | Low Stress Users
2617,train,7.4,5.1,1.5,1.6,medium,2.5,1,Heavy Daytime Social Media Users,1,Lifestyle Risk Users,1,Low Activity Moderate Social Users,1,High Stress Users,Heavy Daytime Social Media Users | Lifestyle Risk Users | Low Activity Moderate Social Users | High Stress Users
1785,train,6.1,5.8,1.8,1.8,low,2.79,1,Heavy Daytime Social Media Users,1,Lifestyle Risk Users,0,Socially Isolated Users,1,High Stress Users,Heavy Daytime Social Media Users | Lifestyle Risk Users | Socially Isolated Users | High Stress Users
961,train,6.0,4.1,2.4,1.1,high,2.61,2,Heavy Night Social Media Users,1,Lifestyle Risk Users,1,Low Activity Moderate Social Users,1,High Stress Users,Heavy Night Social Media Users | Lifestyle Risk Users | Low Activity Moderate Social Users | High Stress Users
2250,train,7.3,6.3,0.6,1.9,low,2.32,1,Heavy Daytime Social Media Users,1,Lifestyle Risk Users,0,Socially Isolated Users,1,High Stress Users,Heavy Daytime Social Media Users | Lifestyle Risk Users | Socially Isolated Users | High Stress Users
309,train,6.6,9.0,1.5,1.5,low,3.04,0,Light / Rested Users,0,Healthy Lifestyle Users,0,Socially Isolated Users,0,Low Stress Users,Light / Rested Users | Healthy Lifestyle Users | Socially Isolated Users | Low Stress Users
1324,train,4.0,7.4,0.7,0.8,low,3.2,0,Light / Rested Users,0,Healthy Lifestyle Users,0,Socially Isolated Users,0,Low Stress Users,Light / Rested Users | Healthy Lifestyle Users | Socially Isolated Users | Low Stress Users
1536,train,4.2,5.9,1.9,0.7,high,3.12,2,Heavy Night Social Media Users,0,Healthy Lifestyle Users,1,Low Activity Moderate Social Users,0,Low Stress Users,Heavy Night Social Media Users | Healthy Lifestyle Users | Low Activity Moderate Social Users | Low Stress Users
740,train,6.6,8.9,2.0,1.7,low,3.44,0,Light / Rested Users,0,Healthy Lifestyle Users,0,Socially Isolated Users,1,High Stress Users,Light / Rested Users | Healthy Lifestyle Users | Socially Isolated Users | High Stress Users
3204,train,6.0,6.2,1.3,1.4,low,3.16,1,Heavy Daytime Social Media Users,0,Healthy Lifestyle Users,0,Socially Isolated Users,1,High Stress Users,Heavy Daytime Social Media Users | Healthy Lifestyle Users | Socially Isolated Users | High Stress Users
2220,train,4.0,7.1,0.7,0.2,medium,2.83,0,Light / Rested Users,0,Healthy Lifestyle Users,1,Low Activity Moderate Social Users,0,Low Stress Users,Light / Rested Users | Healthy Lifestyle Users | Low Activity Moderate Social Users | Low Stress Users
959,train,5.3,6.8,0.7,1.5,low,3.9,1,Heavy Daytime Social Media Users,0,Healthy Lifestyle Users,0,Socially Isolated Users,1,High Stress Users,Heavy Daytime Social Media Users | Healthy Lifestyle Users | Socially Isolated Users | High Stress Users
374,train,2.9,8.4,2.6,1.8,medium,2.57,0,Light / Rested Users,0,Healthy Lifestyle Users,2,Moderately Social Users,0,Low Stress Users,Light / Rested Users | Healthy Lifestyle Users | Moderately Social Users | Low Stress Users
923,train,7.6,4.9,0.6,0.8,low,2.56,1,Heavy Daytime Social Media Users,1,Lifestyle Risk Users,0,Socially Isolated Users,1,High Stress Users,Heavy Daytime Social Media Users | Lifestyle Risk Users | Socially Isolated Users | High Stress Users
2613,train,7.8,6.0,0.9,0.7,medium,2.29,1,Heavy Daytime Social Media Users,1,Lifestyle Risk Users,1,Low Activity Moderate Social Users,1,High Stress Users,Heavy Daytime Social Media Users | Lifestyle Risk Users | Low Activity Moderate Social Users | High Stress Users
2122,train,1.3,8.1,1.7,0.6,medium,3.87,0,Light / Rested Users,0,Healthy Lifestyle Users,2,Moderately Social Users,0,Low Stress Users,Light / Rested Users | Healthy Lifestyle Users | Moderately Social Users | Low Stress Users
3110,train,4.3,5.9,2.0,0.4,high,2.88,2,Heavy Night Social Media Users,1,Lifestyle Risk Users,1,Low Activity Moderate Social Users,1,High Stress Users,Heavy Night Social Media Users | Lifestyle Risk Users | Low Activity Moderate Social Users | High Stress Users
1342,train,2.8,6.5,1.9,0.8,medium,2.98,0,Light / Rested Users,0,Healthy Lifestyle Users,2,Moderately Social Users,0,Low Stress Users,Light / Rested Users | Healthy Lifestyle Users | Moderately Social Users | Low Stress Users
766,train,3.9,8.7,1.5,0.7,low,2.71,0,Light / Rested Users,0,Healthy Lifestyle Users,0,Socially Isolated Users,0,Low Stress Users,Light / Rested Users | Healthy Lifestyle Users | Socially Isolated Users | Low Stress Users
3022,train,7.9,5.2,1.5,0.7,low,2.16,1,Heavy Daytime Social Media Users,1,Lifestyle Risk Users,0,Socially Isolated Users,1,High Stress Users,Heavy Daytime Social Media Users | Lifestyle Risk Users | Socially Isolated Users | High Stress Users
1898,train,7.0,5.1,1.9,1.3,low,2.1,2,Heavy Night Social Media Users,1,Lifestyle Risk Users,0,Socially Isolated Users,1,High Stress Users,Heavy Night Social Media Users | Lifestyle Risk Users | Socially Isolated Users | High Stress Users
2017,train,3.6,5.5,2.2,0.8,medium,2.74,2,Heavy Night Social Media Users,1,Lifestyle Risk Users,2,Moderately Social Users,0,Low Stress Users,Heavy Night Social Media Users | Lifestyle Risk Users | Moderately Social Users | Low Stress Users
1683,train,7.9,6.0,1.2,1.5,medium,2.03,1,Heavy Daytime Social Media Users,1,Lifestyle Risk Users,1,Low Activity Moderate Social Users,1,High Stress Users,Heavy Daytime Social Media Users | Lifestyle Risk Users | Low Activity Moderate Social Users | High Stress Users
476,train,1.8,5.9,1.9,0.6,low,2.89,0,Light / Rested Users,0,Healthy Lifestyle Users,0,Socially Isolated Users,1,High Stress Users,Light / Rested Users | Healthy Lifestyle Users | Socially Isolated Users | High Stress Users
450,train,3.3,8.4,2.1,0.2,high,3.4,0,Light / Rested Users,0,Healthy Lifestyle Users,1,Low Activity Moderate Social Users,0,Low Stress Users,Light / Rested Users | Healthy Lifestyle Users | Low Activity Moderate Social Users | Low Stress Users
2379,train,4.1,6.2,2.2,0.4,medium,2.69,2,Heavy Night Social Media Users,1,Lifestyle Risk Users,1,Low Activity Moderate Social Users,1,High Stress Users,Heavy Night Social Media Users | Lifestyle Risk Users | Low Activity Moderate Social Users | High Stress Users
3695,train,3.7,6.1,1.8,0.4,low,2.82,0,Light / Rested Users,1,Lifestyle Risk Users,0,Socially Isolated Users,0,Low Stress Users,Light / Rested Users | Lifestyle Risk Users | Socially Isolated Users | Low Stress Users
3603,train,1.6,6.9,2.7,0.7,high,3.39,0,Light / Rested Users,0,Healthy Lifestyle Users,2,Moderately Social Users,0,Low Stress Users,Light / Rested Users | Healthy Lifestyle Users | Moderately Social Users | Low Stress Users
350,train,2.7,5.4,2.6,0.0,medium,2.07,2,Heavy Night Social Media Users,1,Lifestyle Risk Users,1,Low Activity Moderate Social Users,0,Low Stress Users,Heavy Night Social Media Users | Lifestyle Risk Users | Low Activity Moderate Social Users | Low Stress Users
2984,train,2.9,6.7,1.1,0.1,high,3.07,0,Light / Rested Users,0,Healthy Lifestyle Users,1,Low Activity Moderate Social Users,0,Low Stress Users,Light / Rested Users | Healthy Lifestyle Users | Low Activity Moderate Social Users | Low Stress Users
33,train,4.1,8.0,3.0,0.8,low,2.31,0,Light / Rested Users,1,Lifestyle Risk Users,0,Socially Isolated Users,0,Low Stress Users,Light / Rested Users | Lifestyle Risk Users | Socially Isolated Users | Low Stress Users
537,train,5.3,7.3,1.9,1.4,high,2.51,0,Light / Rested Users,1,Lifestyle Risk Users,2,Moderately Social Users,1,High Stress Users,Light / Rested Users | Lifestyle Risk Users | Moderately Social Users | High Stress Users
2933,train,1.9,7.1,2.5,1.6,medium,3.39,0,Light / Rested Users,0,Healthy Lifestyle Users,2,Moderately Social Users,0,Low Stress Users,Light / Rested Users | Healthy Lifestyle Users | Moderately Social Users | Low Stress Users
2590,train,5.3,7.4,0.6,0.6,high,3.25,1,Heavy Daytime Social Media Users,0,Healthy Lifestyle Users,1,Low Activity Moderate Social Users,0,Low Stress Users,Heavy Daytime Social Media Users | Healthy Lifestyle Users | Low Activity Moderate Social Users | Low Stress Users
1045,train,7.3,6.7,1.0,1.7,medium,3.41,1,Heavy Daytime Social Media Users,0,Healthy Lifestyle Users,1,Low Activity Moderate Social Users,1,High Stress Users,Heavy Daytime Social Media Users | Healthy Lifestyle Users | Low Activity Moderate Social Users | High Stress Users
1639,train,1.4,8.4,0.7,0.1,medium,4.0,0,Light / Rested Users,0,Healthy Lifestyle Users,0,Socially Isolated Users,0,Low Stress Users,Light / Rested Users | Healthy Lifestyle Users | Socially Isolated Users | Low Stress Users
3368,train,1.1,7.0,2.2,1.3,high,3.78,0,Light / Rested Users,0,Healthy Lifestyle Users,2,Moderately Social Users,0,Low Stress Users,Light / Rested Users | Healthy Lifestyle Users | Moderately Social Users | Low Stress Users
924,train,1.7,7.0,0.8,0.9,high,3.39,0,Light / Rested Users,0,Healthy Lifestyle Users,2,Moderately Social Users,0,Low Stress Users,Light / Rested Users | Healthy Lifestyle Users | Moderately Social Users | Low Stress Users
1196,train,2.3,8.0,1.9,0.4,high,2.12,0,Light / Rested Users,0,Healthy Lifestyle Users,2,Moderately Social Users,0,Low Stress Users,Light / Rested Users | Healthy Lifestyle Users | Moderately Social Users | Low Stress Users
2821,train,7.1,5.8,0.6,0.4,low,2.09,1,Heavy Daytime Social Media Users,1,Lifestyle Risk Users,0,Socially Isolated Users,1,High Stress Users,Heavy Daytime Social Media Users | Lifestyle Risk Users | Socially Isolated Users | High Stress Users
823,train,1.4,8.0,2.5,1.8,low,3.54,0,Light / Rested Users,0,Healthy Lifestyle Users,0,Socially Isolated Users,0,Low Stress Users,Light / Rested Users | Healthy Lifestyle Users | Socially Isolated Users | Low Stress Users
1666,train,1.3,7.8,1.4,0.8,high,3.74,0,Light / Rested Users,0,Healthy Lifestyle Users,2,Moderately Social Users,0,Low Stress Users,Light / Rested Users | Healthy Lifestyle Users | Moderately Social Users | Low Stress Users
723,train,2.3,6.6,1.4,1.5,medium,3.74,0,Light / Rested Users,0,Healthy Lifestyle Users,2,Moderately Social Users,1,High Stress Users,Light / Rested Users | Healthy Lifestyle Users | Moderately Social Users | High Stress Users
1474,train,2.3,6.1,2.4,1.8,medium,3.61,0,Light / Rested Users,0,Healthy Lifestyle Users,2,Moderately Social Users,0,Low Stress Users,Light / Rested Users | Healthy Lifestyle Users | Moderately Social Users | Low Stress Users
1400,train,4.7,6.4,1.5,1.0,medium,2.74,1,Heavy Daytime Social Media Users,1,Lifestyle Risk Users,1,Low Activity Moderate Social Users,1,High Stress Users,Heavy Daytime Social Media Users | Lifestyle Risk Users | Low Activity Moderate Social Users | High Stress Users
1904,train,5.8,5.5,1.7,1.1,medium,2.86,1,Heavy Daytime Social Media Users,1,Lifestyle Risk Users,1,Low Activity Moderate Social Users,1,High Stress Users,Heavy Daytime Social Media Users | Lifestyle Risk Users | Low Activity Moderate Social Users | High Stress Users
1937,train,2.3,7.2,1.3,1.9,high,3.92,0,Light / Rested Users,0,Healthy Lifestyle Users,2,Moderately Social Users,0,Low Stress Users,Light / Rested Users | Healthy Lifestyle Users | Moderately Social Users | Low Stress Users
2764,train,7.9,5.6,2.5,1.4,high,2.14,2,Heavy Night Social Media Users,1,Lifestyle Risk Users,1,Low Activity Moderate Social Users,1,High Stress Users,Heavy Night Social Media Users | Lifestyle Risk Users | Low Activity Moderate Social Users | High Stress Users
318,train,6.4,6.7,0.8,1.9,high,3.9,1,Heavy Daytime Social Media Users,0,Healthy Lifestyle Users,2,Moderately Social Users,0,Low Stress Users,Heavy Daytime Social Media Users | Healthy Lifestyle Users | Moderately Social Users | Low Stress Users
1112,train,6.4,4.3,2.3,1.1,low,3.99,2,Heavy Night Social Media Users,1,Lifestyle Risk Users,0,Socially Isolated Users,1,High Stress Users,Heavy Night Social Media Users | Lifestyle Risk Users | Socially Isolated Users | High Stress Users
3353,train,3.1,7.3,2.7,1.5,high,3.46,0,Light / Rested Users,0,Healthy Lifestyle Users,2,Moderately Social Users,0,Low Stress Users,Light / Rested Users | Healthy Lifestyle Users | Moderately Social Users | Low Stress Users
1044,train,4.8,6.0,0.6,0.0,high,2.41,1,Heavy Daytime Social Media Users,1,Lifestyle Risk Users,1,Low Activity Moderate Social Users,0,Low Stress Users,Heavy Daytime Social Media Users | Lifestyle Risk Users | Low Activity Moderate Social Users | Low Stress Users
777,train,5.4,4.2,1.8,0.3,medium,2.15,2,Heavy Night Social Media Users,1,Lifestyle Risk Users,1,Low Activity Moderate Social Users,1,High Stress Users,Heavy Night Social Media Users | Lifestyle Risk Users | Low Activity Moderate Social Users | High Stress Users
534,train,2.8,5.9,1.5,0.6,high,2.85,0,Light / Rested Users,0,Healthy Lifestyle Users,2,Moderately Social Users,1,High Stress Users,Light / Rested Users | Healthy Lifestyle Users | Moderately Social Users | High Stress Users
958,train,4.0,6.7,0.6,1.5,high,2.51,1,Heavy Daytime Social Media Users,0,Healthy Lifestyle Users,2,Moderately Social Users,1,High Stress Users,Heavy Daytime Social Media Users | Healthy Lifestyle Users | Moderately Social Users | High Stress Users
2370,train,1.4,6.2,2.6,1.9,medium,3.4,0,Light / Rested Users,0,Healthy Lifestyle Users,2,Moderately Social Users,0,Low Stress Users,Light / Rested Users | Healthy Lifestyle Users | Moderately Social Users | Low Stress Users
1304,train,6.8,5.1,3.0,0.1,low,2.14,2,Heavy Night Social Media Users,1,Lifestyle Risk Users,0,Socially Isolated Users,1,High Stress Users,Heavy Night Social Media Users | Lifestyle Risk Users | Socially Isolated Users | High Stress Users
505,train,1.5,6.7,1.0,0.4,low,3.9,0,Light / Rested Users,0,Healthy Lifestyle Users,0,Socially Isolated Users,0,Low Stress Users,Light / Rested Users | Healthy Lifestyle Users | Socially Isolated Users | Low Stress Users
3306,train,1.9,6.4,2.5,0.9,high,2.91,0,Light / Rested Users,0,Healthy Lifestyle Users,2,Moderately Social Users,0,Low Stress Users,Light / Rested Users | Healthy Lifestyle Users | Moderately Social Users | Low Stress Users
508,train,2.1,8.2,2.4,0.1,high,3.25,0,Light / Rested Users,0,Healthy Lifestyle Users,1,Low Activity Moderate Social Users,0,Low Stress Users,Light / Rested Users | Healthy Lifestyle Users | Low Activity Moderate Social Users | Low Stress Users
1775,train,4.4,6.4,2.2,1.3,low,2.83,2,Heavy Night Social Media Users,1,Lifestyle Risk Users,0,Socially Isolated Users,1,High Stress Users,Heavy Night Social Media Users | Lifestyle Risk Users | Socially Isolated Users | High Stress Users
2742,train,3.2,6.9,1.7,0.6,medium,3.09,0,Light / Rested Users,0,Healthy Lifestyle Users,1,Low Activity Moderate Social Users,0,Low Stress Users,Light / Rested Users | Healthy Lifestyle Users | Low Activity Moderate Social Users | Low Stress Users
1229,train,1.2,6.3,2.6,1.7,low,3.21,0,Light / Rested Users,0,Healthy Lifestyle Users,0,Socially Isolated Users,0,Low Stress Users,Light / Rested Users | Healthy Lifestyle Users | Socially Isolated Users | Low Stress Users
1586,train,5.4,6.1,1.6,0.8,medium,2.23,1,Heavy Daytime Social Media Users,1,Lifestyle Risk Users,1,Low Activity Moderate Social Users,1,High Stress Users,Heavy Daytime Social Media Users | Lifestyle Risk Users | Low Activity Moderate Social Users | High Stress Users
1326,train,4.9,6.4,1.8,0.2,high,2.91,1,Heavy Daytime Social Media Users,1,Lifestyle Risk Users,1,Low Activity Moderate Social Users,0,Low Stress Users,Heavy Daytime Social Media Users | Lifestyle Risk Users | Low Activity Moderate Social Users | Low Stress Users
342,train,3.0,7.0,0.9,1.7,high,2.73,0,Light / Rested Users,0,Healthy Lifestyle Users,2,Moderately Social Users,0,Low Stress Users,Light / Rested Users | Healthy Lifestyle Users | Moderately Social Users | Low Stress Users
3362,train,2.8,6.6,1.1,1.4,high,3.77,0,Light / Rested Users,0,Healthy Lifestyle Users,2,Moderately Social Users,0,Low Stress Users,Light / Rested Users | Healthy Lifestyle Users | Moderately Social Users | Low Stress Users
3085,train,3.4,7.6,0.9,0.7,medium,3.71,0,Light / Rested Users,0,Healthy Lifestyle Users,1,Low Activity Moderate Social Users,0,Low Stress Users,Light / Rested Users | Healthy Lifestyle Users | Low Activity Moderate Social Users | Low Stress Users
3509,train,5.0,6.5,0.9,1.8,high,2.76,1,Heavy Daytime Social Media Users,0,Healthy Lifestyle Users,2,Moderately Social Users,0,Low Stress Users,Heavy Daytime Social Media Users | Healthy Lifestyle Users | Moderately Social Users | Low Stress Users
2094,train,7.5,4.5,3.0,0.7,low,2.16,2,Heavy Night Social Media Users,1,Lifestyle Risk Users,0,Socially Isolated Users,1,High Stress Users,Heavy Night Social Media Users | Lifestyle Risk Users | Socially Isolated Users | High Stress Users
3437,train,2.0,8.3,0.9,1.8,high,3.67,0,Light / Rested Users,0,Healthy Lifestyle Users,2,Moderately Social Users,0,Low Stress Users,Light / Rested Users | Healthy Lifestyle Users | Moderately Social Users | Low Stress Users
1810,train,2.4,7.6,1.2,1.5,low,3.51,0,Light / Rested Users,0,Healthy Lifestyle Users,0,Socially Isolated Users,0,Low Stress Users,Light / Rested Users | Healthy Lifestyle Users | Socially Isolated Users | Low Stress Users
996,train,4.4,8.8,2.3,0.3,medium,2.73,0,Light / Rested Users,0,Healthy Lifestyle Users,1,Low Activity Moderate Social Users,0,Low Stress Users,Light / Rested Users | Healthy Lifestyle Users | Low Activity Moderate Social Users | Low Stress Users
3314,train,2.6,7.5,1.3,1.7,low,4.0,0,Light / Rested Users,0,Healthy Lifestyle Users,0,Socially Isolated Users,0,Low Stress Users,Light / Rested Users | Healthy Lifestyle Users | Socially Isolated Users | Low Stress Users
854,train,1.2,7.3,1.0,1.1,medium,2.36,0,Light / Rested Users,0,Healthy Lifestyle Users,2,Moderately Social Users,0,Low Stress Users,Light / Rested Users | Healthy Lifestyle Users | Moderately Social Users | Low Stress Users
73,train,2.7,8.4,1.3,0.6,low,2.01,0,Light / Rested Users,0,Healthy Lifestyle Users,0,Socially Isolated Users,0,Low Stress Users,Light / Rested Users | Healthy Lifestyle Users | Socially Isolated Users | Low Stress Users
2795,train,6.7,6.7,1.7,1.9,high,2.55,1,Heavy Daytime Social Media Users,1,Lifestyle Risk Users,2,Moderately Social Users,1,High Stress Users,Heavy Daytime Social Media Users | Lifestyle Risk Users | Moderately Social Users | High Stress Users
3053,train,1.2,7.3,1.8,0.2,low,3.59,0,Light / Rested Users,0,Healthy Lifestyle Users,0,Socially Isolated Users,0,Low Stress Users,Light / Rested Users | Healthy Lifestyle Users | Socially Isolated Users | Low Stress Users
2014,train,1.8,7.6,1.7,1.7,high,3.82,0,Light / Rested Users,0,Healthy Lifestyle Users,2,Moderately Social Users,0,Low Stress Users,Light / Rested Users | Healthy Lifestyle Users | Moderately Social Users | Low Stress Users
1366,train,5.2,6.5,0.6,1.3,low,2.93,1,Heavy Daytime Social Media Users,0,Healthy Lifestyle Users,0,Socially Isolated Users,1,High Stress Users,Heavy Daytime Social Media Users | Healthy Lifestyle Users | Socially Isolated Users | High Stress Users
2254,train,4.1,5.5,1.7,0.7,medium,2.6,2,Heavy Night Social Media Users,1,Lifestyle Risk Users,1,Low Activity Moderate Social Users,1,High Stress Users,Heavy Night Social Media Users | Lifestyle Risk Users | Low Activity Moderate Social Users | High Stress Users
3241,train,3.8,6.8,1.2,0.2,low,2.76,0,Light / Rested Users,0,Healthy Lifestyle Users,0,Socially Isolated Users,0,Low Stress Users,Light / Rested Users | Healthy Lifestyle Users | Socially Isolated Users | Low Stress Users
1600,train,7.6,5.0,1.8,1.4,medium,2.22,1,Heavy Daytime Social Media Users,1,Lifestyle Risk Users,1,Low Activity Moderate Social Users,1,High Stress Users,Heavy Daytime Social Media Users | Lifestyle Risk Users | Low Activity Moderate Social Users | High Stress Users
953,train,3.3,7.4,0.9,0.2,medium,2.53,0,Light / Rested Users,0,Healthy Lifestyle Users,1,Low Activity Moderate Social Users,0,Low Stress Users,Light / Rested Users | Healthy Lifestyle Users | Low Activity Moderate Social Users | Low Stress Users
3081,train,2.9,5.7,2.3,1.9,low,3.01,2,Heavy Night Social Media Users,0,Healthy Lifestyle Users,0,Socially Isolated Users,0,Low Stress Users,Heavy Night Social Media Users | Healthy Lifestyle Users | Socially Isolated Users | Low Stress Users
3612,train,4.6,6.6,1.8,1.3,low,2.89,0,Light / Rested Users,0,Healthy Lifestyle Users,0,Socially Isolated Users,0,Low Stress Users,Light / Rested Users | Healthy Lifestyle Users | Socially Isolated Users | Low Stress Users
44,train,5.2,4.1,2.1,0.2,medium,3.07,2,Heavy Night Social Media Users,1,Lifestyle Risk Users,1,Low Activity Moderate Social Users,1,High Stress Users,Heavy Night Social Media Users | Lifestyle Risk Users | Low Activity Moderate Social Users | High Stress Users
708,train,6.9,5.6,1.4,0.7,low,2.09,1,Heavy Daytime Social Media Users,1,Lifestyle Risk Users,0,Socially Isolated Users,1,High Stress Users,Heavy Daytime Social Media Users | Lifestyle Risk Users | Socially Isolated Users | High Stress Users
2867,train,7.5,4.8,0.6,1.6,high,2.32,1,Heavy Daytime Social Media Users,1,Lifestyle Risk Users,1,Low Activity Moderate Social Users,1,High Stress Users,Heavy Daytime Social Media Users | Lifestyle Risk Users | Low Activity Moderate Social Users | High Stress Users
2676,train,4.2,7.2,1.7,0.3,medium,2.82,0,Light / Rested Users,0,Healthy Lifestyle Users,1,Low Activity Moderate Social Users,0,Low Stress Users,Light / Rested Users | Healthy Lifestyle Users | Low Activity Moderate Social Users | Low Stress Users
2041,train,6.3,5.2,2.2,0.3,medium,2.05,2,Heavy Night Social Media Users,1,Lifestyle Risk Users,1,Low Activity Moderate Social Users,1,High Stress Users,Heavy Night Social Media Users | Lifestyle Risk Users | Low Activity Moderate Social Users | High Stress Users
929,train,2.5,8.9,1.2,1.5,high,3.33,0,Light / Rested Users,0,Healthy Lifestyle Users,2,Moderately Social Users,0,Low Stress Users,Light / Rested Users | Healthy Lifestyle Users | Moderately Social Users | Low Stress Users
18,train,6.7,6.8,1.9,1.4,high,3.08,1,Heavy Daytime Social Media Users,1,Lifestyle Risk Users,1,Low Activity Moderate Social Users,1,High Stress Users,Heavy Daytime Social Media Users | Lifestyle Risk Users | Low Activity Moderate Social Users | High Stress Users
3273,train,1.5,7.4,1.0,0.1,high,3.66,0,Light / Rested Users,0,Healthy Lifestyle Users,1,Low Activity Moderate Social Users,0,Low Stress Users,Light / Rested Users | Healthy Lifestyle Users | Low Activity Moderate Social Users | Low Stress Users
1158,train,5.1,4.6,1.1,1.5,medium,2.75,1,Heavy Daytime Social Media Users,1,Lifestyle Risk Users,2,Moderately Social Users,1,High Stress Users,Heavy Daytime Social Media Users | Lifestyle Risk Users | Moderately Social Users | High Stress Users
2842,train,3.0,7.4,0.9,1.4,medium,3.55,0,Light / Rested Users,0,Healthy Lifestyle Users,2,Moderately Social Users,0,Low Stress Users,Light / Rested Users | Healthy Lifestyle Users | Moderately Social Users | Low Stress Users
1509,train,5.9,6.8,1.6,1.0,high,2.62,1,Heavy Daytime Social Media Users,1,Lifestyle Risk Users,1,Low Activity Moderate Social Users,1,High Stress Users,Heavy Daytime Social Media Users | Lifestyle Risk Users | Low Activity Moderate Social Users | High Stress Users
146,train,2.1,5.0,1.4,1.1,low,2.96,0,Light / Rested Users,0,Healthy Lifestyle Users,0,Socially Isolated Users,0,Low Stress Users,Light / Rested Users | Healthy Lifestyle Users | Socially Isolated Users | Low Stress Users
511,train,6.6,7.4,2.2,0.6,high,2.63,2,Heavy Night Social Media Users,1,Lifestyle Risk Users,1,Low Activity Moderate Social Users,1,High Stress Users,Heavy Night Social Media Users | Lifestyle Risk Users | Low Activity Moderate Social Users | High Stress Users
1297,train,3.1,5.8,3.0,0.9,medium,2.87,2,Heavy Night Social Media Users,1,Lifestyle Risk Users,2,Moderately Social Users,0,Low Stress Users,Heavy Night Social Media Users | Lifestyle Risk Users | Moderately Social Users | Low Stress Users
1163,train,4.0,7.8,0.6,1.7,high,3.61,0,Light / Rested Users,0,Healthy Lifestyle Users,2,Moderately Social Users,0,Low Stress Users,Light / Rested Users | Healthy Lifestyle Users | Moderately Social Users | Low Stress Users
1564,train,5.2,6.9,2.7,0.0,high,3.07,2,Heavy Night Social Media Users,1,Lifestyle Risk Users,1,Low Activity Moderate Social Users,1,High Stress Users,Heavy Night Social Media Users | Lifestyle Risk Users | Low Activity Moderate Social Users | High Stress Users
3041,train,7.6,4.0,2.4,0.0,medium,2.08,2,Heavy Night Social Media Users,1,Lifestyle Risk Users,1,Low Activity Moderate Social Users,1,High Stress Users,Heavy Night Social Media Users | Lifestyle Risk Users | Low Activity Moderate Social Users | High Stress Users
3334,train,4.5,5.6,2.2,0.8,high,2.53,2,Heavy Night Social Media Users,1,Lifestyle Risk Users,1,Low Activity Moderate Social Users,1,High Stress Users,Heavy Night Social Media Users | Lifestyle Risk Users | Low Activity Moderate Social Users | High Stress Users
2193,train,2.2,7.1,1.7,1.3,medium,3.9,0,Light / Rested Users,0,Healthy Lifestyle Users,2,Moderately Social Users,0,Low Stress Users,Light / Rested Users | Healthy Lifestyle Users | Moderately Social Users | Low Stress Users
2748,train,3.5,6.6,2.7,0.4,low,3.42,2,Heavy Night Social Media Users,0,Healthy Lifestyle Users,0,Socially Isolated Users,0,Low Stress Users,Heavy Night Social Media Users | Healthy Lifestyle Users | Socially Isolated Users | Low Stress Users
1222,train,3.8,7.3,0.6,0.3,high,3.72,0,Light / Rested Users,0,Healthy Lifestyle Users,1,Low Activity Moderate Social Users,0,Low Stress Users,Light / Rested Users | Healthy Lifestyle Users | Low Activity Moderate Social Users | Low Stress Users
406,train,3.8,5.3,2.5,1.0,low,3.48,2,Heavy Night Social Media Users,0,Healthy Lifestyle Users,0,Socially Isolated Users,1,High Stress Users,Heavy Night Social Media Users | Healthy Lifestyle Users | Socially Isolated Users | High Stress Users
456,train,2.8,6.2,2.4,0.4,high,2.58,2,Heavy Night Social Media Users,1,Lifestyle Risk Users,1,Low Activity Moderate Social Users,1,High Stress Users,Heavy Night Social Media Users | Lifestyle Risk Users | Low Activity Moderate Social Users | High Stress Users
570,train,5.3,6.8,1.9,1.6,low,3.39,1,Heavy Daytime Social Media Users,0,Healthy Lifestyle Users,0,Socially Isolated Users,1,High Stress Users,Heavy Daytime Social Media Users | Healthy Lifestyle Users | Socially Isolated Users | High Stress Users
3683,train,1.4,7.7,2.0,1.8,low,4.0,0,Light / Rested Users,0,Healthy Lifestyle Users,0,Socially Isolated Users,0,Low Stress Users,Light / Rested Users | Healthy Lifestyle Users | Socially Isolated Users | Low Stress Users
3396,train,7.9,5.6,0.7,0.5,medium,2.45,1,Heavy Daytime Social Media Users,1,Lifestyle Risk Users,1,Low Activity Moderate Social Users,1,High Stress Users,Heavy Daytime Social Media Users | Lifestyle Risk Users | Low Activity Moderate Social Users | High Stress Users
970,train,5.4,4.9,1.5,0.0,medium,3.4,1,Heavy Daytime Social Media Users,1,Lifestyle Risk Users,1,Low Activity Moderate Social Users,0,Low Stress Users,Heavy Daytime Social Media Users | Lifestyle Risk Users | Low Activity Moderate Social Users | Low Stress Users
3104,train,3.5,6.4,2.6,0.3,high,2.72,2,Heavy Night Social Media Users,1,Lifestyle Risk Users,1,Low Activity Moderate Social Users,1,High Stress Users,Heavy Night Social Media Users | Lifestyle Risk Users | Low Activity Moderate Social Users | High Stress Users
805,train,6.0,5.3,2.7,1.4,medium,3.2,2,Heavy Night Social Media Users,1,Lifestyle Risk Users,1,Low Activity Moderate Social Users,1,High Stress Users,Heavy Night Social Media Users | Lifestyle Risk Users | Low Activity Moderate Social Users | High Stress Users
1893,train,2.7,6.9,1.8,0.7,low,3.23,0,Light / Rested Users,0,Healthy Lifestyle Users,0,Socially Isolated Users,0,Low Stress Users,Light / Rested Users | Healthy Lifestyle Users | Socially Isolated Users | Low Stress Users
2260,train,2.7,8.6,0.8,1.0,medium,3.95,0,Light / Rested Users,0,Healthy Lifestyle Users,2,Moderately Social Users,0,Low Stress Users,Light / Rested Users | Healthy Lifestyle Users | Moderately Social Users | Low Stress Users
1790,train,4.3,5.5,2.5,1.7,high,2.51,2,Heavy Night Social Media Users,1,Lifestyle Risk Users,2,Moderately Social Users,1,High Stress Users,Heavy Night Social Media Users | Lifestyle Risk Users | Moderately Social Users | High Stress Users
2429,train,3.2,6.7,0.7,0.3,high,3.17,0,Light / Rested Users,0,Healthy Lifestyle Users,1,Low Activity Moderate Social Users,0,Low Stress Users,Light / Rested Users | Healthy Lifestyle Users | Low Activity Moderate Social Users | Low Stress Users
1131,train,5.6,4.5,1.4,1.2,low,2.44,1,Heavy Daytime Social Media Users,1,Lifestyle Risk Users,0,Socially Isolated Users,1,High Stress Users,Heavy Daytime Social Media Users | Lifestyle Risk Users | Socially Isolated Users | High Stress Users
623,train,2.9,7.2,2.0,1.5,medium,3.96,0,Light / Rested Users,0,Healthy Lifestyle Users,2,Moderately Social Users,1,High Stress Users,Light / Rested Users | Healthy Lifestyle Users | Moderately Social Users | High Stress Users
2579,train,6.5,5.1,0.6,0.9,low,2.74,1,Heavy Daytime Social Media Users,1,Lifestyle Risk Users,0,Socially Isolated Users,1,High Stress Users,Heavy Daytime Social Media Users | Lifestyle Risk Users | Socially Isolated Users | High Stress Users
2470,train,5.9,4.8,2.7,1.8,high,2.72,2,Heavy Night Social Media Users,1,Lifestyle Risk Users,2,Moderately Social Users,1,High Stress Users,Heavy Night Social Media Users | Lifestyle Risk Users | Moderately Social Users | High Stress Users
426,train,6.1,7.6,1.4,0.9,low,2.72,1,Heavy Daytime Social Media Users,0,Healthy Lifestyle Users,0,Socially Isolated Users,1,High Stress Users,Heavy Daytime Social Media Users | Healthy Lifestyle Users | Socially Isolated Users | High Stress Users
2056,train,3.2,7.3,0.7,0.2,low,3.2,0,Light / Rested Users,0,Healthy Lifestyle Users,0,Socially Isolated Users,0,Low Stress Users,Light / Rested Users | Healthy Lifestyle Users | Socially Isolated Users | Low Stress Users
3222,train,7.2,5.8,1.5,0.0,medium,2.0,1,Heavy Daytime Social Media Users,1,Lifestyle Risk Users,1,Low Activity Moderate Social Users,1,High Stress Users,Heavy Daytime Social Media Users | Lifestyle Risk Users | Low Activity Moderate Social Users | High Stress Users
2090,train,7.0,5.8,1.8,0.4,high,2.05,1,Heavy Daytime Social Media Users,1,Lifestyle Risk Users,1,Low Activity Moderate Social Users,1,High Stress Users,Heavy Daytime Social Media Users | Lifestyle Risk Users | Low Activity Moderate Social Users | High Stress Users
3514,train,6.9,5.3,3.0,0.3,medium,2.72,2,Heavy Night Social Media Users,1,Lifestyle Risk Users,1,Low Activity Moderate Social Users,1,High Stress Users,Heavy Night Social Media Users | Lifestyle Risk Users | Low Activity Moderate Social Users | High Stress Users
2659,train,2.6,8.1,0.6,1.1,medium,3.98,0,Light / Rested Users,0,Healthy Lifestyle Users,2,Moderately Social Users,0,Low Stress Users,Light / Rested Users | Healthy Lifestyle Users | Moderately Social Users | Low Stress Users
3340,train,3.3,6.4,2.7,1.0,low,3.19,2,Heavy Night Social Media Users,0,Healthy Lifestyle Users,0,Socially Isolated Users,0,Low Stress Users,Heavy Night Social Media Users | Healthy Lifestyle Users | Socially Isolated Users | Low Stress Users
333,train,5.4,4.1,2.0,1.9,medium,3.82,2,Heavy Night Social Media Users,1,Lifestyle Risk Users,2,Moderately Social Users,1,High Stress Users,Heavy Night Social Media Users | Lifestyle Risk Users | Moderately Social Users | High Stress Users
1328,train,2.4,6.8,1.6,0.7,low,3.45,0,Light / Rested Users,0,Healthy Lifestyle Users,0,Socially Isolated Users,0,Low Stress Users,Light / Rested Users | Healthy Lifestyle Users | Socially Isolated Users | Low Stress Users
1309,train,5.7,4.7,1.9,0.1,low,2.0,2,Heavy Night Social Media Users,1,Lifestyle Risk Users,0,Socially Isolated Users,1,High Stress Users,Heavy Night Social Media Users | Lifestyle Risk Users | Socially Isolated Users | High Stress Users
2901,train,6.7,6.2,0.8,0.9,medium,2.67,1,Heavy Daytime Social Media Users,1,Lifestyle Risk Users,1,Low Activity Moderate Social Users,1,High Stress Users,Heavy Daytime Social Media Users | Lifestyle Risk Users | Low Activity Moderate Social Users | High Stress Users
469,train,2.2,7.5,2.2,1.6,low,2.95,0,Light / Rested Users,0,Healthy Lifestyle Users,0,Socially Isolated Users,0,Low Stress Users,Light / Rested Users | Healthy Lifestyle Users | Socially Isolated Users | Low Stress Users
133,train,3.1,5.7,2.9,0.6,medium,3.1,2,Heavy Night Social Media Users,1,Lifestyle Risk Users,1,Low Activity Moderate Social Users,1,High Stress Users,Heavy Night Social Media Users | Lifestyle Risk Users | Low Activity Moderate Social Users | High Stress Users
2582,train,7.3,5.4,1.3,0.5,high,2.09,1,Heavy Daytime Social Media Users,1,Lifestyle Risk Users,1,Low Activity Moderate Social Users,1,High Stress Users,Heavy Daytime Social Media Users | Lifestyle Risk Users | Low Activity Moderate Social Users | High Stress Users
3201,train,2.2,6.9,1.1,1.4,high,3.32,0,Light / Rested Users,0,Healthy Lifestyle Users,2,Moderately Social Users,0,Low Stress Users,Light / Rested Users | Healthy Lifestyle Users | Moderately Social Users | Low Stress Users
2875,train,3.5,6.1,0.7,0.6,high,2.93,1,Heavy Daytime Social Media Users,0,Healthy Lifestyle Users,1,Low Activity Moderate Social Users,0,Low Stress Users,Heavy Daytime Social Media Users | Healthy Lifestyle Users | Low Activity Moderate Social Users | Low Stress Users
1824,train,6.7,5.3,1.5,1.2,low,2.01,1,Heavy Daytime Social Media Users,1,Lifestyle Risk Users,0,Socially Isolated Users,1,High Stress Users,Heavy Daytime Social Media Users | Lifestyle Risk Users | Socially Isolated Users | High Stress Users
276,train,7.0,4.1,1.9,0.3,medium,2.3,2,Heavy Night Social Media Users,1,Lifestyle Risk Users,1,Low Activity Moderate Social Users,1,High Stress Users,Heavy Night Social Media Users | Lifestyle Risk Users | Low Activity Moderate Social Users | High Stress Users
2114,train,1.6,7.8,1.1,0.8,high,3.7,0,Light / Rested Users,0,Healthy Lifestyle Users,2,Moderately Social Users,0,Low Stress Users,Light / Rested Users | Healthy Lifestyle Users | Moderately Social Users | Low Stress Users
2272,train,5.5,5.7,1.9,1.7,low,2.47,2,Heavy Night Social Media Users,1,Lifestyle Risk Users,0,Socially Isolated Users,1,High Stress Users,Heavy Night Social Media Users | Lifestyle Risk Users | Socially Isolated Users | High Stress Users
222,train,4.0,6.5,2.4,0.6,low,3.67,2,Heavy Night Social Media Users,0,Healthy Lifestyle Users,0,Socially Isolated Users,0,Low Stress Users,Heavy Night Social Media Users | Healthy Lifestyle Users | Socially Isolated Users | Low Stress Users
233,train,7.7,7.3,1.8,2.0,medium,3.13,1,Heavy Daytime Social Media Users,0,Healthy Lifestyle Users,1,Low Activity Moderate Social Users,1,High Stress Users,Heavy Daytime Social Media Users | Healthy Lifestyle Users | Low Activity Moderate Social Users | High Stress Users
533,train,6.4,5.9,2.8,1.3,high,3.81,2,Heavy Night Social Media Users,0,Healthy Lifestyle Users,1,Low Activity Moderate Social Users,0,Low Stress Users,Heavy Night Social Media Users | Healthy Lifestyle Users | Low Activity Moderate Social Users | Low Stress Users
414,train,6.5,5.3,1.8,0.2,high,2.29,1,Heavy Daytime Social Media Users,1,Lifestyle Risk Users,1,Low Activity Moderate Social Users,1,High Stress Users,Heavy Daytime Social Media Users | Lifestyle Risk Users | Low Activity Moderate Social Users | High Stress Users
1469,train,6.3,4.9,2.5,0.1,low,2.0,2,Heavy Night Social Media Users,1,Lifestyle Risk Users,0,Socially Isolated Users,1,High Stress Users,Heavy Night Social Media Users | Lifestyle Risk Users | Socially Isolated Users | High Stress Users
1705,train,2.7,6.8,1.5,1.5,medium,3.39,0,Light / Rested Users,0,Healthy Lifestyle Users,2,Moderately Social Users,0,Low Stress Users,Light / Rested Users | Healthy Lifestyle Users | Moderately Social Users | Low Stress Users
43,train,4.0,8.8,1.3,1.9,medium,3.59,0,Light / Rested Users,0,Healthy Lifestyle Users,2,Moderately Social Users,0,Low Stress Users,Light / Rested Users | Healthy Lifestyle Users | Moderately Social Users | Low Stress Users
2810,train,1.9,7.9,2.1,1.4,low,4.0,0,Light / Rested Users,0,Healthy Lifestyle Users,0,Socially Isolated Users,0,Low Stress Users,Light / Rested Users | Healthy Lifestyle Users | Socially Isolated Users | Low Stress Users
1737,train,3.9,5.8,2.3,0.7,low,3.1,2,Heavy Night Social Media Users,1,Lifestyle Risk Users,0,Socially Isolated Users,0,Low Stress Users,Heavy Night Social Media Users | Lifestyle Risk Users | Socially Isolated Users | Low Stress Users
1821,train,2.5,6.0,2.1,0.4,high,3.62,0,Light / Rested Users,0,Healthy Lifestyle Users,1,Low Activity Moderate Social Users,0,Low Stress Users,Light / Rested Users | Healthy Lifestyle Users | Low Activity Moderate Social Users | Low Stress Users
2068,train,3.3,6.4,2.6,1.4,low,3.03,2,Heavy Night Social Media Users,0,Healthy Lifestyle Users,0,Socially Isolated Users,0,Low Stress Users,Heavy Night Social Media Users | Healthy Lifestyle Users | Socially Isolated Users | Low Stress Users
514,train,7.1,6.3,2.2,0.8,high,3.88,2,Heavy Night Social Media Users,0,Healthy Lifestyle Users,1,Low Activity Moderate Social Users,1,High Stress Users,Heavy Night Social Media Users | Healthy Lifestyle Users | Low Activity Moderate Social Users | High Stress Users
3358,train,3.5,6.8,0.7,1.5,high,3.39,0,Light / Rested Users,0,Healthy Lifestyle Users,2,Moderately Social Users,0,Low Stress Users,Light / Rested Users | Healthy Lifestyle Users | Moderately Social Users | Low Stress Users
3246,train,1.6,5.9,1.8,0.7,medium,3.22,0,Light / Rested Users,0,Healthy Lifestyle Users,2,Moderately Social Users,0,Low Stress Users,Light / Rested Users | Healthy Lifestyle Users | Moderately Social Users | Low Stress Users
604,train,5.6,7.9,2.0,0.6,medium,3.91,0,Light / Rested Users,0,Healthy Lifestyle Users,1,Low Activity Moderate Social Users,0,Low Stress Users,Light / Rested Users | Healthy Lifestyle Users | Low Activity Moderate Social Users | Low Stress Users
1711,train,4.3,6.5,1.6,1.4,high,2.9,0,Light / Rested Users,0,Healthy Lifestyle Users,2,Moderately Social Users,1,High Stress Users,Light / Rested Users | Healthy Lifestyle Users | Moderately Social Users | High Stress Users
2403,train,7.4,5.0,1.8,1.7,high,2.63,1,Heavy Daytime Social Media Users,1,Lifestyle Risk Users,1,Low Activity Moderate Social Users,1,High Stress Users,Heavy Daytime Social Media Users | Lifestyle Risk Users | Low Activity Moderate Social Users | High Stress Users
1332,train,4.9,6.4,0.5,0.2,low,2.7,1,Heavy Daytime Social Media Users,1,Lifestyle Risk Users,0,Socially Isolated Users,1,High Stress Users,Heavy Daytime Social Media Users | Lifestyle Risk Users | Socially Isolated Users | High Stress Users
632,train,5.9,7.4,0.7,1.7,high,3.27,1,Heavy Daytime Social Media Users,0,Healthy Lifestyle Users,2,Moderately Social Users,0,Low Stress Users,Heavy Daytime Social Media Users | Healthy Lifestyle Users | Moderately Social Users | Low Stress Users
2316,train,7.8,4.7,1.4,0.6,low,2.44,1,Heavy Daytime Social Media Users,1,Lifestyle Risk Users,0,Socially Isolated Users,1,High Stress Users,Heavy Daytime Social Media Users | Lifestyle Risk Users | Socially Isolated Users | High Stress Users
1989,train,3.9,7.0,1.6,0.9,low,2.89,0,Light / Rested Users,0,Healthy Lifestyle Users,0,Socially Isolated Users,0,Low Stress Users,Light / Rested Users | Healthy Lifestyle Users | Socially Isolated Users | Low Stress Users
3333,train,6.9,5.3,1.5,1.0,medium,2.28,1,Heavy Daytime Social Media Users,1,Lifestyle Risk Users,1,Low Activity Moderate Social Users,1,High Stress Users,Heavy Daytime Social Media Users | Lifestyle Risk Users | Low Activity Moderate Social Users | High Stress Users
3402,train,8.0,4.7,2.6,0.9,medium,2.28,2,Heavy Night Social Media Users,1,Lifestyle Risk Users,1,Low Activity Moderate Social Users,1,High Stress Users,Heavy Night Social Media Users | Lifestyle Risk Users | Low Activity Moderate Social Users | High Stress Users
2753,train,1.1,6.5,1.8,1.0,low,3.34,0,Light / Rested Users,0,Healthy Lifestyle Users,0,Socially Isolated Users,0,Low Stress Users,Light / Rested Users | Healthy Lifestyle Users | Socially Isolated Users | Low Stress Users
2384,train,1.7,6.3,2.2,0.7,low,3.85,0,Light / Rested Users,0,Healthy Lifestyle Users,0,Socially Isolated Users,0,Low Stress Users,Light / Rested Users | Healthy Lifestyle Users | Socially Isolated Users | Low Stress Users
3671,train,6.3,5.0,3.0,1.0,high,2.0,2,Heavy Night Social Media Users,1,Lifestyle Risk Users,1,Low Activity Moderate Social Users,1,High Stress Users,Heavy Night Social Media Users | Lifestyle Risk Users | Low Activity Moderate Social Users | High Stress Users
2356,train,2.7,6.3,2.3,0.0,high,2.62,0,Light / Rested Users,1,Lifestyle Risk Users,1,Low Activity Moderate Social Users,1,High Stress Users,Light / Rested Users | Lifestyle Risk Users | Low Activity Moderate Social Users | High Stress Users
816,train,2.8,7.7,1.0,0.5,medium,3.73,0,Light / Rested Users,0,Healthy Lifestyle Users,0,Socially Isolated Users,0,Low Stress Users,Light / Rested Users | Healthy Lifestyle Users | Socially Isolated Users | Low Stress Users
2081,train,7.4,4.7,1.2,0.8,medium,2.0,1,Heavy Daytime Social Media Users,1,Lifestyle Risk Users,1,Low Activity Moderate Social Users,1,High Stress Users,Heavy Daytime Social Media Users | Lifestyle Risk Users | Low Activity Moderate Social Users | High Stress Users
1449,train,2.2,7.7,1.4,1.5,high,4.0,0,Light / Rested Users,0,Healthy Lifestyle Users,2,Moderately Social Users,0,Low Stress Users,Light / Rested Users | Healthy Lifestyle Users | Moderately Social Users | Low Stress Users
1308,train,3.5,6.4,2.6,0.2,high,2.89,2,Heavy Night Social Media Users,1,Lifestyle Risk Users,1,Low Activity Moderate Social Users,0,Low Stress Users,Heavy Night Social Media Users | Lifestyle Risk Users | Low Activity Moderate Social Users | Low Stress Users
2317,train,6.1,5.8,1.5,0.4,medium,2.34,1,Heavy Daytime Social Media Users,1,Lifestyle Risk Users,1,Low Activity Moderate Social Users,1,High Stress Users,Heavy Daytime Social Media Users | Lifestyle Risk Users | Low Activity Moderate Social Users | High Stress Users
3410,train,6.3,5.9,1.1,0.8,high,2.57,1,Heavy Daytime Social Media Users,1,Lifestyle Risk Users,1,Low Activity Moderate Social Users,1,High Stress Users,Heavy Daytime Social Media Users | Lifestyle Risk Users | Low Activity Moderate Social Users | High Stress Users
3542,train,7.8,4.0,2.7,0.4,low,2.0,2,Heavy Night Social Media Users,1,Lifestyle Risk Users,0,Socially Isolated Users,1,High Stress Users,Heavy Night Social Media Users | Lifestyle Risk Users | Socially Isolated Users | High Stress Users
3251,train,6.6,5.7,1.6,0.6,medium,2.48,1,Heavy Daytime Social Media Users,1,Lifestyle Risk Users,1,Low Activity Moderate Social Users,1,High Stress Users,Heavy Daytime Social Media Users | Lifestyle Risk Users | Low Activity Moderate Social Users | High Stress Users
2313,train,2.2,7.0,2.6,1.5,low,3.58,0,Light / Rested Users,0,Healthy Lifestyle Users,0,Socially Isolated Users,0,Low Stress Users,Light / Rested Users | Healthy Lifestyle Users | Socially Isolated Users | Low Stress Users
1212,train,2.6,6.5,1.8,0.5,medium,3.61,0,Light / Rested Users,0,Healthy Lifestyle Users,0,Socially Isolated Users,0,Low Stress Users,Light / Rested Users | Healthy Lifestyle Users | Socially Isolated Users | Low Stress Users
986,train,4.6,4.6,2.5,1.0,high,2.4,2,Heavy Night Social Media Users,1,Lifestyle Risk Users,1,Low Activity Moderate Social Users,1,High Stress Users,Heavy Night Social Media Users | Lifestyle Risk Users | Low Activity Moderate Social Users | High Stress Users
499,train,7.4,5.9,2.6,1.9,medium,2.89,2,Heavy Night Social Media Users,1,Lifestyle Risk Users,1,Low Activity Moderate Social Users,1,High Stress Users,Heavy Night Social Media Users | Lifestyle Risk Users | Low Activity Moderate Social Users | High Stress Users
856,train,4.8,7.5,1.0,1.5,low,2.68,0,Light / Rested Users,0,Healthy Lifestyle Users,0,Socially Isolated Users,0,Low Stress Users,Light / Rested Users | Healthy Lifestyle Users | Socially Isolated Users | Low Stress Users
1507,train,4.3,4.8,2.9,0.2,high,2.2,2,Heavy Night Social Media Users,1,Lifestyle Risk Users,1,Low Activity Moderate Social Users,1,High Stress Users,Heavy Night Social Media Users | Lifestyle Risk Users | Low Activity Moderate Social Users | High Stress Users
3355,train,3.3,6.1,2.2,0.4,high,2.75,2,Heavy Night Social Media Users,1,Lifestyle Risk Users,1,Low Activity Moderate Social Users,1,High Stress Users,Heavy Night Social Media Users | Lifestyle Risk Users | Low Activity Moderate Social Users | High Stress Users
351,train,1.2,5.2,1.0,1.3,high,2.78,0,Light / Rested Users,0,Healthy Lifestyle Users,2,Moderately Social Users,0,Low Stress Users,Light / Rested Users | Healthy Lifestyle Users | Moderately Social Users | Low Stress Users
629,train,4.7,8.2,1.2,1.2,high,2.83,0,Light / Rested Users,0,Healthy Lifestyle Users,2,Moderately Social Users,0,Low Stress Users,Light / Rested Users | Healthy Lifestyle Users | Moderately Social Users | Low Stress Users
2275,train,1.8,8.9,0.7,0.4,low,3.46,0,Light / Rested Users,0,Healthy Lifestyle Users,0,Socially Isolated Users,0,Low Stress Users,Light / Rested Users | Healthy Lifestyle Users | Socially Isolated Users | Low Stress Users
3165,train,5.0,5.4,2.9,0.6,high,2.63,2,Heavy Night Social Media Users,1,Lifestyle Risk Users,1,Low Activity Moderate Social Users,1,High Stress Users,Heavy Night Social Media Users | Lifestyle Risk Users | Low Activity Moderate Social Users | High Stress Users
283,train,4.4,7.3,2.7,1.1,low,3.3,0,Light / Rested Users,0,Healthy Lifestyle Users,0,Socially Isolated Users,0,Low Stress Users,Light / Rested Users | Healthy Lifestyle Users | Socially Isolated Users | Low Stress Users
213,train,1.9,5.8,1.7,0.2,low,3.52,0,Light / Rested Users,0,Healthy Lifestyle Users,0,Socially Isolated Users,0,Low Stress Users,Light / Rested Users | Healthy Lifestyle Users | Socially Isolated Users | Low Stress Users
3536,train,5.6,5.6,1.3,1.7,medium,2.8,1,Heavy Daytime Social Media Users,1,Lifestyle Risk Users,2,Moderately Social Users,0,Low Stress Users,Heavy Daytime Social Media Users | Lifestyle Risk Users | Moderately Social Users | Low Stress Users
602,train,7.1,5.7,2.1,1.7,low,3.52,2,Heavy Night Social Media Users,1,Lifestyle Risk Users,0,Socially Isolated Users,0,Low Stress Users,Heavy Night Social Media Users | Lifestyle Risk Users | Socially Isolated Users | Low Stress Users
271,train,1.5,6.7,0.5,1.2,low,2.78,0,Light / Rested Users,0,Healthy Lifestyle Users,0,Socially Isolated Users,0,Low Stress Users,Light / Rested Users | Healthy Lifestyle Users | Socially Isolated Users | Low Stress Users
3138,train,5.1,5.9,0.9,1.3,medium,3.2,1,Heavy Daytime Social Media Users,0,Healthy Lifestyle Users,2,Moderately Social Users,0,Low Stress Users,Heavy Daytime Social Media Users | Healthy Lifestyle Users | Moderately Social Users | Low Stress Users
1559,train,2.1,8.3,1.4,1.3,low,3.79,0,Light / Rested Users,0,Healthy Lifestyle Users,0,Socially Isolated Users,0,Low Stress Users,Light / Rested Users | Healthy Lifestyle Users | Socially Isolated Users | Low Stress Users
591,train,7.7,4.2,2.6,1.8,low,2.2,2,Heavy Night Social Media Users,1,Lifestyle Risk Users,0,Socially Isolated Users,1,High Stress Users,Heavy Night Social Media Users | Lifestyle Risk Users | Socially Isolated Users | High Stress Users
477,train,2.3,4.5,0.7,0.2,low,2.71,1,Heavy Daytime Social Media Users,1,Lifestyle Risk Users,0,Socially Isolated Users,0,Low Stress Users,Heavy Daytime Social Media Users | Lifestyle Risk Users | Socially Isolated Users | Low Stress Users
407,train,2.9,6.3,3.0,0.4,medium,2.6,2,Heavy Night Social Media Users,1,Lifestyle Risk Users,1,Low Activity Moderate Social Users,1,High Stress Users,Heavy Night Social Media Users | Lifestyle Risk Users | Low Activity Moderate Social Users | High Stress Users
1356,train,2.9,8.4,1.2,0.9,medium,3.78,0,Light / Rested Users,0,Healthy Lifestyle Users,2,Moderately Social Users,0,Low Stress Users,Light / Rested Users | Healthy Lifestyle Users | Moderately Social Users | Low Stress Users
2938,train,5.4,4.5,2.5,0.1,low,2.0,2,Heavy Night Social Media Users,1,Lifestyle Risk Users,0,Socially Isolated Users,1,High Stress Users,Heavy Night Social Media Users | Lifestyle Risk Users | Socially Isolated Users | High Stress Users
1359,train,5.8,4.8,2.7,1.0,low,2.62,2,Heavy Night Social Media Users,1,Lifestyle Risk Users,0,Socially Isolated Users,1,High Stress Users,Heavy Night Social Media Users | Lifestyle Risk Users | Socially Isolated Users | High Stress Users
1763,train,2.5,5.8,2.6,1.0,medium,2.74,2,Heavy Night Social Media Users,1,Lifestyle Risk Users,2,Moderately Social Users,0,Low Stress Users,Heavy Night Social Media Users | Lifestyle Risk Users | Moderately Social Users | Low Stress Users
1832,train,7.2,5.4,1.7,0.7,high,2.2,1,Heavy Daytime Social Media Users,1,Lifestyle Risk Users,1,Low Activity Moderate Social Users,1,High Stress Users,Heavy Daytime Social Media Users | Lifestyle Risk Users | Low Activity Moderate Social Users | High Stress Users
3415,train,3.9,5.3,2.5,0.5,high,2.58,2,Heavy Night Social Media Users,1,Lifestyle Risk Users,1,Low Activity Moderate Social Users,1,High Stress Users,Heavy Night Social Media Users | Lifestyle Risk Users | Low Activity Moderate Social Users | High Stress Users
17,train,3.1,6.1,0.8,1.9,high,2.11,1,Heavy Daytime Social Media Users,1,Lifestyle Risk Users,2,Moderately Social Users,1,High Stress Users,Heavy Daytime Social Media Users | Lifestyle Risk Users | Moderately Social Users | High Stress Users
607,train,3.6,4.0,1.4,0.5,medium,3.83,2,Heavy Night Social Media Users,0,Healthy Lifestyle Users,1,Low Activity Moderate Social Users,0,Low Stress Users,Heavy Night Social Media Users | Healthy Lifestyle Users | Low Activity Moderate Social Users | Low Stress Users
355,train,5.2,8.2,2.8,1.4,medium,2.12,0,Light / Rested Users,1,Lifestyle Risk Users,2,Moderately Social Users,0,Low Stress Users,Light / Rested Users | Lifestyle Risk Users | Moderately Social Users | Low Stress Users
1604,train,7.7,4.8,2.5,0.9,medium,2.33,2,Heavy Night Social Media Users,1,Lifestyle Risk Users,1,Low Activity Moderate Social Users,1,High Stress Users,Heavy Night Social Media Users | Lifestyle Risk Users | Low Activity Moderate Social Users | High Stress Users
3391,train,7.5,5.1,3.0,0.6,medium,2.43,2,Heavy Night Social Media Users,1,Lifestyle Risk Users,1,Low Activity Moderate Social Users,1,High Stress Users,Heavy Night Social Media Users | Lifestyle Risk Users | Low Activity Moderate Social Users | High Stress Users
659,train,5.3,4.7,1.1,1.8,high,3.68,1,Heavy Daytime Social Media Users,0,Healthy Lifestyle Users,2,Moderately Social Users,1,High Stress Users,Heavy Daytime Social Media Users | Healthy Lifestyle Users | Moderately Social Users | High Stress Users
183,train,7.2,8.0,1.4,0.4,medium,3.64,1,Heavy Daytime Social Media Users,0,Healthy Lifestyle Users,1,Low Activity Moderate Social Users,1,High Stress Users,Heavy Daytime Social Media Users | Healthy Lifestyle Users | Low Activity Moderate Social Users | High Stress Users
1952,train,1.8,7.1,2.4,1.6,high,4.0,0,Light / Rested Users,0,Healthy Lifestyle Users,2,Moderately Social Users,0,Low Stress Users,Light / Rested Users | Healthy Lifestyle Users | Moderately Social Users | Low Stress Users
3575,train,3.5,6.7,0.8,0.2,low,2.82,0,Light / Rested Users,0,Healthy Lifestyle Users,0,Socially Isolated Users,0,Low Stress Users,Light / Rested Users | Healthy Lifestyle Users | Socially Isolated Users | Low Stress Users
371,train,4.5,7.3,0.9,0.9,medium,2.34,0,Light / Rested Users,0,Healthy Lifestyle Users,1,Low Activity Moderate Social Users,0,Low Stress Users,Light / Rested Users | Healthy Lifestyle Users | Low Activity Moderate Social Users | Low Stress Users
431,train,1.4,7.8,0.6,1.6,medium,3.42,0,Light / Rested Users,0,Healthy Lifestyle Users,2,Moderately Social Users,0,Low Stress Users,Light / Rested Users | Healthy Lifestyle Users | Moderately Social Users | Low Stress Users
3012,train,4.8,5.8,2.0,1.8,high,3.02,2,Heavy Night Social Media Users,1,Lifestyle Risk Users,2,Moderately Social Users,1,High Stress Users,Heavy Night Social Media Users | Lifestyle Risk Users | Moderately Social Users | High Stress Users
2626,train,2.8,6.8,1.7,1.1,high,3.94,0,Light / Rested Users,0,Healthy Lifestyle Users,2,Moderately Social Users,0,Low Stress Users,Light / Rested Users | Healthy Lifestyle Users | Moderately Social Users | Low Stress Users
2202,train,7.2,5.3,1.5,0.1,medium,2.1,1,Heavy Daytime Social Media Users,1,Lifestyle Risk Users,1,Low Activity Moderate Social Users,1,High Stress Users,Heavy Daytime Social Media Users | Lifestyle Risk Users | Low Activity Moderate Social Users | High Stress Users
171,train,3.9,8.2,1.3,1.8,medium,3.21,0,Light / Rested Users,0,Healthy Lifestyle Users,2,Moderately Social Users,0,Low Stress Users,Light / Rested Users | Healthy Lifestyle Users | Moderately Social Users | Low Stress Users
597,train,5.9,4.4,2.7,1.8,high,2.09,2,Heavy Night Social Media Users,1,Lifestyle Risk Users,2,Moderately Social Users,1,High Stress Users,Heavy Night Social Media Users | Lifestyle Risk Users | Moderately Social Users | High Stress Users
2389,train,7.8,4.6,1.3,1.0,low,2.02,1,Heavy Daytime Social Media Users,1,Lifestyle Risk Users,0,Socially Isolated Users,1,High Stress Users,Heavy Daytime Social Media Users | Lifestyle Risk Users | Socially Isolated Users | High Stress Users
2855,train,5.6,5.9,2.0,1.3,medium,2.44,2,Heavy Night Social Media Users,1,Lifestyle Risk Users,1,Low Activity Moderate Social Users,1,High Stress Users,Heavy Night Social Media Users | Lifestyle Risk Users | Low Activity Moderate Social Users | High Stress Users
1608,train,6.7,5.7,1.5,0.2,medium,2.75,1,Heavy Daytime Social Media Users,1,Lifestyle Risk Users,1,Low Activity Moderate Social Users,1,High Stress Users,Heavy Daytime Social Media Users | Lifestyle Risk Users | Low Activity Moderate Social Users | High Stress Users
1050,train,2.6,5.1,0.9,1.4,medium,2.57,1,Heavy Daytime Social Media Users,1,Lifestyle Risk Users,2,Moderately Social Users,1,High Stress Users,Heavy Daytime Social Media Users | Lifestyle Risk Users | Moderately Social Users | High Stress Users
2021,train,1.2,9.0,0.8,0.7,medium,4.0,0,Light / Rested Users,0,Healthy Lifestyle Users,2,Moderately Social Users,0,Low Stress Users,Light / Rested Users | Healthy Lifestyle Users | Moderately Social Users | Low Stress Users
553,train,4.5,7.7,0.9,1.1,medium,2.61,0,Light / Rested Users,0,Healthy Lifestyle Users,2,Moderately Social Users,1,High Stress Users,Light / Rested Users | Healthy Lifestyle Users | Moderately Social Users | High Stress Users
3579,train,6.5,4.7,2.4,1.0,low,2.11,2,Heavy Night Social Media Users,1,Lifestyle Risk Users,0,Socially Isolated Users,1,High Stress Users,Heavy Night Social Media Users | Lifestyle Risk Users | Socially Isolated Users | High Stress Users
1879,train,2.4,7.4,0.5,1.6,low,3.48,0,Light / Rested Users,0,Healthy Lifestyle Users,0,Socially Isolated Users,0,Low Stress Users,Light / Rested Users | Healthy Lifestyle Users | Socially Isolated Users | Low Stress Users
490,train,1.3,7.5,1.3,1.4,low,2.99,0,Light / Rested Users,0,Healthy Lifestyle Users,0,Socially Isolated Users,0,Low Stress Users,Light / Rested Users | Healthy Lifestyle Users | Socially Isolated Users | Low Stress Users
1285,train,3.5,5.2,2.4,0.4,high,3.15,2,Heavy Night Social Media Users,1,Lifestyle Risk Users,1,Low Activity Moderate Social Users,0,Low Stress Users,Heavy Night Social Media Users | Lifestyle Risk Users | Low Activity Moderate Social Users | Low Stress Users
2010,train,1.5,7.1,1.6,0.4,high,3.59,0,Light / Rested Users,0,Healthy Lifestyle Users,2,Moderately Social Users,0,Low Stress Users,Light / Rested Users | Healthy Lifestyle Users | Moderately Social Users | Low Stress Users
2399,train,3.2,6.1,2.7,1.7,high,3.44,2,Heavy Night Social Media Users,0,Healthy Lifestyle Users,2,Moderately Social Users,0,Low Stress Users,Heavy Night Social Media Users | Healthy Lifestyle Users | Moderately Social Users | Low Stress Users
2020,train,1.8,6.4,2.8,1.8,medium,3.59,0,Light / Rested Users,0,Healthy Lifestyle Users,2,Moderately Social Users,0,Low Stress Users,Light / Rested Users | Healthy Lifestyle Users | Moderately Social Users | Low Stress Users
2581,train,6.3,4.2,3.0,0.5,low,2.0,2,Heavy Night Social Media Users,1,Lifestyle Risk Users,0,Socially Isolated Users,1,High Stress Users,Heavy Night Social Media Users | Lifestyle Risk Users | Socially Isolated Users | High Stress Users
2593,train,4.6,6.7,1.1,1.8,low,2.96,1,Heavy Daytime Social Media Users,0,Healthy Lifestyle Users,0,Socially Isolated Users,1,High Stress Users,Heavy Daytime Social Media Users | Healthy Lifestyle Users | Socially Isolated Users | High Stress Users
3531,train,3.4,7.0,1.1,1.2,medium,3.21,0,Light / Rested Users,0,Healthy Lifestyle Users,2,Moderately Social Users,0,Low Stress Users,Light / Rested Users | Healthy Lifestyle Users | Moderately Social Users | Low Stress Users
2561,train,2.3,7.3,2.7,0.7,low,3.58,0,Light / Rested Users,0,Healthy Lifestyle Users,0,Socially Isolated Users,0,Low Stress Users,Light / Rested Users | Healthy Lifestyle Users | Socially Isolated Users | Low Stress Users
2611,train,1.6,8.1,1.0,1.7,low,3.5,0,Light / Rested Users,0,Healthy Lifestyle Users,0,Socially Isolated Users,0,Low Stress Users,Light / Rested Users | Healthy Lifestyle Users | Socially Isolated Users | Low Stress Users
1038,train,4.5,6.1,2.8,1.2,low,3.38,2,Heavy Night Social Media Users,0,Healthy Lifestyle Users,0,Socially Isolated Users,1,High Stress Users,Heavy Night Social Media Users | Healthy Lifestyle Users | Socially Isolated Users | High Stress Users
1733,train,7.1,4.1,2.5,0.1,high,2.0,2,Heavy Night Social Media Users,1,Lifestyle Risk Users,1,Low Activity Moderate Social Users,1,High Stress Users,Heavy Night Social Media Users | Lifestyle Risk Users | Low Activity Moderate Social Users | High Stress Users
643,train,5.5,6.3,0.8,1.6,high,2.59,1,Heavy Daytime Social Media Users,1,Lifestyle Risk Users,2,Moderately Social Users,1,High Stress Users,Heavy Daytime Social Media Users | Lifestyle Risk Users | Moderately Social Users | High Stress Users
3469,train,5.9,5.4,1.6,0.1,medium,2.51,1,Heavy Daytime Social Media Users,1,Lifestyle Risk Users,1,Low Activity Moderate Social Users,1,High Stress Users,Heavy Daytime Social Media Users | Lifestyle Risk Users | Low Activity Moderate Social Users | High Stress Users
2129,train,7.9,4.7,1.3,1.2,high,2.15,1,Heavy Daytime Social Media Users,1,Lifestyle Risk Users,1,Low Activity Moderate Social Users,1,High Stress Users,Heavy Daytime Social Media Users | Lifestyle Risk Users | Low Activity Moderate Social Users | High Stress Users
3023,train,2.1,7.5,1.3,0.5,high,3.66,0,Light / Rested Users,0,Healthy Lifestyle Users,2,Moderately Social Users,0,Low Stress Users,Light / Rested Users | Healthy Lifestyle Users | Moderately Social Users | Low Stress Users
1300,train,2.7,7.3,1.0,1.8,high,3.46,0,Light / Rested Users,0,Healthy Lifestyle Users,2,Moderately Social Users,0,Low Stress Users,Light / Rested Users | Healthy Lifestyle Users | Moderately Social Users | Low Stress Users
3232,train,5.3,6.0,1.6,0.7,medium,2.48,1,Heavy Daytime Social Media Users,1,Lifestyle Risk Users,1,Low Activity Moderate Social Users,1,High Stress Users,Heavy Daytime Social Media Users | Lifestyle Risk Users | Low Activity Moderate Social Users | High Stress Users
3346,train,3.3,6.3,2.7,1.3,high,3.04,2,Heavy Night Social Media Users,0,Healthy Lifestyle Users,2,Moderately Social Users,0,Low Stress Users,Heavy Night Social Media Users | Healthy Lifestyle Users | Moderately Social Users | Low Stress Users
3658,train,7.2,6.0,1.0,1.7,high,2.24,1,Heavy Daytime Social Media Users,1,Lifestyle Risk Users,1,Low Activity Moderate Social Users,1,High Stress Users,Heavy Daytime Social Media Users | Lifestyle Risk Users | Low Activity Moderate Social Users | High Stress Users
2843,train,7.5,4.5,2.9,2.0,low,2.0,2,Heavy Night Social Media Users,1,Lifestyle Risk Users,0,Socially Isolated Users,1,High Stress Users,Heavy Night Social Media Users | Lifestyle Risk Users | Socially Isolated Users | High Stress Users
1394,train,3.4,6.7,2.3,2.0,high,3.05,0,Light / Rested Users,0,Healthy Lifestyle Users,2,Moderately Social Users,0,Low Stress Users,Light / Rested Users | Healthy Lifestyle Users | Moderately Social Users | Low Stress Users
2604,train,5.0,4.6,2.6,1.7,low,2.92,2,Heavy Night Social Media Users,1,Lifestyle Risk Users,0,Socially Isolated Users,1,High Stress Users,Heavy Night Social Media Users | Lifestyle Risk Users | Socially Isolated Users | High Stress Users
274,train,4.3,5.9,2.1,1.7,high,2.85,2,Heavy Night Social Media Users,1,Lifestyle Risk Users,2,Moderately Social Users,1,High Stress Users,Heavy Night Social Media Users | Lifestyle Risk Users | Moderately Social Users | High Stress Users
3093,train,1.5,7.6,1.5,0.8,medium,3.55,0,Light / Rested Users,0,Healthy Lifestyle Users,2,Moderately Social Users,0,Low Stress Users,Light / Rested Users | Healthy Lifestyle Users | Moderately Social Users | Low Stress Users
3072,train,7.4,5.2,1.0,2.0,high,2.29,1,Heavy Daytime Social Media Users,1,Lifestyle Risk Users,2,Moderately Social Users,1,High Stress Users,Heavy Daytime Social Media Users | Lifestyle Risk Users | Moderately Social Users | High Stress Users
2285,train,6.4,5.4,1.5,1.6,low,2.24,1,Heavy Daytime Social Media Users,1,Lifestyle Risk Users,0,Socially Isolated Users,1,High Stress Users,Heavy Daytime Social Media Users | Lifestyle Risk Users | Socially Isolated Users | High Stress Users
2747,train,6.9,5.0,1.6,1.6,high,2.04,1,Heavy Daytime Social Media Users,1,Lifestyle Risk Users,1,Low Activity Moderate Social Users,1,High Stress Users,Heavy Daytime Social Media Users | Lifestyle Risk Users | Low Activity Moderate Social Users | High Stress Users
2868,train,5.5,5.4,2.7,0.3,low,2.02,2,Heavy Night Social Media Users,1,Lifestyle Risk Users,0,Socially Isolated Users,1,High Stress Users,Heavy Night Social Media Users | Lifestyle Risk Users | Socially Isolated Users | High Stress Users
252,train,5.6,4.6,1.9,0.1,low,2.54,2,Heavy Night Social Media Users,1,Lifestyle Risk Users,0,Socially Isolated Users,1,High Stress Users,Heavy Night Social Media Users | Lifestyle Risk Users | Socially Isolated Users | High Stress Users
2806,train,1.6,8.1,1.1,1.3,medium,3.71,0,Light / Rested Users,0,Healthy Lifestyle Users,2,Moderately Social Users,0,Low Stress Users,Light / Rested Users | Healthy Lifestyle Users | Moderately Social Users | Low Stress Users
1358,train,2.6,5.8,1.9,1.8,medium,2.91,0,Light / Rested Users,0,Healthy Lifestyle Users,2,Moderately Social Users,0,Low Stress Users,Light / Rested Users | Healthy Lifestyle Users | Moderately Social Users | Low Stress Users
1598,train,4.6,5.7,2.3,1.2,low,2.76,2,Heavy Night Social Media Users,1,Lifestyle Risk Users,0,Socially Isolated Users,1,High Stress Users,Heavy Night Social Media Users | Lifestyle Risk Users | Socially Isolated Users | High Stress Users
3288,train,2.8,7.0,1.2,1.1,low,3.31,0,Light / Rested Users,0,Healthy Lifestyle Users,0,Socially Isolated Users,0,Low Stress Users,Light / Rested Users | Healthy Lifestyle Users | Socially Isolated Users | Low Stress Users
3114,train,5.2,5.3,1.7,0.8,high,2.57,1,Heavy Daytime Social Media Users,1,Lifestyle Risk Users,1,Low Activity Moderate Social Users,1,High Stress Users,Heavy Daytime Social Media Users | Lifestyle Risk Users | Low Activity Moderate Social Users | High Stress Users
3676,train,3.3,6.8,1.9,1.4,low,3.62,0,Light / Rested Users,0,Healthy Lifestyle Users,0,Socially Isolated Users,0,Low Stress Users,Light / Rested Users | Healthy Lifestyle Users | Socially Isolated Users | Low Stress Users
1895,train,6.7,4.1,2.5,0.7,medium,2.0,2,Heavy Night Social Media Users,1,Lifestyle Risk Users,1,Low Activity Moderate Social Users,1,High Stress Users,Heavy Night Social Media Users | Lifestyle Risk Users | Low Activity Moderate Social Users | High Stress Users
2257,train,1.0,6.5,2.7,1.1,low,3.2,0,Light / Rested Users,0,Healthy Lifestyle Users,0,Socially Isolated Users,0,Low Stress Users,Light / Rested Users | Healthy Lifestyle Users | Socially Isolated Users | Low Stress Users
650,train,7.0,8.9,0.6,0.2,medium,3.67,1,Heavy Daytime Social Media Users,0,Healthy Lifestyle Users,1,Low Activity Moderate Social Users,0,Low Stress Users,Heavy Daytime Social Media Users | Healthy Lifestyle Users | Low Activity Moderate Social Users | Low Stress Users
3148,train,5.1,7.4,0.8,0.9,low,3.54,1,Heavy Daytime Social Media Users,0,Healthy Lifestyle Users,0,Socially Isolated Users,0,Low Stress Users,Heavy Daytime Social Media Users | Healthy Lifestyle Users | Socially Isolated Users | Low Stress Users
2954,train,1.2,7.8,1.2,1.7,high,3.84,0,Light / Rested Users,0,Healthy Lifestyle Users,2,Moderately Social Users,0,Low Stress Users,Light / Rested Users | Healthy Lifestyle Users | Moderately Social Users | Low Stress Users
1496,train,4.5,6.0,1.6,1.1,medium,2.85,1,Heavy Daytime Social Media Users,1,Lifestyle Risk Users,2,Moderately Social Users,1,High Stress Users,Heavy Daytime Social Media Users | Lifestyle Risk Users | Moderately Social Users | High Stress Users
2965,train,4.5,7.0,1.1,1.2,low,3.11,1,Heavy Daytime Social Media Users,0,Healthy Lifestyle Users,0,Socially Isolated Users,0,Low Stress Users,Heavy Daytime Social Media Users | Healthy Lifestyle Users | Socially Isolated Users | Low Stress Users
1800,train,5.0,5.1,2.5,1.2,high,2.6,2,Heavy Night Social Media Users,1,Lifestyle Risk Users,1,Low Activity Moderate Social Users,1,High Stress Users,Heavy Night Social Media Users | Lifestyle Risk Users | Low Activity Moderate Social Users | High Stress Users
1024,train,1.4,8.6,2.4,0.7,low,3.31,0,Light / Rested Users,0,Healthy Lifestyle Users,0,Socially Isolated Users,0,Low Stress Users,Light / Rested Users | Healthy Lifestyle Users | Socially Isolated Users | Low Stress Users
311,train,6.6,4.4,1.1,1.0,low,2.29,1,Heavy Daytime Social Media Users,1,Lifestyle Risk Users,0,Socially Isolated Users,1,High Stress Users,Heavy Daytime Social Media Users | Lifestyle Risk Users | Socially Isolated Users | High Stress Users
3177,train,7.7,4.0,2.6,0.6,high,2.0,2,Heavy Night Social Media Users,1,Lifestyle Risk Users,1,Low Activity Moderate Social Users,1,High Stress Users,Heavy Night Social Media Users | Lifestyle Risk Users | Low Activity Moderate Social Users | High Stress Users
2200,train,6.2,4.8,2.2,0.0,low,2.47,2,Heavy Night Social Media Users,1,Lifestyle Risk Users,0,Socially Isolated Users,1,High Stress Users,Heavy Night Social Media Users | Lifestyle Risk Users | Socially Isolated Users | High Stress Users
3037,train,4.1,5.9,2.0,1.6,medium,3.46,2,Heavy Night Social Media Users,0,Healthy Lifestyle Users,2,Moderately Social Users,0,Low Stress Users,Heavy Night Social Media Users | Healthy Lifestyle Users | Moderately Social Users | Low Stress Users
3449,train,1.4,6.5,2.9,1.6,medium,3.46,0,Light / Rested Users,0,Healthy Lifestyle Users,2,Moderately Social Users,0,Low Stress Users,Light / Rested Users | Healthy Lifestyle Users | Moderately Social Users | Low Stress Users
2986,train,1.7,8.4,0.6,0.3,high,3.6,0,Light / Rested Users,0,Healthy Lifestyle Users,2,Moderately Social Users,0,Low Stress Users,Light / Rested Users | Healthy Lifestyle Users | Moderately Social Users | Low Stress Users
1208,train,1.8,6.8,2.0,1.3,low,3.49,0,Light / Rested Users,0,Healthy Lifestyle Users,0,Socially Isolated Users,0,Low Stress Users,Light / Rested Users | Healthy Lifestyle Users | Socially Isolated Users | Low Stress Users
268,train,4.6,8.9,1.9,0.4,medium,2.5,0,Light / Rested Users,0,Healthy Lifestyle Users,1,Low Activity Moderate Social Users,0,Low Stress Users,Light / Rested Users | Healthy Lifestyle Users | Low Activity Moderate Social Users | Low Stress Users
2096,train,6.7,4.6,2.1,0.2,high,2.0,2,Heavy Night Social Media Users,1,Lifestyle Risk Users,1,Low Activity Moderate Social Users,1,High Stress Users,Heavy Night Social Media Users | Lifestyle Risk Users | Low Activity Moderate Social Users | High Stress Users
2444,train,7.9,6.3,1.2,0.3,medium,2.67,1,Heavy Daytime Social Media Users,1,Lifestyle Risk Users,1,Low Activity Moderate Social Users,1,High Stress Users,Heavy Daytime Social Media Users | Lifestyle Risk Users | Low Activity Moderate Social Users | High Stress Users
2145,train,3.5,6.6,1.7,1.0,low,3.0,0,Light / Rested Users,0,Healthy Lifestyle Users,0,Socially Isolated Users,0,Low Stress Users,Light / Rested Users | Healthy Lifestyle Users | Socially Isolated Users | Low Stress Users
628,train,3.6,6.1,2.8,0.1,high,3.8,2,Heavy Night Social Media Users,0,Healthy Lifestyle Users,1,Low Activity Moderate Social Users,0,Low Stress Users,Heavy Night Social Media Users | Healthy Lifestyle Users | Low Activity Moderate Social Users | Low Stress Users
2061,train,4.9,6.2,0.9,0.7,high,2.69,1,Heavy Daytime Social Media Users,1,Lifestyle Risk Users,1,Low Activity Moderate Social Users,1,High Stress Users,Heavy Daytime Social Media Users | Lifestyle Risk Users | Low Activity Moderate Social Users | High Stress Users
1397,train,2.0,7.4,1.8,0.7,high,3.51,0,Light / Rested Users,0,Healthy Lifestyle Users,2,Moderately Social Users,0,Low Stress Users,Light / Rested Users | Healthy Lifestyle Users | Moderately Social Users | Low Stress Users
421,train,8.0,8.7,1.5,2.0,high,3.7,1,Heavy Daytime Social Media Users,0,Healthy Lifestyle Users,1,Low Activity Moderate Social Users,1,High Stress Users,Heavy Daytime Social Media Users | Healthy Lifestyle Users | Low Activity Moderate Social Users | High Stress Users
2533,train,7.0,4.8,1.1,0.3,high,2.55,1,Heavy Daytime Social Media Users,1,Lifestyle Risk Users,1,Low Activity Moderate Social Users,1,High Stress Users,Heavy Daytime Social Media Users | Lifestyle Risk Users | Low Activity Moderate Social Users | High Stress Users
1855,train,3.9,6.0,1.9,1.6,high,2.87,2,Heavy Night Social Media Users,0,Healthy Lifestyle Users,2,Moderately Social Users,1,High Stress Users,Heavy Night Social Media Users | Healthy Lifestyle Users | Moderately Social Users | High Stress Users
3307,train,6.0,5.8,2.2,1.5,high,2.3,2,Heavy Night Social Media Users,1,Lifestyle Risk Users,1,Low Activity Moderate Social Users,1,High Stress Users,Heavy Night Social Media Users | Lifestyle Risk Users | Low Activity Moderate Social Users | High Stress Users
1656,train,6.9,5.6,1.0,0.9,low,2.1,1,Heavy Daytime Social Media Users,1,Lifestyle Risk Users,0,Socially Isolated Users,1,High Stress Users,Heavy Daytime Social Media Users | Lifestyle Risk Users | Socially Isolated Users | High Stress Users
2511,train,5.9,6.4,0.5,1.7,medium,2.64,1,Heavy Daytime Social Media Users,1,Lifestyle Risk Users,2,Moderately Social Users,1,High Stress Users,Heavy Daytime Social Media Users | Lifestyle Risk Users | Moderately Social Users | High Stress Users
2000,train,1.4,7.1,1.1,0.1,low,3.59,0,Light / Rested Users,0,Healthy Lifestyle Users,0,Socially Isolated Users,0,Low Stress Users,Light / Rested Users | Healthy Lifestyle Users | Socially Isolated Users | Low Stress Users
3666,train,6.2,5.4,2.2,0.5,medium,2.42,2,Heavy Night Social Media Users,1,Lifestyle Risk Users,1,Low Activity Moderate Social Users,1,High Stress Users,Heavy Night Social Media Users | Lifestyle Risk Users | Low Activity Moderate Social Users | High Stress Users
3087,train,5.4,5.8,1.5,1.2,high,2.63,1,Heavy Daytime Social Media Users,1,Lifestyle Risk Users,1,Low Activity Moderate Social Users,1,High Stress Users,Heavy Daytime Social Media Users | Lifestyle Risk Users | Low Activity Moderate Social Users | High Stress Users
754,train,7.5,7.5,1.4,2.0,low,3.14,1,Heavy Daytime Social Media Users,0,Healthy Lifestyle Users,0,Socially Isolated Users,1,High Stress Users,Heavy Daytime Social Media Users | Healthy Lifestyle Users | Socially Isolated Users | High Stress Users
2119,train,7.7,4.6,2.9,0.5,medium,2.58,2,Heavy Night Social Media Users,1,Lifestyle Risk Users,1,Low Activity Moderate Social Users,1,High Stress Users,Heavy Night Social Media Users | Lifestyle Risk Users | Low Activity Moderate Social Users | High Stress Users
2405,train,4.8,4.5,2.7,0.6,medium,2.3,2,Heavy Night Social Media Users,1,Lifestyle Risk Users,1,Low Activity Moderate Social Users,1,High Stress Users,Heavy Night Social Media Users | Lifestyle Risk Users | Low Activity Moderate Social Users | High Stress Users
1712,train,7.5,5.6,0.8,1.8,low,2.31,1,Heavy Daytime Social Media Users,1,Lifestyle Risk Users,0,Socially Isolated Users,1,High Stress Users,Heavy Daytime Social Media Users | Lifestyle Risk Users | Socially Isolated Users | High Stress Users
998,train,7.8,4.2,2.1,0.0,low,3.42,2,Heavy Night Social Media Users,1,Lifestyle Risk Users,0,Socially Isolated Users,1,High Stress Users,Heavy Night Social Media Users | Lifestyle Risk Users | Socially Isolated Users | High Stress Users
1708,train,6.6,6.1,2.1,0.8,medium,2.48,2,Heavy Night Social Media Users,1,Lifestyle Risk Users,1,Low Activity Moderate Social Users,1,High Stress Users,Heavy Night Social Media Users | Lifestyle Risk Users | Low Activity Moderate Social Users | High Stress Users
1801,train,7.2,4.0,2.9,1.8,low,2.23,2,Heavy Night Social Media Users,1,Lifestyle Risk Users,0,Socially Isolated Users,1,High Stress Users,Heavy Night Social Media Users | Lifestyle Risk Users | Socially Isolated Users | High Stress Users
2406,train,2.7,7.5,1.6,1.4,medium,3.5,0,Light / Rested Users,0,Healthy Lifestyle Users,2,Moderately Social Users,0,Low Stress Users,Light / Rested Users | Healthy Lifestyle Users | Moderately Social Users | Low Stress Users
2608,train,4.6,6.0,0.7,1.4,high,3.08,1,Heavy Daytime Social Media Users,0,Healthy Lifestyle Users,2,Moderately Social Users,0,Low Stress Users,Heavy Daytime Social Media Users | Healthy Lifestyle Users | Moderately Social Users | Low Stress Users
248,train,5.4,8.7,1.9,1.3,low,2.67,0,Light / Rested Users,0,Healthy Lifestyle Users,0,Socially Isolated Users,0,Low Stress Users,Light / Rested Users | Healthy Lifestyle Users | Socially Isolated Users | Low Stress Users
1654,train,4.4,6.3,1.6,1.3,medium,2.9,1,Heavy Daytime Social Media Users,0,Healthy Lifestyle Users,2,Moderately Social Users,1,High Stress Users,Heavy Daytime Social Media Users | Healthy Lifestyle Users | Moderately Social Users | High Stress Users
2172,train,2.7,6.7,1.8,0.3,low,3.39,0,Light / Rested Users,0,Healthy Lifestyle Users,0,Socially Isolated Users,0,Low Stress Users,Light / Rested Users | Healthy Lifestyle Users | Socially Isolated Users | Low Stress Users
1265,train,1.7,6.6,2.9,0.3,low,3.64,0,Light / Rested Users,0,Healthy Lifestyle Users,0,Socially Isolated Users,0,Low Stress Users,Light / Rested Users | Healthy Lifestyle Users | Socially Isolated Users | Low Stress Users
3321,train,4.0,5.1,2.5,0.3,medium,2.56,2,Heavy Night Social Media Users,1,Lifestyle Risk Users,1,Low Activity Moderate Social Users,1,High Stress Users,Heavy Night Social Media Users | Lifestyle Risk Users | Low Activity Moderate Social Users | High Stress Users
3685,train,3.3,6.0,2.1,0.7,low,3.03,2,Heavy Night Social Media Users,0,Healthy Lifestyle Users,0,Socially Isolated Users,0,Low Stress Users,Heavy Night Social Media Users | Healthy Lifestyle Users | Socially Isolated Users | Low Stress Users
2018,train,5.3,5.6,1.6,1.4,medium,2.43,1,Heavy Daytime Social Media Users,1,Lifestyle Risk Users,2,Moderately Social Users,1,High Stress Users,Heavy Daytime Social Media Users | Lifestyle Risk Users | Moderately Social Users | High Stress Users
319,train,7.6,7.9,0.8,1.9,high,3.55,1,Heavy Daytime Social Media Users,0,Healthy Lifestyle Users,1,Low Activity Moderate Social Users,1,High Stress Users,Heavy Daytime Social Media Users | Healthy Lifestyle Users | Low Activity Moderate Social Users | High Stress Users
2575,train,4.3,4.7,2.8,1.5,medium,2.8,2,Heavy Night Social Media Users,1,Lifestyle Risk Users,2,Moderately Social Users,1,High Stress Users,Heavy Night Social Media Users | Lifestyle Risk Users | Moderately Social Users | High Stress Users
2159,train,2.4,7.0,1.6,0.3,low,3.49,0,Light / Rested Users,0,Healthy Lifestyle Users,0,Socially Isolated Users,0,Low Stress Users,Light / Rested Users | Healthy Lifestyle Users | Socially Isolated Users | Low Stress Users
2442,train,4.3,7.2,1.8,1.5,medium,3.18,0,Light / Rested Users,0,Healthy Lifestyle Users,2,Moderately Social Users,0,Low Stress Users,Light / Rested Users | Healthy Lifestyle Users | Moderately Social Users | Low Stress Users
3458,train,3.2,7.5,0.9,1.1,high,3.6,0,Light / Rested Users,0,Healthy Lifestyle Users,2,Moderately Social Users,0,Low Stress Users,Light / Rested Users | Healthy Lifestyle Users | Moderately Social Users | Low Stress Users
2059,train,1.5,7.1,1.9,1.4,low,3.26,0,Light / Rested Users,0,Healthy Lifestyle Users,0,Socially Isolated Users,0,Low Stress Users,Light / Rested Users | Healthy Lifestyle Users | Socially Isolated Users | Low Stress Users
1091,train,3.5,6.8,2.3,1.0,low,2.28,0,Light / Rested Users,1,Lifestyle Risk Users,0,Socially Isolated Users,0,Low Stress Users,Light / Rested Users | Lifestyle Risk Users | Socially Isolated Users | Low Stress Users
1894,train,3.2,6.0,2.8,0.3,medium,3.3,2,Heavy Night Social Media Users,0,Healthy Lifestyle Users,1,Low Activity Moderate Social Users,0,Low Stress Users,Heavy Night Social Media Users | Healthy Lifestyle Users | Low Activity Moderate Social Users | Low Stress Users
828,train,4.4,8.2,2.7,0.3,medium,3.13,0,Light / Rested Users,0,Healthy Lifestyle Users,1,Low Activity Moderate Social Users,0,Low Stress Users,Light / Rested Users | Healthy Lifestyle Users | Low Activity Moderate Social Users | Low Stress Users
748,train,5.8,6.3,1.1,0.9,medium,3.09,1,Heavy Daytime Social Media Users,1,Lifestyle Risk Users,1,Low Activity Moderate Social Users,1,High Stress Users,Heavy Daytime Social Media Users | Lifestyle Risk Users | Low Activity Moderate Social Users | High Stress Users
3268,train,6.8,5.3,1.0,1.3,low,2.4,1,Heavy Daytime Social Media Users,1,Lifestyle Risk Users,0,Socially Isolated Users,1,High Stress Users,Heavy Daytime Social Media Users | Lifestyle Risk Users | Socially Isolated Users | High Stress Users
812,train,5.4,7.4,1.7,0.6,low,2.88,0,Light / Rested Users,0,Healthy Lifestyle Users,0,Socially Isolated Users,1,High Stress Users,Light / Rested Users | Healthy Lifestyle Users | Socially Isolated Users | High Stress Users
2522,train,7.4,5.3,1.3,0.6,high,2.1,1,Heavy Daytime Social Media Users,1,Lifestyle Risk Users,1,Low Activity Moderate Social Users,1,High Stress Users,Heavy Daytime Social Media Users | Lifestyle Risk Users | Low Activity Moderate Social Users | High Stress Users
1540,train,7.2,5.4,0.9,0.7,high,2.24,1,Heavy Daytime Social Media Users,1,Lifestyle Risk Users,1,Low Activity Moderate Social Users,1,High Stress Users,Heavy Daytime Social Media Users | Lifestyle Risk Users | Low Activity Moderate Social Users | High Stress Users
313,train,8.0,5.4,2.8,1.9,high,3.1,2,Heavy Night Social Media Users,1,Lifestyle Risk Users,1,Low Activity Moderate Social Users,1,High Stress Users,Heavy Night Social Media Users | Lifestyle Risk Users | Low Activity Moderate Social Users | High Stress Users
2752,train,5.9,5.0,2.8,1.6,high,2.44,2,Heavy Night Social Media Users,1,Lifestyle Risk Users,2,Moderately Social Users,1,High Stress Users,Heavy Night Social Media Users | Lifestyle Risk Users | Moderately Social Users | High Stress Users
2952,train,3.2,6.6,1.2,1.4,high,3.14,0,Light / Rested Users,0,Healthy Lifestyle Users,2,Moderately Social Users,0,Low Stress Users,Light / Rested Users | Healthy Lifestyle Users | Moderately Social Users | Low Stress Users
2261,train,5.6,5.6,1.6,0.7,medium,2.64,1,Heavy Daytime Social Media Users,1,Lifestyle Risk Users,1,Low Activity Moderate Social Users,1,High Stress Users,Heavy Daytime Social Media Users | Lifestyle Risk Users | Low Activity Moderate Social Users | High Stress Users
2585,train,4.3,5.8,2.3,0.3,medium,2.4,2,Heavy Night Social Media Users,1,Lifestyle Risk Users,1,Low Activity Moderate Social Users,1,High Stress Users,Heavy Night Social Media Users | Lifestyle Risk Users | Low Activity Moderate Social Users | High Stress Users
1589,train,2.9,6.1,2.4,0.0,low,2.77,2,Heavy Night Social Media Users,1,Lifestyle Risk Users,0,Socially Isolated Users,0,Low Stress Users,Heavy Night Social Media Users | Lifestyle Risk Users | Socially Isolated Users | Low Stress Users
2136,train,7.6,4.0,2.9,1.1,low,2.17,2,Heavy Night Social Media Users,1,Lifestyle Risk Users,0,Socially Isolated Users,1,High Stress Users,Heavy Night Social Media Users | Lifestyle Risk Users | Socially Isolated Users | High Stress Users
3305,train,7.1,4.9,1.6,1.7,low,2.17,1,Heavy Daytime Social Media Users,1,Lifestyle Risk Users,0,Socially Isolated Users,1,High Stress Users,Heavy Daytime Social Media Users | Lifestyle Risk Users | Socially Isolated Users | High Stress Users
290,train,7.2,4.8,1.4,0.1,low,2.36,1,Heavy Daytime Social Media Users,1,Lifestyle Risk Users,0,Socially Isolated Users,1,High Stress Users,Heavy Daytime Social Media Users | Lifestyle Risk Users | Socially Isolated Users | High Stress Users
420,train,1.9,5.8,2.1,0.6,medium,2.27,0,Light / Rested Users,1,Lifestyle Risk Users,2,Moderately Social Users,0,Low Stress Users,Light / Rested Users | Lifestyle Risk Users | Moderately Social Users | Low Stress Users
2047,train,5.9,5.4,1.7,0.7,low,2.82,1,Heavy Daytime Social Media Users,1,Lifestyle Risk Users,0,Socially Isolated Users,1,High Stress Users,Heavy Daytime Social Media Users | Lifestyle Risk Users | Socially Isolated Users | High Stress Users
2282,train,3.4,7.3,0.8,0.7,high,3.13,0,Light / Rested Users,0,Healthy Lifestyle Users,1,Low Activity Moderate Social Users,0,Low Stress Users,Light / Rested Users | Healthy Lifestyle Users | Low Activity Moderate Social Users | Low Stress Users
2284,train,1.6,6.7,2.9,2.0,high,3.32,0,Light / Rested Users,0,Healthy Lifestyle Users,2,Moderately Social Users,0,Low Stress Users,Light / Rested Users | Healthy Lifestyle Users | Moderately Social Users | Low Stress Users
2350,train,6.2,5.4,1.9,0.8,high,2.22,2,Heavy Night Social Media Users,1,Lifestyle Risk Users,1,Low Activity Moderate Social Users,1,High Stress Users,Heavy Night Social Media Users | Lifestyle Risk Users | Low Activity Moderate Social Users | High Stress Users
3652,train,7.4,5.5,0.5,0.2,high,2.0,1,Heavy Daytime Social Media Users,1,Lifestyle Risk Users,1,Low Activity Moderate Social Users,1,High Stress Users,Heavy Daytime Social Media Users | Lifestyle Risk Users | Low Activity Moderate Social Users | High Stress Users
149,train,2.5,5.3,2.4,1.3,high,3.87,2,Heavy Night Social Media Users,0,Healthy Lifestyle Users,2,Moderately Social Users,1,High Stress Users,Heavy Night Social Media Users | Healthy Lifestyle Users | Moderately Social Users | High Stress Users
759,train,3.6,4.7,2.5,1.2,medium,2.73,2,Heavy Night Social Media Users,1,Lifestyle Risk Users,2,Moderately Social Users,1,High Stress Users,Heavy Night Social Media Users | Lifestyle Risk Users | Moderately Social Users | High Stress Users
717,train,2.5,4.2,1.4,0.7,high,3.9,2,Heavy Night Social Media Users,0,Healthy Lifestyle Users,2,Moderately Social Users,0,Low Stress Users,Heavy Night Social Media Users | Healthy Lifestyle Users | Moderately Social Users | Low Stress Users
2215,train,7.4,5.5,1.0,0.0,high,2.0,1,Heavy Daytime Social Media Users,1,Lifestyle Risk Users,1,Low Activity Moderate Social Users,1,High Stress Users,Heavy Daytime Social Media Users | Lifestyle Risk Users | Low Activity Moderate Social Users | High Stress Users
2163,train,1.8,6.7,2.2,0.4,low,3.49,0,Light / Rested Users,0,Healthy Lifestyle Users,0,Socially Isolated Users,0,Low Stress Users,Light / Rested Users | Healthy Lifestyle Users | Socially Isolated Users | Low Stress Users
1764,train,6.2,5.7,1.3,0.5,medium,2.07,1,Heavy Daytime Social Media Users,1,Lifestyle Risk Users,1,Low Activity Moderate Social Users,1,High Stress Users,Heavy Daytime Social Media Users | Lifestyle Risk Users | Low Activity Moderate Social Users | High Stress Users
3551,train,1.5,7.6,1.9,0.4,high,3.55,0,Light / Rested Users,0,Healthy Lifestyle Users,2,Moderately Social Users,0,Low Stress Users,Light / Rested Users | Healthy Lifestyle Users | Moderately Social Users | Low Stress Users
2705,train,7.9,4.2,2.6,1.3,medium,2.0,2,Heavy Night Social Media Users,1,Lifestyle Risk Users,1,Low Activity Moderate Social Users,1,High Stress Users,Heavy Night Social Media Users | Lifestyle Risk Users | Low Activity Moderate Social Users | High Stress Users
1580,train,7.6,5.8,0.8,2.0,medium,2.07,1,Heavy Daytime Social Media Users,1,Lifestyle Risk Users,1,Low Activity Moderate Social Users,1,High Stress Users,Heavy Daytime Social Media Users | Lifestyle Risk Users | Low Activity Moderate Social Users | High Stress Users
3311,train,6.5,5.2,1.9,0.9,high,2.0,2,Heavy Night Social Media Users,1,Lifestyle Risk Users,1,Low Activity Moderate Social Users,1,High Stress Users,Heavy Night Social Media Users | Lifestyle Risk Users | Low Activity Moderate Social Users | High Stress Users
2639,train,5.2,6.6,0.6,0.6,high,2.9,1,Heavy Daytime Social Media Users,0,Healthy Lifestyle Users,1,Low Activity Moderate Social Users,1,High Stress Users,Heavy Daytime Social Media Users | Healthy Lifestyle Users | Low Activity Moderate Social Users | High Stress Users
1283,train,2.0,6.8,0.7,0.2,low,3.52,0,Light / Rested Users,0,Healthy Lifestyle Users,0,Socially Isolated Users,0,Low Stress Users,Light / Rested Users | Healthy Lifestyle Users | Socially Isolated Users | Low Stress Users
3198,train,5.1,5.8,0.9,0.6,high,2.7,1,Heavy Daytime Social Media Users,1,Lifestyle Risk Users,1,Low Activity Moderate Social Users,1,High Stress Users,Heavy Daytime Social Media Users | Lifestyle Risk Users | Low Activity Moderate Social Users | High Stress Users
690,train,5.6,4.4,2.9,0.9,medium,3.19,2,Heavy Night Social Media Users,1,Lifestyle Risk Users,1,Low Activity Moderate Social Users,1,High Stress Users,Heavy Night Social Media Users | Lifestyle Risk Users | Low Activity Moderate Social Users | High Stress Users
1155,train,7.1,7.2,1.1,1.0,low,3.69,1,Heavy Daytime Social Media Users,0,Healthy Lifestyle Users,0,Socially Isolated Users,1,High Stress Users,Heavy Daytime Social Media Users | Healthy Lifestyle Users | Socially Isolated Users | High Stress Users
3309,train,5.4,4.6,2.8,0.1,high,2.02,2,Heavy Night Social Media Users,1,Lifestyle Risk Users,1,Low Activity Moderate Social Users,1,High Stress Users,Heavy Night Social Media Users | Lifestyle Risk Users | Low Activity Moderate Social Users | High Stress Users
1351,train,5.2,6.3,0.7,0.2,high,2.98,1,Heavy Daytime Social Media Users,1,Lifestyle Risk Users,1,Low Activity Moderate Social Users,1,High Stress Users,Heavy Daytime Social Media Users | Lifestyle Risk Users | Low Activity Moderate Social Users | High Stress Users
622,train,3.8,5.3,1.5,1.5,high,2.04,1,Heavy Daytime Social Media Users,1,Lifestyle Risk Users,2,Moderately Social Users,1,High Stress Users,Heavy Daytime Social Media Users | Lifestyle Risk Users | Moderately Social Users | High Stress Users
1780,train,4.6,5.5,1.0,1.5,high,2.96,1,Heavy Daytime Social Media Users,1,Lifestyle Risk Users,2,Moderately Social Users,1,High Stress Users,Heavy Daytime Social Media Users | Lifestyle Risk Users | Moderately Social Users | High Stress Users
1360,train,2.6,7.4,2.9,1.2,low,3.59,0,Light / Rested Users,0,Healthy Lifestyle Users,0,Socially Isolated Users,0,Low Stress Users,Light / Rested Users | Healthy Lifestyle Users | Socially Isolated Users | Low Stress Users
2169,train,3.2,7.6,2.1,0.8,medium,3.67,0,Light / Rested Users,0,Healthy Lifestyle Users,2,Moderately Social Users,0,Low Stress Users,Light / Rested Users | Healthy Lifestyle Users | Moderately Social Users | Low Stress Users
2719,train,4.2,6.3,1.4,0.7,low,3.16,1,Heavy Daytime Social Media Users,0,Healthy Lifestyle Users,0,Socially Isolated Users,0,Low Stress Users,Heavy Daytime Social Media Users | Healthy Lifestyle Users | Socially Isolated Users | Low Stress Users
707,train,4.0,5.1,1.1,1.3,medium,3.98,1,Heavy Daytime Social Media Users,0,Healthy Lifestyle Users,2,Moderately Social Users,0,Low Stress Users,Heavy Daytime Social Media Users | Healthy Lifestyle Users | Moderately Social Users | Low Stress Users
1960,train,2.7,7.7,1.5,1.7,low,3.85,0,Light / Rested Users,0,Healthy Lifestyle Users,0,Socially Isolated Users,0,Low Stress Users,Light / Rested Users | Healthy Lifestyle Users | Socially Isolated Users | Low Stress Users
3036,train,4.0,5.3,3.0,1.8,medium,2.65,2,Heavy Night Social Media Users,1,Lifestyle Risk Users,2,Moderately Social Users,0,Low Stress Users,Heavy Night Social Media Users | Lifestyle Risk Users | Moderately Social Users | Low Stress Users
2244,train,2.5,7.1,1.5,0.1,high,2.5,0,Light / Rested Users,0,Healthy Lifestyle Users,1,Low Activity Moderate Social Users,0,Low Stress Users,Light / Rested Users | Healthy Lifestyle Users | Low Activity Moderate Social Users | Low Stress Users
298,train,1.3,7.8,2.6,0.3,low,3.01,0,Light / Rested Users,0,Healthy Lifestyle Users,0,Socially Isolated Users,0,Low Stress Users,Light / Rested Users | Healthy Lifestyle Users | Socially Isolated Users | Low Stress Users
1700,train,7.7,4.9,0.6,1.6,medium,2.19,1,Heavy Daytime Social Media Users,1,Lifestyle Risk Users,1,Low Activity Moderate Social Users,1,High Stress Users,Heavy Daytime Social Media Users | Lifestyle Risk Users | Low Activity Moderate Social Users | High Stress Users
594,train,2.0,7.9,2.4,1.9,low,2.81,0,Light / Rested Users,0,Healthy Lifestyle Users,0,Socially Isolated Users,0,Low Stress Users,Light / Rested Users | Healthy Lifestyle Users | Socially Isolated Users | Low Stress Users
2909,train,6.3,5.2,2.4,1.4,low,2.57,2,Heavy Night Social Media Users,1,Lifestyle Risk Users,0,Socially Isolated Users,1,High Stress Users,Heavy Night Social Media Users | Lifestyle Risk Users | Socially Isolated Users | High Stress Users
1947,train,5.7,6.3,1.2,0.2,high,2.55,1,Heavy Daytime Social Media Users,1,Lifestyle Risk Users,1,Low Activity Moderate Social Users,1,High Stress Users,Heavy Daytime Social Media Users | Lifestyle Risk Users | Low Activity Moderate Social Users | High Stress Users
3034,train,3.7,6.1,2.6,1.1,medium,2.29,2,Heavy Night Social Media Users,1,Lifestyle Risk Users,2,Moderately Social Users,1,High Stress Users,Heavy Night Social Media Users | Lifestyle Risk Users | Moderately Social Users | High Stress Users
1688,train,4.9,5.7,1.7,0.5,low,2.56,1,Heavy Daytime Social Media Users,1,Lifestyle Risk Users,0,Socially Isolated Users,1,High Stress Users,Heavy Daytime Social Media Users | Lifestyle Risk Users | Socially Isolated Users | High Stress Users
3600,train,4.6,5.3,3.0,0.5,medium,2.73,2,Heavy Night Social Media Users,1,Lifestyle Risk Users,1,Low Activity Moderate Social Users,1,High Stress Users,Heavy Night Social Media Users | Lifestyle Risk Users | Low Activity Moderate Social Users | High Stress Users
2888,train,4.2,6.6,2.4,0.5,low,2.63,2,Heavy Night Social Media Users,1,Lifestyle Risk Users,0,Socially Isolated Users,1,High Stress Users,Heavy Night Social Media Users | Lifestyle Risk Users | Socially Isolated Users | High Stress Users
947,train,7.4,8.4,1.9,0.8,high,3.73,1,Heavy Daytime Social Media Users,0,Healthy Lifestyle Users,1,Low Activity Moderate Social Users,1,High Stress Users,Heavy Daytime Social Media Users | Healthy Lifestyle Users | Low Activity Moderate Social Users | High Stress Users
2003,train,2.5,5.8,2.7,0.6,low,2.94,2,Heavy Night Social Media Users,0,Healthy Lifestyle Users,0,Socially Isolated Users,0,Low Stress Users,Heavy Night Social Media Users | Healthy Lifestyle Users | Socially Isolated Users | Low Stress Users
1466,train,5.0,5.5,1.4,0.5,low,2.36,1,Heavy Daytime Social Media Users,1,Lifestyle Risk Users,0,Socially Isolated Users,1,High Stress Users,Heavy Daytime Social Media Users | Lifestyle Risk Users | Socially Isolated Users | High Stress Users
3665,train,4.9,5.5,2.3,0.2,medium,2.64,2,Heavy Night Social Media Users,1,Lifestyle Risk Users,1,Low Activity Moderate Social Users,1,High Stress Users,Heavy Night Social Media Users | Lifestyle Risk Users | Low Activity Moderate Social Users | High Stress Users
847,train,4.2,6.8,1.4,1.0,low,2.01,0,Light / Rested Users,1,Lifestyle Risk Users,0,Socially Isolated Users,0,Low Stress Users,Light / Rested Users | Lifestyle Risk Users | Socially Isolated Users | Low Stress Users
540,train,6.7,7.3,2.8,1.4,high,2.26,2,Heavy Night Social Media Users,1,Lifestyle Risk Users,1,Low Activity Moderate Social Users,1,High Stress Users,Heavy Night Social Media Users | Lifestyle Risk Users | Low Activity Moderate Social Users | High Stress Users
1592,train,7.1,4.0,2.5,0.4,low,2.0,2,Heavy Night Social Media Users,1,Lifestyle Risk Users,0,Socially Isolated Users,1,High Stress Users,Heavy Night Social Media Users | Lifestyle Risk Users | Socially Isolated Users | High Stress Users
3181,train,1.9,7.3,2.0,2.0,medium,3.39,0,Light / Rested Users,0,Healthy Lifestyle Users,2,Moderately Social Users,0,Low Stress Users,Light / Rested Users | Healthy Lifestyle Users | Moderately Social Users | Low Stress Users
1378,train,1.2,6.6,2.0,0.4,low,3.33,0,Light / Rested Users,0,Healthy Lifestyle Users,0,Socially Isolated Users,0,Low Stress Users,Light / Rested Users | Healthy Lifestyle Users | Socially Isolated Users | Low Stress Users
3294,train,6.3,5.7,1.1,1.4,low,2.18,1,Heavy Daytime Social Media Users,1,Lifestyle Risk Users,0,Socially Isolated Users,1,High Stress Users,Heavy Daytime Social Media Users | Lifestyle Risk Users | Socially Isolated Users | High Stress Users
2189,train,7.2,4.5,1.6,0.3,medium,2.34,1,Heavy Daytime Social Media Users,1,Lifestyle Risk Users,1,Low Activity Moderate Social Users,1,High Stress Users,Heavy Daytime Social Media Users | Lifestyle Risk Users | Low Activity Moderate Social Users | High Stress Users
3599,train,5.3,6.6,0.7,1.2,low,2.69,1,Heavy Daytime Social Media Users,1,Lifestyle Risk Users,0,Socially Isolated Users,1,High Stress Users,Heavy Daytime Social Media Users | Lifestyle Risk Users | Socially Isolated Users | High Stress Users
3154,train,2.8,6.3,1.5,0.8,low,3.04,0,Light / Rested Users,0,Healthy Lifestyle Users,0,Socially Isolated Users,0,Low Stress Users,Light / Rested Users | Healthy Lifestyle Users | Socially Isolated Users | Low Stress Users
1955,train,1.3,6.3,3.0,0.3,medium,3.3,0,Light / Rested Users,0,Healthy Lifestyle Users,2,Moderately Social Users,0,Low Stress Users,Light / Rested Users | Healthy Lifestyle Users | Moderately Social Users | Low Stress Users
1030,train,6.8,7.2,1.1,1.9,low,2.29,1,Heavy Daytime Social Media Users,1,Lifestyle Risk Users,0,Socially Isolated Users,1,High Stress Users,Heavy Daytime Social Media Users | Lifestyle Risk Users | Socially Isolated Users | High Stress Users
1506,train,5.5,6.4,0.7,0.5,medium,2.93,1,Heavy Daytime Social Media Users,1,Lifestyle Risk Users,1,Low Activity Moderate Social Users,1,High Stress Users,Heavy Daytime Social Media Users | Lifestyle Risk Users | Low Activity Moderate Social Users | High Stress Users
3679,train,5.8,5.0,1.4,0.5,high,2.0,1,Heavy Daytime Social Media Users,1,Lifestyle Risk Users,1,Low Activity Moderate Social Users,1,High Stress Users,Heavy Daytime Social Media Users | Lifestyle Risk Users | Low Activity Moderate Social Users | High Stress Users
1501,train,7.3,4.6,2.6,0.4,high,2.11,2,Heavy Night Social Media Users,1,Lifestyle Risk Users,1,Low Activity Moderate Social Users,1,High Stress Users,Heavy Night Social Media Users | Lifestyle Risk Users | Low Activity Moderate Social Users | High Stress Users
2629,train,6.1,5.6,1.3,0.5,high,2.52,1,Heavy Daytime Social Media Users,1,Lifestyle Risk Users,1,Low Activity Moderate Social Users,1,High Stress Users,Heavy Daytime Social Media Users | Lifestyle Risk Users | Low Activity Moderate Social Users | High Stress Users
1013,train,1.6,5.0,2.7,1.9,low,2.31,2,Heavy Night Social Media Users,1,Lifestyle Risk Users,0,Socially Isolated Users,1,High Stress Users,Heavy Night Social Media Users | Lifestyle Risk Users | Socially Isolated Users | High Stress Users
482,train,1.8,5.2,1.4,0.1,high,2.68,0,Light / Rested Users,1,Lifestyle Risk Users,1,Low Activity Moderate Social Users,0,Low Stress Users,Light / Rested Users | Lifestyle Risk Users | Low Activity Moderate Social Users | Low Stress Users
2531,train,5.9,5.6,0.8,0.5,medium,2.02,1,Heavy Daytime Social Media Users,1,Lifestyle Risk Users,1,Low Activity Moderate Social Users,1,High Stress Users,Heavy Daytime Social Media Users | Lifestyle Risk Users | Low Activity Moderate Social Users | High Stress Users
106,train,3.2,8.8,1.2,1.1,medium,3.71,0,Light / Rested Users,0,Healthy Lifestyle Users,2,Moderately Social Users,0,Low Stress Users,Light / Rested Users | Healthy Lifestyle Users | Moderately Social Users | Low Stress Users
3129,train,2.1,6.7,2.6,1.9,low,3.63,0,Light / Rested Users,0,Healthy Lifestyle Users,0,Socially Isolated Users,0,Low Stress Users,Light / Rested Users | Healthy Lifestyle Users | Socially Isolated Users | Low Stress Users
3519,train,7.4,4.4,2.0,0.4,high,2.0,2,Heavy Night Social Media Users,1,Lifestyle Risk Users,1,Low Activity Moderate Social Users,1,High Stress Users,Heavy Night Social Media Users | Lifestyle Risk Users | Low Activity Moderate Social Users | High Stress Users
615,train,2.5,5.3,0.8,0.4,high,3.12,1,Heavy Daytime Social Media Users,0,Healthy Lifestyle Users,1,Low Activity Moderate Social Users,0,Low Stress Users,Heavy Daytime Social Media Users | Healthy Lifestyle Users | Low Activity Moderate Social Users | Low Stress Users
1940,train,5.2,7.1,1.5,1.3,high,2.82,1,Heavy Daytime Social Media Users,0,Healthy Lifestyle Users,2,Moderately Social Users,0,Low Stress Users,Heavy Daytime Social Media Users | Healthy Lifestyle Users | Moderately Social Users | Low Stress Users
512,train,5.2,6.6,1.6,1.4,low,2.36,1,Heavy Daytime Social Media Users,1,Lifestyle Risk Users,0,Socially Isolated Users,0,Low Stress Users,Heavy Daytime Social Media Users | Lifestyle Risk Users | Socially Isolated Users | Low Stress Users
2071,train,1.4,7.7,0.8,0.3,low,3.82,0,Light / Rested Users,0,Healthy Lifestyle Users,0,Socially Isolated Users,0,Low Stress Users,Light / Rested Users | Healthy Lifestyle Users | Socially Isolated Users | Low Stress Users
1849,train,4.5,6.7,1.4,0.1,low,2.46,1,Heavy Daytime Social Media Users,1,Lifestyle Risk Users,0,Socially Isolated Users,1,High Stress Users,Heavy Daytime Social Media Users | Lifestyle Risk Users | Socially Isolated Users | High Stress Users
600,train,7.4,5.5,1.8,0.3,high,2.13,1,Heavy Daytime Social Media Users,1,Lifestyle Risk Users,1,Low Activity Moderate Social Users,1,High Stress Users,Heavy Daytime Social Media Users | Lifestyle Risk Users | Low Activity Moderate Social Users | High Stress Users
220,train,1.3,8.5,0.9,0.7,high,3.71,0,Light / Rested Users,0,Healthy Lifestyle Users,2,Moderately Social Users,0,Low Stress Users,Light / Rested Users | Healthy Lifestyle Users | Moderately Social Users | Low Stress Users
2729,train,3.0,6.0,2.9,0.9,medium,3.21,2,Heavy Night Social Media Users,0,Healthy Lifestyle Users,2,Moderately Social Users,0,Low Stress Users,Heavy Night Social Media Users | Healthy Lifestyle Users | Moderately Social Users | Low Stress Users
3103,train,2.2,7.4,0.7,0.1,low,3.4,0,Light / Rested Users,0,Healthy Lifestyle Users,0,Socially Isolated Users,0,Low Stress Users,Light / Rested Users | Healthy Lifestyle Users | Socially Isolated Users | Low Stress Users
1881,train,7.4,4.0,2.9,0.9,medium,2.0,2,Heavy Night Social Media Users,1,Lifestyle Risk Users,1,Low Activity Moderate Social Users,1,High Stress Users,Heavy Night Social Media Users | Lifestyle Risk Users | Low Activity Moderate Social Users | High Stress Users
1857,train,7.8,5.6,1.9,0.8,medium,2.15,1,Heavy Daytime Social Media Users,1,Lifestyle Risk Users,1,Low Activity Moderate Social Users,1,High Stress Users,Heavy Daytime Social Media Users | Lifestyle Risk Users | Low Activity Moderate Social Users | High Stress Users
1902,train,5.8,4.5,2.7,0.5,high,2.31,2,Heavy Night Social Media Users,1,Lifestyle Risk Users,1,Low Activity Moderate Social Users,1,High Stress Users,Heavy Night Social Media Users | Lifestyle Risk Users | Low Activity Moderate Social Users | High Stress Users
1926,train,2.8,8.0,1.0,0.8,medium,3.26,0,Light / Rested Users,0,Healthy Lifestyle Users,2,Moderately Social Users,0,Low Stress Users,Light / Rested Users | Healthy Lifestyle Users | Moderately Social Users | Low Stress Users
3019,train,7.2,4.0,2.3,0.2,medium,2.0,2,Heavy Night Social Media Users,1,Lifestyle Risk Users,1,Low Activity Moderate Social Users,1,High Stress Users,Heavy Night Social Media Users | Lifestyle Risk Users | Low Activity Moderate Social Users | High Stress Users
1323,train,3.9,6.6,1.7,2.0,high,2.91,0,Light / Rested Users,0,Healthy Lifestyle Users,2,Moderately Social Users,0,Low Stress Users,Light / Rested Users | Healthy Lifestyle Users | Moderately Social Users | Low Stress Users
1433,train,2.8,6.8,1.1,0.1,high,2.9,0,Light / Rested Users,0,Healthy Lifestyle Users,1,Low Activity Moderate Social Users,0,Low Stress Users,Light / Rested Users | Healthy Lifestyle Users | Low Activity Moderate Social Users | Low Stress Users
1694,train,4.4,6.6,0.9,0.1,medium,2.46,1,Heavy Daytime Social Media Users,1,Lifestyle Risk Users,1,Low Activity Moderate Social Users,0,Low Stress Users,Heavy Daytime Social Media Users | Lifestyle Risk Users | Low Activity Moderate Social Users | Low Stress Users
2421,train,5.1,6.4,1.6,1.7,low,3.15,1,Heavy Daytime Social Media Users,0,Healthy Lifestyle Users,0,Socially Isolated Users,1,High Stress Users,Heavy Daytime Social Media Users | Healthy Lifestyle Users | Socially Isolated Users | High Stress Users
1738,train,4.8,4.6,2.9,1.5,low,2.56,2,Heavy Night Social Media Users,1,Lifestyle Risk Users,0,Socially Isolated Users,1,High Stress Users,Heavy Night Social Media Users | Lifestyle Risk Users | Socially Isolated Users | High Stress Users
1573,train,3.8,6.3,1.7,0.6,medium,3.25,0,Light / Rested Users,0,Healthy Lifestyle Users,1,Low Activity Moderate Social Users,0,Low Stress Users,Light / Rested Users | Healthy Lifestyle Users | Low Activity Moderate Social Users | Low Stress Users
1165,train,5.5,8.2,0.5,1.2,medium,3.15,1,Heavy Daytime Social Media Users,0,Healthy Lifestyle Users,1,Low Activity Moderate Social Users,1,High Stress Users,Heavy Daytime Social Media Users | Healthy Lifestyle Users | Low Activity Moderate Social Users | High Stress Users
2642,train,5.9,5.7,2.1,1.3,low,2.73,2,Heavy Night Social Media Users,1,Lifestyle Risk Users,0,Socially Isolated Users,1,High Stress Users,Heavy Night Social Media Users | Lifestyle Risk Users | Socially Isolated Users | High Stress Users
1398,train,6.0,5.4,2.3,0.2,medium,2.45,2,Heavy Night Social Media Users,1,Lifestyle Risk Users,1,Low Activity Moderate Social Users,1,High Stress Users,Heavy Night Social Media Users | Lifestyle Risk Users | Low Activity Moderate Social Users | High Stress Users
913,train,5.1,6.3,1.6,0.1,medium,2.7,1,Heavy Daytime Social Media Users,1,Lifestyle Risk Users,1,Low Activity Moderate Social Users,0,Low Stress Users,Heavy Daytime Social Media Users | Lifestyle Risk Users | Low Activity Moderate Social Users | Low Stress Users
375,train,7.9,8.8,2.3,0.5,low,3.39,0,Light / Rested Users,0,Healthy Lifestyle Users,0,Socially Isolated Users,0,Low Stress Users,Light / Rested Users | Healthy Lifestyle Users | Socially Isolated Users | Low Stress Users
3095,train,1.8,6.9,2.7,1.8,low,3.34,0,Light / Rested Users,0,Healthy Lifestyle Users,0,Socially Isolated Users,0,Low Stress Users,Light / Rested Users | Healthy Lifestyle Users | Socially Isolated Users | Low Stress Users
1143,train,5.9,6.6,1.3,1.4,low,2.11,1,Heavy Daytime Social Media Users,1,Lifestyle Risk Users,0,Socially Isolated Users,1,High Stress Users,Heavy Daytime Social Media Users | Lifestyle Risk Users | Socially Isolated Users | High Stress Users
1470,train,7.1,4.9,1.0,0.4,low,2.21,1,Heavy Daytime Social Media Users,1,Lifestyle Risk Users,0,Socially Isolated Users,1,High Stress Users,Heavy Daytime Social Media Users | Lifestyle Risk Users | Socially Isolated Users | High Stress Users
1122,train,5.8,5.1,1.2,0.4,high,3.24,1,Heavy Daytime Social Media Users,1,Lifestyle Risk Users,1,Low Activity Moderate Social Users,1,High Stress Users,Heavy Daytime Social Media Users | Lifestyle Risk Users | Low Activity Moderate Social Users | High Stress Users
1012,train,4.0,4.2,0.9,1.0,high,2.75,1,Heavy Daytime Social Media Users,1,Lifestyle Risk Users,2,Moderately Social Users,1,High Stress Users,Heavy Daytime Social Media Users | Lifestyle Risk Users | Moderately Social Users | High Stress Users
2092,train,4.6,6.3,1.4,0.5,low,2.56,1,Heavy Daytime Social Media Users,1,Lifestyle Risk Users,0,Socially Isolated Users,0,Low Stress Users,Heavy Daytime Social Media Users | Lifestyle Risk Users | Socially Isolated Users | Low Stress Users
1004,train,2.2,7.1,1.1,1.5,low,2.5,0,Light / Rested Users,0,Healthy Lifestyle Users,0,Socially Isolated Users,0,Low Stress Users,Light / Rested Users | Healthy Lifestyle Users | Socially Isolated Users | Low Stress Users
3668,train,5.0,6.3,0.7,1.7,high,2.86,1,Heavy Daytime Social Media Users,0,Healthy Lifestyle Users,2,Moderately Social Users,0,Low Stress Users,Heavy Daytime Social Media Users | Healthy Lifestyle Users | Moderately Social Users | Low Stress Users
63,train,2.5,6.7,2.0,1.7,high,2.56,0,Light / Rested Users,0,Healthy Lifestyle Users,2,Moderately Social Users,0,Low Stress Users,Light / Rested Users | Healthy Lifestyle Users | Moderately Social Users | Low Stress Users
1362,train,6.2,7.1,0.7,0.8,medium,2.89,1,Heavy Daytime Social Media Users,0,Healthy Lifestyle Users,1,Low Activity Moderate Social Users,1,High Stress Users,Heavy Daytime Social Media Users | Healthy Lifestyle Users | Low Activity Moderate Social Users | High Stress Users
28,train,2.5,5.6,2.9,0.5,low,2.24,2,Heavy Night Social Media Users,1,Lifestyle Risk Users,0,Socially Isolated Users,0,Low Stress Users,Heavy Night Social Media Users | Lifestyle Risk Users | Socially Isolated Users | Low Stress Users
2305,train,2.8,6.2,2.0,0.3,high,3.1,0,Light / Rested Users,0,Healthy Lifestyle Users,1,Low Activity Moderate Social Users,0,Low Stress Users,Light / Rested Users | Healthy Lifestyle Users | Low Activity Moderate Social Users | Low Stress Users
3673,train,7.9,6.4,0.5,0.8,medium,2.06,1,Heavy Daytime Social Media Users,1,Lifestyle Risk Users,1,Low Activity Moderate Social Users,1,High Stress Users,Heavy Daytime Social Media Users | Lifestyle Risk Users | Low Activity Moderate Social Users | High Stress Users
1192,train,7.8,5.9,1.5,1.9,high,3.31,1,Heavy Daytime Social Media Users,1,Lifestyle Risk Users,1,Low Activity Moderate Social Users,1,High Stress Users,Heavy Daytime Social Media Users | Lifestyle Risk Users | Low Activity Moderate Social Users | High Stress Users
2077,train,1.9,7.4,1.4,1.9,high,4.0,0,Light / Rested Users,0,Healthy Lifestyle Users,2,Moderately Social Users,0,Low Stress Users,Light / Rested Users | Healthy Lifestyle Users | Moderately Social Users | Low Stress Users
2206,train,2.6,6.7,1.3,0.2,medium,3.57,0,Light / Rested Users,0,Healthy Lifestyle Users,1,Low Activity Moderate Social Users,0,Low Stress Users,Light / Rested Users | Healthy Lifestyle Users | Low Activity Moderate Social Users | Low Stress Users
566,train,4.7,7.9,2.9,0.7,high,2.54,0,Light / Rested Users,1,Lifestyle Risk Users,1,Low Activity Moderate Social Users,0,Low Stress Users,Light / Rested Users | Lifestyle Risk Users | Low Activity Moderate Social Users | Low Stress Users
510,train,5.5,7.4,2.9,1.1,high,3.54,2,Heavy Night Social Media Users,0,Healthy Lifestyle Users,1,Low Activity Moderate Social Users,1,High Stress Users,Heavy Night Social Media Users | Healthy Lifestyle Users | Low Activity Moderate Social Users | High Stress Users
2001,train,2.4,8.0,0.8,0.3,high,3.49,0,Light / Rested Users,0,Healthy Lifestyle Users,1,Low Activity Moderate Social Users,0,Low Stress Users,Light / Rested Users | Healthy Lifestyle Users | Low Activity Moderate Social Users | Low Stress Users
992,train,2.0,4.7,1.1,0.0,high,2.51,1,Heavy Daytime Social Media Users,1,Lifestyle Risk Users,1,Low Activity Moderate Social Users,0,Low Stress Users,Heavy Daytime Social Media Users | Lifestyle Risk Users | Low Activity Moderate Social Users | Low Stress Users
645,train,3.7,6.3,1.3,1.1,medium,2.7,0,Light / Rested Users,0,Healthy Lifestyle Users,2,Moderately Social Users,0,Low Stress Users,Light / Rested Users | Healthy Lifestyle Users | Moderately Social Users | Low Stress Users
3335,train,4.3,7.4,0.7,0.3,low,3.35,0,Light / Rested Users,0,Healthy Lifestyle Users,0,Socially Isolated Users,0,Low Stress Users,Light / Rested Users | Healthy Lifestyle Users | Socially Isolated Users | Low Stress Users
2686,train,4.1,5.7,2.5,1.2,high,2.43,2,Heavy Night Social Media Users,1,Lifestyle Risk Users,2,Moderately Social Users,1,High Stress Users,Heavy Night Social Media Users | Lifestyle Risk Users | Moderately Social Users | High Stress Users
1254,train,7.3,4.3,2.8,0.5,medium,2.0,2,Heavy Night Social Media Users,1,Lifestyle Risk Users,1,Low Activity Moderate Social Users,1,High Stress Users,Heavy Night Social Media Users | Lifestyle Risk Users | Low Activity Moderate Social Users | High Stress Users
2814,train,1.7,7.2,0.7,0.6,low,3.63,0,Light / Rested Users,0,Healthy Lifestyle Users,0,Socially Isolated Users,0,Low Stress Users,Light / Rested Users | Healthy Lifestyle Users | Socially Isolated Users | Low Stress Users
1305,train,3.8,7.2,0.6,1.7,medium,3.31,0,Light / Rested Users,0,Healthy Lifestyle Users,2,Moderately Social Users,0,Low Stress Users,Light / Rested Users | Healthy Lifestyle Users | Moderately Social Users | Low Stress Users
2440,train,1.3,6.3,2.1,1.9,high,3.82,0,Light / Rested Users,0,Healthy Lifestyle Users,2,Moderately Social Users,0,Low Stress Users,Light / Rested Users | Healthy Lifestyle Users | Moderately Social Users | Low Stress Users
3677,train,4.1,7.2,0.7,1.1,medium,3.32,0,Light / Rested Users,0,Healthy Lifestyle Users,2,Moderately Social Users,0,Low Stress Users,Light / Rested Users | Healthy Lifestyle Users | Moderately Social Users | Low Stress Users
3624,train,1.5,6.9,2.3,0.1,high,3.15,0,Light / Rested Users,0,Healthy Lifestyle Users,1,Low Activity Moderate Social Users,0,Low Stress Users,Light / Rested Users | Healthy Lifestyle Users | Low Activity Moderate Social Users | Low Stress Users
3291,train,7.9,4.3,2.3,0.0,high,2.02,2,Heavy Night Social Media Users,1,Lifestyle Risk Users,1,Low Activity Moderate Social Users,1,High Stress Users,Heavy Night Social Media Users | Lifestyle Risk Users | Low Activity Moderate Social Users | High Stress Users
481,train,2.3,8.8,1.0,2.0,medium,2.51,0,Light / Rested Users,0,Healthy Lifestyle Users,2,Moderately Social Users,0,Low Stress Users,Light / Rested Users | Healthy Lifestyle Users | Moderately Social Users | Low Stress Users
1067,train,2.9,5.8,1.6,1.1,medium,3.34,0,Light / Rested Users,0,Healthy Lifestyle Users,2,Moderately Social Users,1,High Stress Users,Light / Rested Users | Healthy Lifestyle Users | Moderately Social Users | High Stress Users
175,train,7.0,6.3,1.6,0.5,medium,2.55,1,Heavy Daytime Social Media Users,1,Lifestyle Risk Users,1,Low Activity Moderate Social Users,1,High Stress Users,Heavy Daytime Social Media Users | Lifestyle Risk Users | Low Activity Moderate Social Users | High Stress Users
702,train,7.3,7.3,2.8,0.3,low,2.46,2,Heavy Night Social Media Users,1,Lifestyle Risk Users,0,Socially Isolated Users,1,High Stress Users,Heavy Night Social Media Users | Lifestyle Risk Users | Socially Isolated Users | High Stress Users
2947,train,1.4,7.9,1.6,0.5,medium,3.73,0,Light / Rested Users,0,Healthy Lifestyle Users,2,Moderately Social Users,0,Low Stress Users,Light / Rested Users | Healthy Lifestyle Users | Moderately Social Users | Low Stress Users
1468,train,5.9,6.1,0.7,0.1,low,2.58,1,Heavy Daytime Social Media Users,1,Lifestyle Risk Users,0,Socially Isolated Users,1,High Stress Users,Heavy Daytime Social Media Users | Lifestyle Risk Users | Socially Isolated Users | High Stress Users
3485,train,2.8,5.9,2.4,1.3,high,3.19,2,Heavy Night Social Media Users,0,Healthy Lifestyle Users,2,Moderately Social Users,0,Low Stress Users,Heavy Night Social Media Users | Healthy Lifestyle Users | Moderately Social Users | Low Stress Users
2028,train,6.6,4.8,2.5,0.5,medium,2.4,2,Heavy Night Social Media Users,1,Lifestyle Risk Users,1,Low Activity Moderate Social Users,1,High Stress Users,Heavy Night Social Media Users | Lifestyle Risk Users | Low Activity Moderate Social Users | High Stress Users
2649,train,3.7,7.2,2.6,1.9,high,3.2,0,Light / Rested Users,0,Healthy Lifestyle Users,2,Moderately Social Users,0,Low Stress Users,Light / Rested Users | Healthy Lifestyle Users | Moderately Social Users | Low Stress Users
349,train,1.8,6.0,2.3,1.0,medium,3.22,0,Light / Rested Users,0,Healthy Lifestyle Users,2,Moderately Social Users,0,Low Stress Users,Light / Rested Users | Healthy Lifestyle Users | Moderately Social Users | Low Stress Users
238,train,2.4,6.2,1.6,0.0,medium,2.38,0,Light / Rested Users,1,Lifestyle Risk Users,1,Low Activity Moderate Social Users,0,Low Stress Users,Light / Rested Users | Lifestyle Risk Users | Low Activity Moderate Social Users | Low Stress Users
365,train,7.3,7.2,0.5,1.9,low,2.78,1,Heavy Daytime Social Media Users,0,Healthy Lifestyle Users,0,Socially Isolated Users,1,High Stress Users,Heavy Daytime Social Media Users | Healthy Lifestyle Users | Socially Isolated Users | High Stress Users
2825,train,1.8,7.3,2.3,0.1,high,3.16,0,Light / Rested Users,0,Healthy Lifestyle Users,1,Low Activity Moderate Social Users,0,Low Stress Users,Light / Rested Users | Healthy Lifestyle Users | Low Activity Moderate Social Users | Low Stress Users
2761,train,4.1,5.9,2.2,0.5,low,2.76,2,Heavy Night Social Media Users,1,Lifestyle Risk Users,0,Socially Isolated Users,1,High Stress Users,Heavy Night Social Media Users | Lifestyle Risk Users | Socially Isolated Users | High Stress Users
2687,train,3.2,5.4,1.5,0.9,high,2.71,1,Heavy Daytime Social Media Users,1,Lifestyle Risk Users,2,Moderately Social Users,0,Low Stress Users,Heavy Daytime Social Media Users | Lifestyle Risk Users | Moderately Social Users | Low Stress Users
411,train,2.8,6.1,2.9,1.8,medium,2.98,2,Heavy Night Social Media Users,0,Healthy Lifestyle Users,2,Moderately Social Users,0,Low Stress Users,Heavy Night Social Media Users | Healthy Lifestyle Users | Moderately Social Users | Low Stress Users
1098,train,4.3,7.8,0.5,0.7,high,3.92,0,Light / Rested Users,0,Healthy Lifestyle Users,1,Low Activity Moderate Social Users,0,Low Stress Users,Light / Rested Users | Healthy Lifestyle Users | Low Activity Moderate Social Users | Low Stress Users
2549,train,2.3,6.2,1.8,1.1,high,2.99,0,Light / Rested Users,0,Healthy Lifestyle Users,2,Moderately Social Users,0,Low Stress Users,Light / Rested Users | Healthy Lifestyle Users | Moderately Social Users | Low Stress Users
2051,train,2.6,7.0,2.1,0.9,high,3.17,0,Light / Rested Users,0,Healthy Lifestyle Users,2,Moderately Social Users,0,Low Stress Users,Light / Rested Users | Healthy Lifestyle Users | Moderately Social Users | Low Stress Users
2221,train,6.9,5.5,0.8,1.8,medium,2.35,1,Heavy Daytime Social Media Users,1,Lifestyle Risk Users,1,Low Activity Moderate Social Users,1,High Stress Users,Heavy Daytime Social Media Users | Lifestyle Risk Users | Low Activity Moderate Social Users | High Stress Users
2557,train,7.6,4.9,2.7,1.4,low,2.03,2,Heavy Night Social Media Users,1,Lifestyle Risk Users,0,Socially Isolated Users,1,High Stress Users,Heavy Night Social Media Users | Lifestyle Risk Users | Socially Isolated Users | High Stress Users
1628,train,5.4,5.9,0.7,1.6,high,2.81,1,Heavy Daytime Social Media Users,1,Lifestyle Risk Users,2,Moderately Social Users,1,High Stress Users,Heavy Daytime Social Media Users | Lifestyle Risk Users | Moderately Social Users | High Stress Users
3336,train,4.4,5.7,2.0,0.7,medium,2.63,2,Heavy Night Social Media Users,1,Lifestyle Risk Users,1,Low Activity Moderate Social Users,1,High Stress Users,Heavy Night Social Media Users | Lifestyle Risk Users | Low Activity Moderate Social Users | High Stress Users
2175,train,2.0,6.6,0.9,0.2,medium,3.4,0,Light / Rested Users,0,Healthy Lifestyle Users,0,Socially Isolated Users,0,Low Stress Users,Light / Rested Users | Healthy Lifestyle Users | Socially Isolated Users | Low Stress Users
965,train,5.3,6.8,2.9,0.8,medium,2.18,2,Heavy Night Social Media Users,1,Lifestyle Risk Users,1,Low Activity Moderate Social Users,1,High Stress Users,Heavy Night Social Media Users | Lifestyle Risk Users | Low Activity Moderate Social Users | High Stress Users
2157,train,3.5,6.4,2.0,1.8,medium,3.5,0,Light / Rested Users,0,Healthy Lifestyle Users,2,Moderately Social Users,0,Low Stress Users,Light / Rested Users | Healthy Lifestyle Users | Moderately Social Users | Low Stress Users
452,train,8.0,8.1,1.2,1.0,low,2.13,1,Heavy Daytime Social Media Users,1,Lifestyle Risk Users,0,Socially Isolated Users,0,Low Stress Users,Heavy Daytime Social Media Users | Lifestyle Risk Users | Socially Isolated Users | Low Stress Users
2594,train,4.2,6.3,1.8,0.8,low,3.16,0,Light / Rested Users,0,Healthy Lifestyle Users,0,Socially Isolated Users,0,Low Stress Users,Light / Rested Users | Healthy Lifestyle Users | Socially Isolated Users | Low Stress Users
2728,train,1.9,7.2,1.2,1.8,low,3.75,0,Light / Rested Users,0,Healthy Lifestyle Users,0,Socially Isolated Users,0,Low Stress Users,Light / Rested Users | Healthy Lifestyle Users | Socially Isolated Users | Low Stress Users
547,train,6.8,4.7,0.6,0.9,low,3.4,1,Heavy Daytime Social Media Users,1,Lifestyle Risk Users,0,Socially Isolated Users,1,High Stress Users,Heavy Daytime Social Media Users | Lifestyle Risk Users | Socially Isolated Users | High Stress Users
1944,train,6.0,5.8,0.6,1.6,low,2.8,1,Heavy Daytime Social Media Users,1,Lifestyle Risk Users,0,Socially Isolated Users,1,High Stress Users,Heavy Daytime Social Media Users | Lifestyle Risk Users | Socially Isolated Users | High Stress Users
2219,train,3.4,5.4,2.1,0.4,high,2.8,2,Heavy Night Social Media Users,1,Lifestyle Risk Users,1,Low Activity Moderate Social Users,1,High Stress Users,Heavy Night Social Media Users | Lifestyle Risk Users | Low Activity Moderate Social Users | High Stress Users
679,train,2.1,4.1,1.6,1.8,high,2.12,2,Heavy Night Social Media Users,1,Lifestyle Risk Users,2,Moderately Social Users,1,High Stress Users,Heavy Night Social Media Users | Lifestyle Risk Users | Moderately Social Users | High Stress Users
2279,train,3.8,6.4,1.9,0.6,high,2.83,0,Light / Rested Users,0,Healthy Lifestyle Users,1,Low Activity Moderate Social Users,0,Low Stress Users,Light / Rested Users | Healthy Lifestyle Users | Low Activity Moderate Social Users | Low Stress Users
500,train,7.1,4.8,2.1,0.9,high,2.51,2,Heavy Night Social Media Users,1,Lifestyle Risk Users,1,Low Activity Moderate Social Users,0,Low Stress Users,Heavy Night Social Media Users | Lifestyle Risk Users | Low Activity Moderate Social Users | Low Stress Users
3319,train,5.2,6.1,2.0,0.6,high,2.66,2,Heavy Night Social Media Users,1,Lifestyle Risk Users,1,Low Activity Moderate Social Users,1,High Stress Users,Heavy Night Social Media Users | Lifestyle Risk Users | Low Activity Moderate Social Users | High Stress Users
2601,train,3.8,5.8,1.5,1.7,medium,2.64,1,Heavy Daytime Social Media Users,1,Lifestyle Risk Users,2,Moderately Social Users,0,Low Stress Users,Heavy Daytime Social Media Users | Lifestyle Risk Users | Moderately Social Users | Low Stress Users
467,train,6.3,7.9,1.7,0.3,medium,2.85,1,Heavy Daytime Social Media Users,0,Healthy Lifestyle Users,1,Low Activity Moderate Social Users,0,Low Stress Users,Heavy Daytime Social Media Users | Healthy Lifestyle Users | Low Activity Moderate Social Users | Low Stress Users
1868,train,6.1,6.1,0.7,1.6,low,3.18,1,Heavy Daytime Social Media Users,0,Healthy Lifestyle Users,0,Socially Isolated Users,1,High Stress Users,Heavy Daytime Social Media Users | Healthy Lifestyle Users | Socially Isolated Users | High Stress Users
3111,train,6.7,4.1,2.5,1.8,low,2.0,2,Heavy Night Social Media Users,1,Lifestyle Risk Users,0,Socially Isolated Users,1,High Stress Users,Heavy Night Social Media Users | Lifestyle Risk Users | Socially Isolated Users | High Stress Users
2645,train,5.3,7.2,1.0,0.4,low,2.85,1,Heavy Daytime Social Media Users,0,Healthy Lifestyle Users,0,Socially Isolated Users,0,Low Stress Users,Heavy Daytime Social Media Users | Healthy Lifestyle Users | Socially Isolated Users | Low Stress Users
2419,train,5.0,5.7,1.6,0.1,high,2.32,1,Heavy Daytime Social Media Users,1,Lifestyle Risk Users,1,Low Activity Moderate Social Users,1,High Stress Users,Heavy Daytime Social Media Users | Lifestyle Risk Users | Low Activity Moderate Social Users | High Stress Users
3017,train,1.3,8.0,2.1,1.9,high,3.92,0,Light / Rested Users,0,Healthy Lifestyle Users,2,Moderately Social Users,0,Low Stress Users,Light / Rested Users | Healthy Lifestyle Users | Moderately Social Users | Low Stress Users
3096,train,5.1,6.3,2.4,0.5,low,2.65,2,Heavy Night Social Media Users,1,Lifestyle Risk Users,0,Socially Isolated Users,1,High Stress Users,Heavy Night Social Media Users | Lifestyle Risk Users | Socially Isolated Users | High Stress Users
2607,train,4.1,6.1,1.9,0.4,high,3.0,2,Heavy Night Social Media Users,1,Lifestyle Risk Users,1,Low Activity Moderate Social Users,0,Low Stress Users,Heavy Night Social Media Users | Lifestyle Risk Users | Low Activity Moderate Social Users | Low Stress Users
1647,train,2.1,5.9,1.9,0.4,medium,3.37,0,Light / Rested Users,0,Healthy Lifestyle Users,2,Moderately Social Users,0,Low Stress Users,Light / Rested Users | Healthy Lifestyle Users | Moderately Social Users | Low Stress Users
1460,train,5.7,6.6,1.1,0.3,low,2.65,1,Heavy Daytime Social Media Users,1,Lifestyle Risk Users,0,Socially Isolated Users,1,High Stress Users,Heavy Daytime Social Media Users | Lifestyle Risk Users | Socially Isolated Users | High Stress Users
3421,train,1.8,7.1,1.2,1.8,medium,3.77,0,Light / Rested Users,0,Healthy Lifestyle Users,2,Moderately Social Users,0,Low Stress Users,Light / Rested Users | Healthy Lifestyle Users | Moderately Social Users | Low Stress Users
1187,train,2.0,8.9,0.8,0.5,medium,2.96,0,Light / Rested Users,0,Healthy Lifestyle Users,2,Moderately Social Users,0,Low Stress Users,Light / Rested Users | Healthy Lifestyle Users | Moderately Social Users | Low Stress Users
590,train,3.5,4.2,1.5,0.4,medium,3.98,2,Heavy Night Social Media Users,0,Healthy Lifestyle Users,1,Low Activity Moderate Social Users,0,Low Stress Users,Heavy Night Social Media Users | Healthy Lifestyle Users | Low Activity Moderate Social Users | Low Stress Users
770,train,5.5,5.2,1.4,0.9,medium,3.24,1,Heavy Daytime Social Media Users,1,Lifestyle Risk Users,1,Low Activity Moderate Social Users,1,High Stress Users,Heavy Daytime Social Media Users | Lifestyle Risk Users | Low Activity Moderate Social Users | High Stress Users
2109,train,6.6,5.5,1.0,0.4,medium,2.0,1,Heavy Daytime Social Media Users,1,Lifestyle Risk Users,1,Low Activity Moderate Social Users,1,High Stress Users,Heavy Daytime Social Media Users | Lifestyle Risk Users | Low Activity Moderate Social Users | High Stress Users
2447,train,2.4,6.6,2.7,0.9,low,3.3,0,Light / Rested Users,0,Healthy Lifestyle Users,0,Socially Isolated Users,0,Low Stress Users,Light / Rested Users | Healthy Lifestyle Users | Socially Isolated Users | Low Stress Users
3613,train,2.7,6.2,2.9,0.6,medium,2.85,2,Heavy Night Social Media Users,0,Healthy Lifestyle Users,2,Moderately Social Users,0,Low Stress Users,Heavy Night Social Media Users | Healthy Lifestyle Users | Moderately Social Users | Low Stress Users
3699,train,7.9,4.4,1.8,0.5,high,2.42,2,Heavy Night Social Media Users,1,Lifestyle Risk Users,1,Low Activity Moderate Social Users,1,High Stress Users,Heavy Night Social Media Users | Lifestyle Risk Users | Low Activity Moderate Social Users | High Stress Users
3441,train,2.7,7.8,0.6,0.6,medium,3.4,0,Light / Rested Users,0,Healthy Lifestyle Users,2,Moderately Social Users,0,Low Stress Users,Light / Rested Users | Healthy Lifestyle Users | Moderately Social Users | Low Stress Users
606,train,4.5,4.9,0.5,1.2,medium,3.44,1,Heavy Daytime Social Media Users,0,Healthy Lifestyle Users,2,Moderately Social Users,0,Low Stress Users,Heavy Daytime Social Media Users | Healthy Lifestyle Users | Moderately Social Users | Low Stress Users
3623,train,3.9,7.0,0.5,1.4,high,3.33,1,Heavy Daytime Social Media Users,0,Healthy Lifestyle Users,2,Moderately Social Users,0,Low Stress Users,Heavy Daytime Social Media Users | Healthy Lifestyle Users | Moderately Social Users | Low Stress Users
2652,train,6.5,4.5,2.7,0.5,medium,2.36,2,Heavy Night Social Media Users,1,Lifestyle Risk Users,1,Low Activity Moderate Social Users,1,High Stress Users,Heavy Night Social Media Users | Lifestyle Risk Users | Low Activity Moderate Social Users | High Stress Users
2974,train,3.2,7.3,1.3,0.3,medium,2.88,0,Light / Rested Users,0,Healthy Lifestyle Users,1,Low Activity Moderate Social Users,0,Low Stress Users,Light / Rested Users | Healthy Lifestyle Users | Low Activity Moderate Social Users | Low Stress Users
665,train,4.1,5.5,1.9,1.5,low,2.65,2,Heavy Night Social Media Users,1,Lifestyle Risk Users,0,Socially Isolated Users,1,High Stress Users,Heavy Night Social Media Users | Lifestyle Risk Users | Socially Isolated Users | High Stress Users
3318,train,7.1,4.4,2.7,1.8,medium,2.09,2,Heavy Night Social Media Users,1,Lifestyle Risk Users,1,Low Activity Moderate Social Users,1,High Stress Users,Heavy Night Social Media Users | Lifestyle Risk Users | Low Activity Moderate Social Users | High Stress Users
535,train,2.2,5.8,2.0,1.9,low,3.63,0,Light / Rested Users,0,Healthy Lifestyle Users,0,Socially Isolated Users,0,Low Stress Users,Light / Rested Users | Healthy Lifestyle Users | Socially Isolated Users | Low Stress Users
1403,train,6.5,4.5,2.5,1.3,medium,2.27,2,Heavy Night Social Media Users,1,Lifestyle Risk Users,1,Low Activity Moderate Social Users,1,High Stress Users,Heavy Night Social Media Users | Lifestyle Risk Users | Low Activity Moderate Social Users | High Stress Users
3629,train,1.1,6.2,2.8,2.0,high,3.89,0,Light / Rested Users,0,Healthy Lifestyle Users,2,Moderately Social Users,0,Low Stress Users,Light / Rested Users | Healthy Lifestyle Users | Moderately Social Users | Low Stress Users
2386,train,1.7,5.5,2.1,0.9,low,3.01,0,Light / Rested Users,0,Healthy Lifestyle Users,0,Socially Isolated Users,0,Low Stress Users,Light / Rested Users | Healthy Lifestyle Users | Socially Isolated Users | Low Stress Users
163,train,7.8,5.3,0.5,0.8,low,2.32,1,Heavy Daytime Social Media Users,1,Lifestyle Risk Users,0,Socially Isolated Users,1,High Stress Users,Heavy Daytime Social Media Users | Lifestyle Risk Users | Socially Isolated Users | High Stress Users
3459,train,5.2,6.2,0.5,1.9,medium,2.78,1,Heavy Daytime Social Media Users,0,Healthy Lifestyle Users,2,Moderately Social Users,0,Low Stress Users,Heavy Daytime Social Media Users | Healthy Lifestyle Users | Moderately Social Users | Low Stress Users
2872,train,7.8,4.6,2.9,0.2,medium,2.54,2,Heavy Night Social Media Users,1,Lifestyle Risk Users,1,Low Activity Moderate Social Users,1,High Stress Users,Heavy Night Social Media Users | Lifestyle Risk Users | Low Activity Moderate Social Users | High Stress Users
3265,train,5.0,6.4,0.7,1.5,medium,2.93,1,Heavy Daytime Social Media Users,0,Healthy Lifestyle Users,2,Moderately Social Users,0,Low Stress Users,Heavy Daytime Social Media Users | Healthy Lifestyle Users | Moderately Social Users | Low Stress Users
1027,train,5.5,5.5,1.8,0.0,high,2.24,2,Heavy Night Social Media Users,1,Lifestyle Risk Users,1,Low Activity Moderate Social Users,0,Low Stress Users,Heavy Night Social Media Users | Lifestyle Risk Users | Low Activity Moderate Social Users | Low Stress Users
358,train,2.4,8.4,1.6,1.1,low,2.82,0,Light / Rested Users,0,Healthy Lifestyle Users,0,Socially Isolated Users,0,Low Stress Users,Light / Rested Users | Healthy Lifestyle Users | Socially Isolated Users | Low Stress Users
495,train,5.8,8.9,1.1,1.9,medium,2.08,0,Light / Rested Users,0,Healthy Lifestyle Users,2,Moderately Social Users,0,Low Stress Users,Light / Rested Users | Healthy Lifestyle Users | Moderately Social Users | Low Stress Users
3521,train,4.8,6.3,1.6,1.5,medium,2.82,1,Heavy Daytime Social Media Users,1,Lifestyle Risk Users,2,Moderately Social Users,1,High Stress Users,Heavy Daytime Social Media Users | Lifestyle Risk Users | Moderately Social Users | High Stress Users
176,train,6.2,6.3,1.7,1.1,high,2.26,1,Heavy Daytime Social Media Users,1,Lifestyle Risk Users,1,Low Activity Moderate Social Users,1,High Stress Users,Heavy Daytime Social Media Users | Lifestyle Risk Users | Low Activity Moderate Social Users | High Stress Users
3269,train,1.1,7.5,2.5,0.9,medium,3.44,0,Light / Rested Users,0,Healthy Lifestyle Users,2,Moderately Social Users,0,Low Stress Users,Light / Rested Users | Healthy Lifestyle Users | Moderately Social Users | Low Stress Users
2665,train,4.1,6.7,1.0,0.9,medium,2.89,1,Heavy Daytime Social Media Users,0,Healthy Lifestyle Users,1,Low Activity Moderate Social Users,0,Low Stress Users,Heavy Daytime Social Media Users | Healthy Lifestyle Users | Low Activity Moderate Social Users | Low Stress Users
3142,train,4.0,6.3,1.6,1.1,low,3.19,0,Light / Rested Users,0,Healthy Lifestyle Users,0,Socially Isolated Users,0,Low Stress Users,Light / Rested Users | Healthy Lifestyle Users | Socially Isolated Users | Low Stress Users
307,train,7.8,7.1,0.8,1.4,medium,2.79,1,Heavy Daytime Social Media Users,1,Lifestyle Risk Users,1,Low Activity Moderate Social Users,1,High Stress Users,Heavy Daytime Social Media Users | Lifestyle Risk Users | Low Activity Moderate Social Users | High Stress Users
3492,train,3.5,5.8,1.6,0.2,low,2.92,0,Light / Rested Users,1,Lifestyle Risk Users,0,Socially Isolated Users,0,Low Stress Users,Light / Rested Users | Lifestyle Risk Users | Socially Isolated Users | Low Stress Users
1813,train,4.9,5.7,1.6,0.1,high,2.33,1,Heavy Daytime Social Media Users,1,Lifestyle Risk Users,1,Low Activity Moderate Social Users,1,High Stress Users,Heavy Daytime Social Media Users | Lifestyle Risk Users | Low Activity Moderate Social Users | High Stress Users
362,train,3.5,6.3,2.9,1.6,high,3.35,2,Heavy Night Social Media Users,0,Healthy Lifestyle Users,2,Moderately Social Users,0,Low Stress Users,Heavy Night Social Media Users | Healthy Lifestyle Users | Moderately Social Users | Low Stress Users
87,train,5.4,5.7,2.5,1.9,medium,3.13,2,Heavy Night Social Media Users,1,Lifestyle Risk Users,2,Moderately Social Users,1,High Stress Users,Heavy Night Social Media Users | Lifestyle Risk Users | Moderately Social Users | High Stress Users
1884,train,7.3,6.8,0.7,1.1,high,2.5,1,Heavy Daytime Social Media Users,1,Lifestyle Risk Users,1,Low Activity Moderate Social Users,1,High Stress Users,Heavy Daytime Social Media Users | Lifestyle Risk Users | Low Activity Moderate Social Users | High Stress Users
3100,train,4.1,5.8,2.2,0.8,medium,2.69,2,Heavy Night Social Media Users,1,Lifestyle Risk Users,1,Low Activity Moderate Social Users,1,High Stress Users,Heavy Night Social Media Users | Lifestyle Risk Users | Low Activity Moderate Social Users | High Stress Users
483,train,1.3,4.9,2.6,0.2,low,2.89,2,Heavy Night Social Media Users,1,Lifestyle Risk Users,0,Socially Isolated Users,0,Low Stress Users,Heavy Night Social Media Users | Lifestyle Risk Users | Socially Isolated Users | Low Stress Users
1662,train,5.0,6.3,1.7,1.1,high,3.07,1,Heavy Daytime Social Media Users,0,Healthy Lifestyle Users,1,Low Activity Moderate Social Users,1,High Stress Users,Heavy Daytime Social Media Users | Healthy Lifestyle Users | Low Activity Moderate Social Users | High Stress Users
3630,train,4.6,6.5,1.7,1.8,medium,3.27,1,Heavy Daytime Social Media Users,0,Healthy Lifestyle Users,2,Moderately Social Users,0,Low Stress Users,Heavy Daytime Social Media Users | Healthy Lifestyle Users | Moderately Social Users | Low Stress Users
3392,train,4.8,6.0,0.8,0.3,high,2.56,1,Heavy Daytime Social Media Users,1,Lifestyle Risk Users,1,Low Activity Moderate Social Users,1,High Stress Users,Heavy Daytime Social Media Users | Lifestyle Risk Users | Low Activity Moderate Social Users | High Stress Users
2102,train,3.8,7.1,2.3,1.7,high,3.55,0,Light / Rested Users,0,Healthy Lifestyle Users,2,Moderately Social Users,0,Low Stress Users,Light / Rested Users | Healthy Lifestyle Users | Moderately Social Users | Low Stress Users
3327,train,6.7,6.1,1.5,1.5,medium,2.38,1,Heavy Daytime Social Media Users,1,Lifestyle Risk Users,1,Low Activity Moderate Social Users,1,High Stress Users,Heavy Daytime Social Media Users | Lifestyle Risk Users | Low Activity Moderate Social Users | High Stress Users
2998,train,2.0,7.7,2.3,0.4,medium,3.54,0,Light / Rested Users,0,Healthy Lifestyle Users,2,Moderately Social Users,0,Low Stress Users,Light / Rested Users | Healthy Lifestyle Users | Moderately Social Users | Low Stress Users
2881,train,1.9,7.3,1.5,1.3,high,3.63,0,Light / Rested Users,0,Healthy Lifestyle Users,2,Moderately Social Users,0,Low Stress Users,Light / Rested Users | Healthy Lifestyle Users | Moderately Social Users | Low Stress Users
2874,train,4.3,5.7,2.8,0.0,medium,2.8,2,Heavy Night Social Media Users,1,Lifestyle Risk Users,1,Low Activity Moderate Social Users,1,High Stress Users,Heavy Night Social Media Users | Lifestyle Risk Users | Low Activity Moderate Social Users | High Stress Users
3655,train,6.2,6.8,0.7,1.6,low,3.42,1,Heavy Daytime Social Media Users,0,Healthy Lifestyle Users,0,Socially Isolated Users,1,High Stress Users,Heavy Daytime Social Media Users | Healthy Lifestyle Users | Socially Isolated Users | High Stress Users
626,train,7.5,4.7,2.1,0.1,high,2.55,2,Heavy Night Social Media Users,1,Lifestyle Risk Users,1,Low Activity Moderate Social Users,1,High Stress Users,Heavy Night Social Media Users | Lifestyle Risk Users | Low Activity Moderate Social Users | High Stress Users
37,train,4.8,4.4,1.3,0.5,low,2.02,1,Heavy Daytime Social Media Users,1,Lifestyle Risk Users,0,Socially Isolated Users,1,High Stress Users,Heavy Daytime Social Media Users | Lifestyle Risk Users | Socially Isolated Users | High Stress Users
521,train,3.0,4.6,2.0,1.5,medium,2.24,2,Heavy Night Social Media Users,1,Lifestyle Risk Users,2,Moderately Social Users,1,High Stress Users,Heavy Night Social Media Users | Lifestyle Risk Users | Moderately Social Users | High Stress Users
197,train,7.5,5.9,2.9,1.7,low,3.71,2,Heavy Night Social Media Users,1,Lifestyle Risk Users,0,Socially Isolated Users,0,Low Stress Users,Heavy Night Social Media Users | Lifestyle Risk Users | Socially Isolated Users | Low Stress Users
1643,train,2.6,6.9,1.8,1.6,low,3.22,0,Light / Rested Users,0,Healthy Lifestyle Users,0,Socially Isolated Users,0,Low Stress Users,Light / Rested Users | Healthy Lifestyle Users | Socially Isolated Users | Low Stress Users
1417,train,5.7,6.8,0.7,1.1,medium,2.82,1,Heavy Daytime Social Media Users,0,Healthy Lifestyle Users,1,Low Activity Moderate Social Users,1,High Stress Users,Heavy Daytime Social Media Users | Healthy Lifestyle Users | Low Activity Moderate Social Users | High Stress Users
3527,train,6.0,5.9,0.8,2.0,low,2.82,1,Heavy Daytime Social Media Users,1,Lifestyle Risk Users,0,Socially Isolated Users,1,High Stress Users,Heavy Daytime Social Media Users | Lifestyle Risk Users | Socially Isolated Users | High Stress Users
39,train,6.3,4.0,1.0,1.2,high,2.43,1,Heavy Daytime Social Media Users,1,Lifestyle Risk Users,1,Low Activity Moderate Social Users,1,High Stress Users,Heavy Daytime Social Media Users | Lifestyle Risk Users | Low Activity Moderate Social Users | High Stress Users
2592,train,7.7,6.0,1.6,0.2,low,2.07,1,Heavy Daytime Social Media Users,1,Lifestyle Risk Users,0,Socially Isolated Users,1,High Stress Users,Heavy Daytime Social Media Users | Lifestyle Risk Users | Socially Isolated Users | High Stress Users
885,train,7.7,4.7,2.9,1.2,medium,2.17,2,Heavy Night Social Media Users,1,Lifestyle Risk Users,1,Low Activity Moderate Social Users,1,High Stress Users,Heavy Night Social Media Users | Lifestyle Risk Users | Low Activity Moderate Social Users | High Stress Users
370,train,7.3,4.4,2.3,1.8,medium,2.76,2,Heavy Night Social Media Users,1,Lifestyle Risk Users,1,Low Activity Moderate Social Users,1,High Stress Users,Heavy Night Social Media Users | Lifestyle Risk Users | Low Activity Moderate Social Users | High Stress Users
2878,train,6.0,5.3,2.0,0.5,high,2.47,2,Heavy Night Social Media Users,1,Lifestyle Risk Users,1,Low Activity Moderate Social Users,1,High Stress Users,Heavy Night Social Media Users | Lifestyle Risk Users | Low Activity Moderate Social Users | High Stress Users
1991,train,2.8,8.3,1.2,1.3,low,3.94,0,Light / Rested Users,0,Healthy Lifestyle Users,0,Socially Isolated Users,0,Low Stress Users,Light / Rested Users | Healthy Lifestyle Users | Socially Isolated Users | Low Stress Users
3150,train,2.7,7.6,1.6,0.6,low,3.59,0,Light / Rested Users,0,Healthy Lifestyle Users,0,Socially Isolated Users,0,Low Stress Users,Light / Rested Users | Healthy Lifestyle Users | Socially Isolated Users | Low Stress Users
1885,train,6.9,4.8,0.6,0.3,high,2.04,1,Heavy Daytime Social Media Users,1,Lifestyle Risk Users,1,Low Activity Moderate Social Users,1,High Stress Users,Heavy Daytime Social Media Users | Lifestyle Risk Users | Low Activity Moderate Social Users | High Stress Users
3621,train,5.6,5.9,1.1,1.3,high,2.86,1,Heavy Daytime Social Media Users,1,Lifestyle Risk Users,1,Low Activity Moderate Social Users,1,High Stress Users,Heavy Daytime Social Media Users | Lifestyle Risk Users | Low Activity Moderate Social Users | High Stress Users
1151,train,5.0,7.3,1.2,0.7,medium,3.39,1,Heavy Daytime Social Media Users,0,Healthy Lifestyle Users,1,Low Activity Moderate Social Users,1,High Stress Users,Heavy Daytime Social Media Users | Healthy Lifestyle Users | Low Activity Moderate Social Users | High Stress Users
1225,train,5.6,5.3,2.9,1.1,high,2.44,2,Heavy Night Social Media Users,1,Lifestyle Risk Users,1,Low Activity Moderate Social Users,1,High Stress Users,Heavy Night Social Media Users | Lifestyle Risk Users | Low Activity Moderate Social Users | High Stress Users
491,train,5.7,6.2,0.5,1.7,medium,3.98,1,Heavy Daytime Social Media Users,0,Healthy Lifestyle Users,2,Moderately Social Users,1,High Stress Users,Heavy Daytime Social Media Users | Healthy Lifestyle Users | Moderately Social Users | High Stress Users
148,train,1.1,8.2,0.7,0.7,high,2.94,0,Light / Rested Users,0,Healthy Lifestyle Users,2,Moderately Social Users,0,Low Stress Users,Light / Rested Users | Healthy Lifestyle Users | Moderately Social Users | Low Stress Users
3475,train,2.7,5.7,2.9,1.2,high,3.65,2,Heavy Night Social Media Users,0,Healthy Lifestyle Users,2,Moderately Social Users,0,Low Stress Users,Heavy Night Social Media Users | Healthy Lifestyle Users | Moderately Social Users | Low Stress Users
221,train,2.8,4.8,1.7,0.6,low,2.8,2,Heavy Night Social Media Users,1,Lifestyle Risk Users,0,Socially Isolated Users,1,High Stress Users,Heavy Night Social Media Users | Lifestyle Risk Users | Socially Isolated Users | High Stress Users
3520,train,1.7,6.8,1.5,0.2,medium,3.17,0,Light / Rested Users,0,Healthy Lifestyle Users,0,Socially Isolated Users,0,Low Stress Users,Light / Rested Users | Healthy Lifestyle Users | Socially Isolated Users | Low Stress Users
3518,train,7.3,4.0,2.0,0.7,low,2.22,2,Heavy Night Social Media Users,1,Lifestyle Risk Users,0,Socially Isolated Users,1,High Stress Users,Heavy Night Social Media Users | Lifestyle Risk Users | Socially Isolated Users | High Stress Users
2038,train,7.9,4.7,1.6,1.4,low,2.5,1,Heavy Daytime Social Media Users,1,Lifestyle Risk Users,0,Socially Isolated Users,1,High Stress Users,Heavy Daytime Social Media Users | Lifestyle Risk Users | Socially Isolated Users | High Stress Users
2369,train,1.3,7.5,1.0,1.1,high,4.0,0,Light / Rested Users,0,Healthy Lifestyle Users,2,Moderately Social Users,0,Low Stress Users,Light / Rested Users | Healthy Lifestyle Users | Moderately Social Users | Low Stress Users
2336,train,2.9,7.4,1.8,1.2,medium,3.23,0,Light / Rested Users,0,Healthy Lifestyle Users,2,Moderately Social Users,0,Low Stress Users,Light / Rested Users | Healthy Lifestyle Users | Moderately Social Users | Low Stress Users
2271,train,3.4,6.5,1.3,0.3,medium,2.89,0,Light / Rested Users,0,Healthy Lifestyle Users,1,Low Activity Moderate Social Users,0,Low Stress Users,Light / Rested Users | Healthy Lifestyle Users | Low Activity Moderate Social Users | Low Stress Users
1736,train,2.0,7.1,2.2,0.1,high,3.8,0,Light / Rested Users,0,Healthy Lifestyle Users,1,Low Activity Moderate Social Users,0,Low Stress Users,Light / Rested Users | Healthy Lifestyle Users | Low Activity Moderate Social Users | Low Stress Users
484,train,2.1,4.4,2.1,1.9,low,3.43,2,Heavy Night Social Media Users,0,Healthy Lifestyle Users,0,Socially Isolated Users,1,High Stress Users,Heavy Night Social Media Users | Healthy Lifestyle Users | Socially Isolated Users | High Stress Users
2876,train,5.8,5.2,1.0,0.3,high,2.38,1,Heavy Daytime Social Media Users,1,Lifestyle Risk Users,1,Low Activity Moderate Social Users,1,High Stress Users,Heavy Daytime Social Media Users | Lifestyle Risk Users | Low Activity Moderate Social Users | High Stress Users
1395,train,7.4,5.3,1.0,1.8,medium,2.67,1,Heavy Daytime Social Media Users,1,Lifestyle Risk Users,1,Low Activity Moderate Social Users,1,High Stress Users,Heavy Daytime Social Media Users | Lifestyle Risk Users | Low Activity Moderate Social Users | High Stress Users
2156,train,5.9,6.3,1.5,0.2,low,2.45,1,Heavy Daytime Social Media Users,1,Lifestyle Risk Users,0,Socially Isolated Users,1,High Stress Users,Heavy Daytime Social Media Users | Lifestyle Risk Users | Socially Isolated Users | High Stress Users
1964,train,3.8,4.8,2.8,0.5,low,3.02,2,Heavy Night Social Media Users,1,Lifestyle Risk Users,0,Socially Isolated Users,1,High Stress Users,Heavy Night Social Media Users | Lifestyle Risk Users | Socially Isolated Users | High Stress Users
2621,train,1.6,8.3,0.7,0.2,high,4.0,0,Light / Rested Users,0,Healthy Lifestyle Users,2,Moderately Social Users,0,Low Stress Users,Light / Rested Users | Healthy Lifestyle Users | Moderately Social Users | Low Stress Users
2678,train,7.1,4.3,2.7,1.5,medium,2.45,2,Heavy Night Social Media Users,1,Lifestyle Risk Users,1,Low Activity Moderate Social Users,1,High Stress Users,Heavy Night Social Media Users | Lifestyle Risk Users | Low Activity Moderate Social Users | High Stress Users
2485,train,6.6,5.2,1.9,1.7,high,2.26,2,Heavy Night Social Media Users,1,Lifestyle Risk Users,1,Low Activity Moderate Social Users,1,High Stress Users,Heavy Night Social Media Users | Lifestyle Risk Users | Low Activity Moderate Social Users | High Stress Users
1985,train,6.5,6.8,1.1,0.9,high,2.63,1,Heavy Daytime Social Media Users,1,Lifestyle Risk Users,1,Low Activity Moderate Social Users,1,High Stress Users,Heavy Daytime Social Media Users | Lifestyle Risk Users | Low Activity Moderate Social Users | High Stress Users
3562,train,6.0,4.8,2.1,0.9,medium,2.23,2,Heavy Night Social Media Users,1,Lifestyle Risk Users,1,Low Activity Moderate Social Users,1,High Stress Users,Heavy Night Social Media Users | Lifestyle Risk Users | Low Activity Moderate Social Users | High Stress Users
1905,train,3.3,7.1,0.7,0.9,medium,3.15,0,Light / Rested Users,0,Healthy Lifestyle Users,2,Moderately Social Users,0,Low Stress Users,Light / Rested Users | Healthy Lifestyle Users | Moderately Social Users | Low Stress Users
2519,train,7.9,4.1,2.0,0.0,low,2.0,2,Heavy Night Social Media Users,1,Lifestyle Risk Users,0,Socially Isolated Users,1,High Stress Users,Heavy Night Social Media Users | Lifestyle Risk Users | Socially Isolated Users | High Stress Users
1195,train,6.8,6.6,2.0,1.0,low,2.76,1,Heavy Daytime Social Media Users,1,Lifestyle Risk Users,0,Socially Isolated Users,0,Low Stress Users,Heavy Daytime Social Media Users | Lifestyle Risk Users | Socially Isolated Users | Low Stress Users
1679,train,1.9,8.3,1.1,0.2,low,3.75,0,Light / Rested Users,0,Healthy Lifestyle Users,0,Socially Isolated Users,0,Low Stress Users,Light / Rested Users | Healthy Lifestyle Users | Socially Isolated Users | Low Stress Users
314,train,1.3,8.9,2.6,1.2,high,3.54,0,Light / Rested Users,0,Healthy Lifestyle Users,2,Moderately Social Users,0,Low Stress Users,Light / Rested Users | Healthy Lifestyle Users | Moderately Social Users | Low Stress Users
2765,train,2.6,6.4,2.5,1.5,low,3.47,0,Light / Rested Users,0,Healthy Lifestyle Users,0,Socially Isolated Users,0,Low Stress Users,Light / Rested Users | Healthy Lifestyle Users | Socially Isolated Users | Low Stress Users
23,train,2.3,7.6,0.5,1.7,medium,2.96,0,Light / Rested Users,0,Healthy Lifestyle Users,2,Moderately Social Users,0,Low Stress Users,Light / Rested Users | Healthy Lifestyle Users | Moderately Social Users | Low Stress Users
3505,train,1.8,6.5,1.5,0.3,high,3.5,0,Light / Rested Users,0,Healthy Lifestyle Users,2,Moderately Social Users,0,Low Stress Users,Light / Rested Users | Healthy Lifestyle Users | Moderately Social Users | Low Stress Users
122,train,6.0,8.8,1.3,0.9,medium,4.0,0,Light / Rested Users,0,Healthy Lifestyle Users,1,Low Activity Moderate Social Users,1,High Stress Users,Light / Rested Users | Healthy Lifestyle Users | Low Activity Moderate Social Users | High Stress Users
869,train,5.0,5.2,0.5,0.4,low,3.55,1,Heavy Daytime Social Media Users,0,Healthy Lifestyle Users,0,Socially Isolated Users,1,High Stress Users,Heavy Daytime Social Media Users | Healthy Lifestyle Users | Socially Isolated Users | High Stress Users
2299,train,5.7,6.0,1.4,0.5,medium,2.6,1,Heavy Daytime Social Media Users,1,Lifestyle Risk Users,1,Low Activity Moderate Social Users,1,High Stress Users,Heavy Daytime Social Media Users | Lifestyle Risk Users | Low Activity Moderate Social Users | High Stress Users
486,train,3.8,4.5,1.3,0.3,medium,3.06,1,Heavy Daytime Social Media Users,1,Lifestyle Risk Users,1,Low Activity Moderate Social Users,1,High Stress Users,Heavy Daytime Social Media Users | Lifestyle Risk Users | Low Activity Moderate Social Users | High Stress Users
3627,train,5.2,5.6,1.6,0.9,low,2.7,1,Heavy Daytime Social Media Users,1,Lifestyle Risk Users,0,Socially Isolated Users,1,High Stress Users,Heavy Daytime Social Media Users | Lifestyle Risk Users | Socially Isolated Users | High Stress Users
2774,train,3.3,6.3,1.2,0.3,medium,3.0,0,Light / Rested Users,0,Healthy Lifestyle Users,1,Low Activity Moderate Social Users,0,Low Stress Users,Light / Rested Users | Healthy Lifestyle Users | Low Activity Moderate Social Users | Low Stress Users
963,train,4.3,8.4,2.1,0.2,low,2.69,0,Light / Rested Users,0,Healthy Lifestyle Users,0,Socially Isolated Users,0,Low Stress Users,Light / Rested Users | Healthy Lifestyle Users | Socially Isolated Users | Low Stress Users
1333,train,6.5,5.5,2.4,1.8,high,2.94,2,Heavy Night Social Media Users,1,Lifestyle Risk Users,2,Moderately Social Users,1,High Stress Users,Heavy Night Social Media Users | Lifestyle Risk Users | Moderately Social Users | High Stress Users
3493,train,6.4,4.3,2.7,2.0,low,2.48,2,Heavy Night Social Media Users,1,Lifestyle Risk Users,0,Socially Isolated Users,1,High Stress Users,Heavy Night Social Media Users | Lifestyle Risk Users | Socially Isolated Users | High Stress Users
2233,train,4.2,5.9,2.7,1.1,high,2.95,2,Heavy Night Social Media Users,1,Lifestyle Risk Users,2,Moderately Social Users,0,Low Stress Users,Heavy Night Social Media Users | Lifestyle Risk Users | Moderately Social Users | Low Stress Users
2978,train,3.0,8.1,0.7,1.5,medium,3.82,0,Light / Rested Users,0,Healthy Lifestyle Users,2,Moderately Social Users,0,Low Stress Users,Light / Rested Users | Healthy Lifestyle Users | Moderately Social Users | Low Stress Users
3136,train,1.1,7.6,1.8,1.9,low,3.62,0,Light / Rested Users,0,Healthy Lifestyle Users,2,Moderately Social Users,0,Low Stress Users,Light / Rested Users | Healthy Lifestyle Users | Moderately Social Users | Low Stress Users
1558,train,3.7,7.3,0.6,2.0,medium,3.28,0,Light / Rested Users,0,Healthy Lifestyle Users,2,Moderately Social Users,0,Low Stress Users,Light / Rested Users | Healthy Lifestyle Users | Moderately Social Users | Low Stress Users
1938,train,6.0,6.0,2.0,0.9,medium,2.09,2,Heavy Night Social Media Users,1,Lifestyle Risk Users,1,Low Activity Moderate Social Users,1,High Stress Users,Heavy Night Social Media Users | Lifestyle Risk Users | Low Activity Moderate Social Users | High Stress Users
2063,train,3.9,7.2,1.0,1.9,medium,3.01,0,Light / Rested Users,0,Healthy Lifestyle Users,2,Moderately Social Users,0,Low Stress Users,Light / Rested Users | Healthy Lifestyle Users | Moderately Social Users | Low Stress Users
1032,train,5.9,7.0,0.8,1.6,low,2.29,1,Heavy Daytime Social Media Users,1,Lifestyle Risk Users,0,Socially Isolated Users,1,High Stress Users,Heavy Daytime Social Media Users | Lifestyle Risk Users | Socially Isolated Users | High Stress Users
2469,train,3.3,7.2,0.7,1.3,low,3.36,0,Light / Rested Users,0,Healthy Lifestyle Users,0,Socially Isolated Users,0,Low Stress Users,Light / Rested Users | Healthy Lifestyle Users | Socially Isolated Users | Low Stress Users
657,train,5.7,8.9,0.7,1.3,high,2.17,0,Light / Rested Users,0,Healthy Lifestyle Users,1,Low Activity Moderate Social Users,0,Low Stress Users,Light / Rested Users | Healthy Lifestyle Users | Low Activity Moderate Social Users | Low Stress Users
1413,train,5.2,5.6,2.1,1.3,medium,2.22,2,Heavy Night Social Media Users,1,Lifestyle Risk Users,2,Moderately Social Users,1,High Stress Users,Heavy Night Social Media Users | Lifestyle Risk Users | Moderately Social Users | High Stress Users
2768,train,7.4,4.0,2.6,0.2,medium,2.03,2,Heavy Night Social Media Users,1,Lifestyle Risk Users,1,Low Activity Moderate Social Users,1,High Stress Users,Heavy Night Social Media Users | Lifestyle Risk Users | Low Activity Moderate Social Users | High Stress Users
3626,train,7.9,4.3,2.1,1.7,high,2.49,2,Heavy Night Social Media Users,1,Lifestyle Risk Users,1,Low Activity Moderate Social Users,1,High Stress Users,Heavy Night Social Media Users | Lifestyle Risk Users | Low Activity Moderate Social Users | High Stress Users
2473,train,2.4,5.8,2.8,0.2,medium,2.97,2,Heavy Night Social Media Users,0,Healthy Lifestyle Users,1,Low Activity Moderate Social Users,0,Low Stress Users,Heavy Night Social Media Users | Healthy Lifestyle Users | Low Activity Moderate Social Users | Low Stress Users
2946,train,6.8,4.4,2.2,0.2,high,2.22,2,Heavy Night Social Media Users,1,Lifestyle Risk Users,1,Low Activity Moderate Social Users,1,High Stress Users,Heavy Night Social Media Users | Lifestyle Risk Users | Low Activity Moderate Social Users | High Stress Users
327,train,7.2,4.1,1.3,1.8,medium,2.49,1,Heavy Daytime Social Media Users,1,Lifestyle Risk Users,1,Low Activity Moderate Social Users,1,High Stress Users,Heavy Daytime Social Media Users | Lifestyle Risk Users | Low Activity Moderate Social Users | High Stress Users
392,train,1.5,6.8,2.5,0.2,medium,2.13,0,Light / Rested Users,1,Lifestyle Risk Users,0,Socially Isolated Users,1,High Stress Users,Light / Rested Users | Lifestyle Risk Users | Socially Isolated Users | High Stress Users
631,train,7.8,7.2,1.3,0.8,high,3.31,1,Heavy Daytime Social Media Users,1,Lifestyle Risk Users,1,Low Activity Moderate Social Users,1,High Stress Users,Heavy Daytime Social Media Users | Lifestyle Risk Users | Low Activity Moderate Social Users | High Stress Users
92,train,6.2,8.6,1.5,1.6,low,3.22,0,Light / Rested Users,0,Healthy Lifestyle Users,0,Socially Isolated Users,0,Low Stress Users,Light / Rested Users | Healthy Lifestyle Users | Socially Isolated Users | Low Stress Users
3414,train,1.7,6.6,2.5,0.9,low,3.45,0,Light / Rested Users,0,Healthy Lifestyle Users,0,Socially Isolated Users,0,Low Stress Users,Light / Rested Users | Healthy Lifestyle Users | Socially Isolated Users | Low Stress Users
2971,train,5.8,5.7,1.3,1.7,low,2.91,1,Heavy Daytime Social Media Users,1,Lifestyle Risk Users,0,Socially Isolated Users,1,High Stress Users,Heavy Daytime Social Media Users | Lifestyle Risk Users | Socially Isolated Users | High Stress Users
1303,train,5.7,6.3,0.7,0.2,low,2.65,1,Heavy Daytime Social Media Users,1,Lifestyle Risk Users,0,Socially Isolated Users,1,High Stress Users,Heavy Daytime Social Media Users | Lifestyle Risk Users | Socially Isolated Users | High Stress Users
1777,train,2.8,6.9,1.4,0.2,high,3.61,0,Light / Rested Users,0,Healthy Lifestyle Users,1,Low Activity Moderate Social Users,0,Low Stress Users,Light / Rested Users | Healthy Lifestyle Users | Low Activity Moderate Social Users | Low Stress Users
30,train,6.6,5.7,2.5,1.1,low,2.67,2,Heavy Night Social Media Users,1,Lifestyle Risk Users,0,Socially Isolated Users,0,Low Stress Users,Heavy Night Social Media Users | Lifestyle Risk Users | Socially Isolated Users | Low Stress Users
2099,train,3.0,7.1,1.1,1.1,medium,3.49,0,Light / Rested Users,0,Healthy Lifestyle Users,2,Moderately Social Users,0,Low Stress Users,Light / Rested Users | Healthy Lifestyle Users | Moderately Social Users | Low Stress Users
2226,train,6.2,5.9,1.1,0.2,medium,2.52,1,Heavy Daytime Social Media Users,1,Lifestyle Risk Users,1,Low Activity Moderate Social Users,1,High Stress Users,Heavy Daytime Social Media Users | Lifestyle Risk Users | Low Activity Moderate Social Users | High Stress Users
772,train,6.3,5.7,2.3,1.9,high,2.16,2,Heavy Night Social Media Users,1,Lifestyle Risk Users,2,Moderately Social Users,1,High Stress Users,Heavy Night Social Media Users | Lifestyle Risk Users | Moderately Social Users | High Stress Users
1943,train,6.8,5.0,2.3,1.5,medium,2.31,2,Heavy Night Social Media Users,1,Lifestyle Risk Users,1,Low Activity Moderate Social Users,1,High Stress Users,Heavy Night Social Media Users | Lifestyle Risk Users | Low Activity Moderate Social Users | High Stress Users
2646,train,3.6,6.6,1.4,1.5,medium,3.5,0,Light / Rested Users,0,Healthy Lifestyle Users,2,Moderately Social Users,0,Low Stress Users,Light / Rested Users | Healthy Lifestyle Users | Moderately Social Users | Low Stress Users
1414,train,1.1,7.3,1.3,1.7,low,3.7,0,Light / Rested Users,0,Healthy Lifestyle Users,0,Socially Isolated Users,0,Low Stress Users,Light / Rested Users | Healthy Lifestyle Users | Socially Isolated Users | Low Stress Users
1138,train,4.0,4.1,0.9,1.9,low,2.99,1,Heavy Daytime Social Media Users,1,Lifestyle Risk Users,0,Socially Isolated Users,1,High Stress Users,Heavy Daytime Social Media Users | Lifestyle Risk Users | Socially Isolated Users | High Stress Users
1314,train,7.9,5.2,1.1,1.6,medium,2.07,1,Heavy Daytime Social Media Users,1,Lifestyle Risk Users,1,Low Activity Moderate Social Users,1,High Stress Users,Heavy Daytime Social Media Users | Lifestyle Risk Users | Low Activity Moderate Social Users | High Stress Users
1830,train,1.1,7.8,1.8,1.9,medium,3.75,0,Light / Rested Users,0,Healthy Lifestyle Users,2,Moderately Social Users,0,Low Stress Users,Light / Rested Users | Healthy Lifestyle Users | Moderately Social Users | Low Stress Users
1732,train,6.6,5.2,0.5,0.2,medium,2.0,1,Heavy Daytime Social Media Users,1,Lifestyle Risk Users,1,Low Activity Moderate Social Users,1,High Stress Users,Heavy Daytime Social Media Users | Lifestyle Risk Users | Low Activity Moderate Social Users | High Stress Users
336,train,4.4,4.3,1.9,0.9,medium,3.51,2,Heavy Night Social Media Users,1,Lifestyle Risk Users,1,Low Activity Moderate Social Users,1,High Stress Users,Heavy Night Social Media Users | Lifestyle Risk Users | Low Activity Moderate Social Users | High Stress Users
2395,train,4.2,7.5,1.3,1.0,low,3.33,0,Light / Rested Users,0,Healthy Lifestyle Users,0,Socially Isolated Users,0,Low Stress Users,Light / Rested Users | Healthy Lifestyle Users | Socially Isolated Users | Low Stress Users
875,train,4.6,4.1,1.4,0.4,medium,2.28,1,Heavy Daytime Social Media Users,1,Lifestyle Risk Users,1,Low Activity Moderate Social Users,1,High Stress Users,Heavy Daytime Social Media Users | Lifestyle Risk Users | Low Activity Moderate Social Users | High Stress Users
108,train,2.3,8.0,2.5,1.7,medium,3.08,0,Light / Rested Users,0,Healthy Lifestyle Users,2,Moderately Social Users,0,Low Stress Users,Light / Rested Users | Healthy Lifestyle Users | Moderately Social Users | Low Stress Users
642,train,5.3,5.6,2.5,1.3,medium,2.73,2,Heavy Night Social Media Users,1,Lifestyle Risk Users,1,Low Activity Moderate Social Users,1,High Stress Users,Heavy Night Social Media Users | Lifestyle Risk Users | Low Activity Moderate Social Users | High Stress Users
3632,train,5.0,6.4,2.2,0.8,low,2.81,2,Heavy Night Social Media Users,1,Lifestyle Risk Users,0,Socially Isolated Users,1,High Stress Users,Heavy Night Social Media Users | Lifestyle Risk Users | Socially Isolated Users | High Stress Users
3544,train,4.5,5.9,2.5,1.1,medium,2.91,2,Heavy Night Social Media Users,1,Lifestyle Risk Users,2,Moderately Social Users,0,Low Stress Users,Heavy Night Social Media Users | Lifestyle Risk Users | Moderately Social Users | Low Stress Users
2894,train,6.9,5.7,1.2,0.3,low,2.07,1,Heavy Daytime Social Media Users,1,Lifestyle Risk Users,0,Socially Isolated Users,1,High Stress Users,Heavy Daytime Social Media Users | Lifestyle Risk Users | Socially Isolated Users | High Stress Users
1822,train,3.0,6.2,0.9,0.7,low,3.18,0,Light / Rested Users,0,Healthy Lifestyle Users,0,Socially Isolated Users,0,Low Stress Users,Light / Rested Users | Healthy Lifestyle Users | Socially Isolated Users | Low Stress Users
1934,train,2.2,6.2,2.6,1.8,high,3.33,0,Light / Rested Users,0,Healthy Lifestyle Users,2,Moderately Social Users,0,Low Stress Users,Light / Rested Users | Healthy Lifestyle Users | Moderately Social Users | Low Stress Users
726,train,4.4,5.0,2.8,0.4,high,2.69,2,Heavy Night Social Media Users,1,Lifestyle Risk Users,1,Low Activity Moderate Social Users,1,High Stress Users,Heavy Night Social Media Users | Lifestyle Risk Users | Low Activity Moderate Social Users | High Stress Users
1716,train,6.5,5.5,2.4,0.9,low,2.4,2,Heavy Night Social Media Users,1,Lifestyle Risk Users,0,Socially Isolated Users,1,High Stress Users,Heavy Night Social Media Users | Lifestyle Risk Users | Socially Isolated Users | High Stress Users
2643,train,4.6,6.1,1.3,0.3,low,2.92,1,Heavy Daytime Social Media Users,1,Lifestyle Risk Users,0,Socially Isolated Users,1,High Stress Users,Heavy Daytime Social Media Users | Lifestyle Risk Users | Socially Isolated Users | High Stress Users
1916,train,5.6,4.4,2.1,1.1,medium,2.19,2,Heavy Night Social Media Users,1,Lifestyle Risk Users,1,Low Activity Moderate Social Users,1,High Stress Users,Heavy Night Social Media Users | Lifestyle Risk Users | Low Activity Moderate Social Users | High Stress Users
3217,train,2.7,5.6,2.1,1.5,low,3.06,2,Heavy Night Social Media Users,0,Healthy Lifestyle Users,0,Socially Isolated Users,0,Low Stress Users,Heavy Night Social Media Users | Healthy Lifestyle Users | Socially Isolated Users | Low Stress Users
3223,train,7.8,5.5,0.9,0.2,low,2.0,1,Heavy Daytime Social Media Users,1,Lifestyle Risk Users,0,Socially Isolated Users,1,High Stress Users,Heavy Daytime Social Media Users | Lifestyle Risk Users | Socially Isolated Users | High Stress Users
344,train,7.0,6.9,1.0,1.1,high,3.93,1,Heavy Daytime Social Media Users,0,Healthy Lifestyle Users,1,Low Activity Moderate Social Users,1,High Stress Users,Heavy Daytime Social Media Users | Healthy Lifestyle Users | Low Activity Moderate Social Users | High Stress Users
1760,train,4.3,6.3,1.8,1.7,medium,2.95,0,Light / Rested Users,0,Healthy Lifestyle Users,2,Moderately Social Users,1,High Stress Users,Light / Rested Users | Healthy Lifestyle Users | Moderately Social Users | High Stress Users
2437,train,4.3,6.3,1.7,0.9,medium,2.87,0,Light / Rested Users,0,Healthy Lifestyle Users,1,Low Activity Moderate Social Users,0,Low Stress Users,Light / Rested Users | Healthy Lifestyle Users | Low Activity Moderate Social Users | Low Stress Users
1003,train,7.5,4.0,0.5,1.1,medium,3.72,1,Heavy Daytime Social Media Users,1,Lifestyle Risk Users,1,Low Activity Moderate Social Users,1,High Stress Users,Heavy Daytime Social Media Users | Lifestyle Risk Users | Low Activity Moderate Social Users | High Stress Users
1132,train,4.5,4.0,2.9,1.9,medium,3.15,2,Heavy Night Social Media Users,1,Lifestyle Risk Users,2,Moderately Social Users,1,High Stress Users,Heavy Night Social Media Users | Lifestyle Risk Users | Moderately Social Users | High Stress Users
2131,train,6.4,5.4,1.7,1.8,high,2.0,1,Heavy Daytime Social Media Users,1,Lifestyle Risk Users,2,Moderately Social Users,1,High Stress Users,Heavy Daytime Social Media Users | Lifestyle Risk Users | Moderately Social Users | High Stress Users
3106,train,1.5,7.5,2.8,0.1,low,3.67,0,Light / Rested Users,0,Healthy Lifestyle Users,0,Socially Isolated Users,0,Low Stress Users,Light / Rested Users | Healthy Lifestyle Users | Socially Isolated Users | Low Stress Users
3099,train,6.9,5.4,0.8,0.6,medium,2.22,1,Heavy Daytime Social Media Users,1,Lifestyle Risk Users,1,Low Activity Moderate Social Users,1,High Stress Users,Heavy Daytime Social Media Users | Lifestyle Risk Users | Low Activity Moderate Social Users | High Stress Users
69,train,7.5,7.0,0.9,1.1,high,3.48,1,Heavy Daytime Social Media Users,0,Healthy Lifestyle Users,1,Low Activity Moderate Social Users,0,Low Stress Users,Heavy Daytime Social Media Users | Healthy Lifestyle Users | Low Activity Moderate Social Users | Low Stress Users
1907,train,5.5,7.0,1.3,0.9,medium,3.08,1,Heavy Daytime Social Media Users,0,Healthy Lifestyle Users,1,Low Activity Moderate Social Users,1,High Stress Users,Heavy Daytime Social Media Users | Healthy Lifestyle Users | Low Activity Moderate Social Users | High Stress Users
3389,train,7.8,5.5,1.5,0.8,high,2.64,1,Heavy Daytime Social Media Users,1,Lifestyle Risk Users,1,Low Activity Moderate Social Users,1,High Stress Users,Heavy Daytime Social Media Users | Lifestyle Risk Users | Low Activity Moderate Social Users | High Stress Users
2685,train,7.8,5.7,0.8,1.7,high,2.22,1,Heavy Daytime Social Media Users,1,Lifestyle Risk Users,1,Low Activity Moderate Social Users,1,High Stress Users,Heavy Daytime Social Media Users | Lifestyle Risk Users | Low Activity Moderate Social Users | High Stress Users
1897,train,3.1,6.4,2.2,0.6,medium,3.29,0,Light / Rested Users,0,Healthy Lifestyle Users,1,Low Activity Moderate Social Users,0,Low Stress Users,Light / Rested Users | Healthy Lifestyle Users | Low Activity Moderate Social Users | Low Stress Users
3678,train,7.0,4.1,2.9,1.8,medium,2.63,2,Heavy Night Social Media Users,1,Lifestyle Risk Users,1,Low Activity Moderate Social Users,1,High Stress Users,Heavy Night Social Media Users | Lifestyle Risk Users | Low Activity Moderate Social Users | High Stress Users
3691,train,7.0,4.0,2.7,1.3,low,2.05,2,Heavy Night Social Media Users,1,Lifestyle Risk Users,0,Socially Isolated Users,1,High Stress Users,Heavy Night Social Media Users | Lifestyle Risk Users | Socially Isolated Users | High Stress Users
2490,train,2.5,7.5,1.4,1.5,high,4.0,0,Light / Rested Users,0,Healthy Lifestyle Users,2,Moderately Social Users,0,Low Stress Users,Light / Rested Users | Healthy Lifestyle Users | Moderately Social Users | Low Stress Users
2162,train,2.3,6.2,1.9,0.9,medium,4.0,0,Light / Rested Users,0,Healthy Lifestyle Users,2,Moderately Social Users,0,Low Stress Users,Light / Rested Users | Healthy Lifestyle Users | Moderately Social Users | Low Stress Users
3453,train,4.6,6.5,0.7,0.0,medium,3.15,1,Heavy Daytime Social Media Users,0,Healthy Lifestyle Users,1,Low Activity Moderate Social Users,1,High Stress Users,Heavy Daytime Social Media Users | Healthy Lifestyle Users | Low Activity Moderate Social Users | High Stress Users
1153,train,7.4,8.9,2.9,1.1,high,3.39,0,Light / Rested Users,0,Healthy Lifestyle Users,1,Low Activity Moderate Social Users,1,High Stress Users,Light / Rested Users | Healthy Lifestyle Users | Low Activity Moderate Social Users | High Stress Users
3330,train,7.7,5.4,0.7,0.1,low,2.0,1,Heavy Daytime Social Media Users,1,Lifestyle Risk Users,0,Socially Isolated Users,1,High Stress Users,Heavy Daytime Social Media Users | Lifestyle Risk Users | Socially Isolated Users | High Stress Users
2243,train,4.4,6.3,1.4,0.2,low,2.62,1,Heavy Daytime Social Media Users,1,Lifestyle Risk Users,0,Socially Isolated Users,1,High Stress Users,Heavy Daytime Social Media Users | Lifestyle Risk Users | Socially Isolated Users | High Stress Users
1565,train,7.1,4.8,2.8,0.4,low,2.2,2,Heavy Night Social Media Users,1,Lifestyle Risk Users,0,Socially Isolated Users,1,High Stress Users,Heavy Night Social Media Users | Lifestyle Risk Users | Socially Isolated Users | High Stress Users
3046,train,1.5,7.2,1.4,0.6,high,3.21,0,Light / Rested Users,0,Healthy Lifestyle Users,2,Moderately Social Users,0,Low Stress Users,Light / Rested Users | Healthy Lifestyle Users | Moderately Social Users | Low Stress Users
316,train,2.0,8.8,0.9,0.7,high,3.61,0,Light / Rested Users,0,Healthy Lifestyle Users,2,Moderately Social Users,0,Low Stress Users,Light / Rested Users | Healthy Lifestyle Users | Moderately Social Users | Low Stress Users
1245,train,3.1,6.3,1.8,1.1,medium,3.25,0,Light / Rested Users,0,Healthy Lifestyle Users,2,Moderately Social Users,0,Low Stress Users,Light / Rested Users | Healthy Lifestyle Users | Moderately Social Users | Low Stress Users
2565,train,7.9,4.3,1.4,0.3,high,2.0,1,Heavy Daytime Social Media Users,1,Lifestyle Risk Users,1,Low Activity Moderate Social Users,1,High Stress Users,Heavy Daytime Social Media Users | Lifestyle Risk Users | Low Activity Moderate Social Users | High Stress Users
332,train,1.4,5.2,1.7,0.7,low,3.82,0,Light / Rested Users,0,Healthy Lifestyle Users,0,Socially Isolated Users,1,High Stress Users,Light / Rested Users | Healthy Lifestyle Users | Socially Isolated Users | High Stress Users
2745,train,6.4,5.8,1.2,1.7,medium,2.04,1,Heavy Daytime Social Media Users,1,Lifestyle Risk Users,2,Moderately Social Users,1,High Stress Users,Heavy Daytime Social Media Users | Lifestyle Risk Users | Moderately Social Users | High Stress Users
3066,train,6.7,5.0,0.5,1.0,medium,2.72,1,Heavy Daytime Social Media Users,1,Lifestyle Risk Users,1,Low Activity Moderate Social Users,1,High Stress Users,Heavy Daytime Social Media Users | Lifestyle Risk Users | Low Activity Moderate Social Users | High Stress Users
3015,train,5.4,5.3,2.3,1.9,high,2.29,2,Heavy Night Social Media Users,1,Lifestyle Risk Users,2,Moderately Social Users,1,High Stress Users,Heavy Night Social Media Users | Lifestyle Risk Users | Moderately Social Users | High Stress Users
1896,train,7.1,5.6,0.7,0.8,medium,2.52,1,Heavy Daytime Social Media Users,1,Lifestyle Risk Users,1,Low Activity Moderate Social Users,1,High Stress Users,Heavy Daytime Social Media Users | Lifestyle Risk Users | Low Activity Moderate Social Users | High Stress Users
2945,train,5.9,5.8,0.6,1.3,low,2.67,1,Heavy Daytime Social Media Users,1,Lifestyle Risk Users,0,Socially Isolated Users,1,High Stress Users,Heavy Daytime Social Media Users | Lifestyle Risk Users | Socially Isolated Users | High Stress Users
1543,train,5.6,6.0,2.5,1.7,medium,3.04,2,Heavy Night Social Media Users,1,Lifestyle Risk Users,2,Moderately Social Users,1,High Stress Users,Heavy Night Social Media Users | Lifestyle Risk Users | Moderately Social Users | High Stress Users
1189,train,1.6,4.8,2.4,1.9,low,2.97,2,Heavy Night Social Media Users,0,Healthy Lifestyle Users,0,Socially Isolated Users,1,High Stress Users,Heavy Night Social Media Users | Healthy Lifestyle Users | Socially Isolated Users | High Stress Users
3395,train,5.6,5.2,2.9,0.2,medium,2.0,2,Heavy Night Social Media Users,1,Lifestyle Risk Users,1,Low Activity Moderate Social Users,1,High Stress Users,Heavy Night Social Media Users | Lifestyle Risk Users | Low Activity Moderate Social Users | High Stress Users
2008,train,2.2,6.6,1.6,0.6,medium,3.14,0,Light / Rested Users,0,Healthy Lifestyle Users,2,Moderately Social Users,0,Low Stress Users,Light / Rested Users | Healthy Lifestyle Users | Moderately Social Users | Low Stress Users
2497,train,2.6,8.3,1.6,0.8,medium,3.96,0,Light / Rested Users,0,Healthy Lifestyle Users,2,Moderately Social Users,0,Low Stress Users,Light / Rested Users | Healthy Lifestyle Users | Moderately Social Users | Low Stress Users
253,train,6.5,6.4,0.7,1.1,low,3.57,1,Heavy Daytime Social Media Users,0,Healthy Lifestyle Users,0,Socially Isolated Users,1,High Stress Users,Heavy Daytime Social Media Users | Healthy Lifestyle Users | Socially Isolated Users | High Stress Users
2962,train,2.5,6.2,3.0,0.2,high,3.14,2,Heavy Night Social Media Users,0,Healthy Lifestyle Users,1,Low Activity Moderate Social Users,0,Low Stress Users,Heavy Night Social Media Users | Healthy Lifestyle Users | Low Activity Moderate Social Users | Low Stress Users
211,train,5.5,8.3,2.3,1.6,medium,3.47,0,Light / Rested Users,0,Healthy Lifestyle Users,2,Moderately Social Users,0,Low Stress Users,Light / Rested Users | Healthy Lifestyle Users | Moderately Social Users | Low Stress Users
1099,train,7.8,4.6,3.0,1.4,medium,2.44,2,Heavy Night Social Media Users,1,Lifestyle Risk Users,1,Low Activity Moderate Social Users,1,High Stress Users,Heavy Night Social Media Users | Lifestyle Risk Users | Low Activity Moderate Social Users | High Stress Users
949,train,2.4,6.8,1.0,1.5,high,2.86,0,Light / Rested Users,0,Healthy Lifestyle Users,2,Moderately Social Users,1,High Stress Users,Light / Rested Users | Healthy Lifestyle Users | Moderately Social Users | High Stress Users
3312,train,2.6,5.4,2.5,2.0,medium,3.49,2,Heavy Night Social Media Users,0,Healthy Lifestyle Users,2,Moderately Social Users,0,Low Stress Users,Heavy Night Social Media Users | Healthy Lifestyle Users | Moderately Social Users | Low Stress Users
223,train,1.7,4.9,1.6,1.7,high,2.36,0,Light / Rested Users,1,Lifestyle Risk Users,2,Moderately Social Users,0,Low Stress Users,Light / Rested Users | Lifestyle Risk Users | Moderately Social Users | Low Stress Users
132,train,3.9,7.1,2.4,0.8,high,3.82,0,Light / Rested Users,0,Healthy Lifestyle Users,1,Low Activity Moderate Social Users,0,Low Stress Users,Light / Rested Users | Healthy Lifestyle Users | Low Activity Moderate Social Users | Low Stress Users
3387,train,2.4,6.6,2.1,2.0,medium,3.28,0,Light / Rested Users,0,Healthy Lifestyle Users,2,Moderately Social Users,0,Low Stress Users,Light / Rested Users | Healthy Lifestyle Users | Moderately Social Users | Low Stress Users
1066,train,6.6,8.0,1.9,0.4,medium,2.86,1,Heavy Daytime Social Media Users,1,Lifestyle Risk Users,1,Low Activity Moderate Social Users,1,High Stress Users,Heavy Daytime Social Media Users | Lifestyle Risk Users | Low Activity Moderate Social Users | High Stress Users
2959,train,2.6,7.7,0.5,1.2,medium,3.3,0,Light / Rested Users,0,Healthy Lifestyle Users,2,Moderately Social Users,0,Low Stress Users,Light / Rested Users | Healthy Lifestyle Users | Moderately Social Users | Low Stress Users
1844,train,7.3,4.1,2.0,1.8,high,2.0,2,Heavy Night Social Media Users,1,Lifestyle Risk Users,1,Low Activity Moderate Social Users,1,High Stress Users,Heavy Night Social Media Users | Lifestyle Risk Users | Low Activity Moderate Social Users | High Stress Users
265,train,7.7,4.7,1.4,0.6,medium,3.04,1,Heavy Daytime Social Media Users,1,Lifestyle Risk Users,1,Low Activity Moderate Social Users,1,High Stress Users,Heavy Daytime Social Media Users | Lifestyle Risk Users | Low Activity Moderate Social Users | High Stress Users
2106,train,2.2,7.5,2.3,1.7,low,3.54,0,Light / Rested Users,0,Healthy Lifestyle Users,0,Socially Isolated Users,0,Low Stress Users,Light / Rested Users | Healthy Lifestyle Users | Socially Isolated Users | Low Stress Users
1487,train,1.6,6.8,2.2,1.4,medium,3.41,0,Light / Rested Users,0,Healthy Lifestyle Users,2,Moderately Social Users,0,Low Stress Users,Light / Rested Users | Healthy Lifestyle Users | Moderately Social Users | Low Stress Users
722,train,4.1,5.4,2.4,1.3,low,2.71,2,Heavy Night Social Media Users,1,Lifestyle Risk Users,0,Socially Isolated Users,1,High Stress Users,Heavy Night Social Media Users | Lifestyle Risk Users | Socially Isolated Users | High Stress Users
29,train,3.4,7.8,2.8,1.8,medium,3.83,0,Light / Rested Users,0,Healthy Lifestyle Users,2,Moderately Social Users,0,Low Stress Users,Light / Rested Users | Healthy Lifestyle Users | Moderately Social Users | Low Stress Users
1670,train,4.8,5.0,2.8,1.8,medium,2.94,2,Heavy Night Social Media Users,1,Lifestyle Risk Users,2,Moderately Social Users,1,High Stress Users,Heavy Night Social Media Users | Lifestyle Risk Users | Moderately Social Users | High Stress Users
1261,train,2.6,6.1,2.1,0.6,medium,3.47,0,Light / Rested Users,0,Healthy Lifestyle Users,2,Moderately Social Users,0,Low Stress Users,Light / Rested Users | Healthy Lifestyle Users | Moderately Social Users | Low Stress Users
2656,train,3.4,7.2,1.5,1.8,low,3.79,0,Light / Rested Users,0,Healthy Lifestyle Users,0,Socially Isolated Users,0,Low Stress Users,Light / Rested Users | Healthy Lifestyle Users | Socially Isolated Users | Low Stress Users
2976,train,3.8,6.7,1.2,1.8,low,3.75,0,Light / Rested Users,0,Healthy Lifestyle Users,0,Socially Isolated Users,0,Low Stress Users,Light / Rested Users | Healthy Lifestyle Users | Socially Isolated Users | Low Stress Users
1685,train,7.6,4.8,1.1,1.9,high,2.18,1,Heavy Daytime Social Media Users,1,Lifestyle Risk Users,1,Low Activity Moderate Social Users,1,High Stress Users,Heavy Daytime Social Media Users | Lifestyle Risk Users | Low Activity Moderate Social Users | High Stress Users
2674,train,3.6,6.6,2.6,1.8,high,3.25,2,Heavy Night Social Media Users,0,Healthy Lifestyle Users,2,Moderately Social Users,0,Low Stress Users,Heavy Night Social Media Users | Healthy Lifestyle Users | Moderately Social Users | Low Stress Users
2556,train,3.3,5.2,2.5,0.9,low,3.33,2,Heavy Night Social Media Users,0,Healthy Lifestyle Users,0,Socially Isolated Users,0,Low Stress Users,Heavy Night Social Media Users | Healthy Lifestyle Users | Socially Isolated Users | Low Stress Users
549,train,2.1,7.7,1.1,1.1,medium,2.27,0,Light / Rested Users,0,Healthy Lifestyle Users,2,Moderately Social Users,0,Low Stress Users,Light / Rested Users | Healthy Lifestyle Users | Moderately Social Users | Low Stress Users
3000,train,4.0,7.5,1.0,1.5,low,3.59,0,Light / Rested Users,0,Healthy Lifestyle Users,0,Socially Isolated Users,0,Low Stress Users,Light / Rested Users | Healthy Lifestyle Users | Socially Isolated Users | Low Stress Users
1594,train,2.2,7.0,0.8,1.3,high,3.43,0,Light / Rested Users,0,Healthy Lifestyle Users,2,Moderately Social Users,0,Low Stress Users,Light / Rested Users | Healthy Lifestyle Users | Moderately Social Users | Low Stress Users
3028,train,5.8,4.7,2.5,1.4,low,2.5,2,Heavy Night Social Media Users,1,Lifestyle Risk Users,0,Socially Isolated Users,1,High Stress Users,Heavy Night Social Media Users | Lifestyle Risk Users | Socially Isolated Users | High Stress Users
2693,train,1.3,8.2,0.5,0.4,low,3.96,0,Light / Rested Users,0,Healthy Lifestyle Users,0,Socially Isolated Users,0,Low Stress Users,Light / Rested Users | Healthy Lifestyle Users | Socially Isolated Users | Low Stress Users
2033,train,7.0,5.9,1.3,1.0,medium,2.54,1,Heavy Daytime Social Media Users,1,Lifestyle Risk Users,1,Low Activity Moderate Social Users,1,High Stress Users,Heavy Daytime Social Media Users | Lifestyle Risk Users | Low Activity Moderate Social Users | High Stress Users
1056,train,5.7,6.4,0.9,1.5,high,3.57,1,Heavy Daytime Social Media Users,0,Healthy Lifestyle Users,2,Moderately Social Users,1,High Stress Users,Heavy Daytime Social Media Users | Healthy Lifestyle Users | Moderately Social Users | High Stress Users
624,train,3.6,6.6,0.7,1.9,low,2.25,1,Heavy Daytime Social Media Users,0,Healthy Lifestyle Users,0,Socially Isolated Users,0,Low Stress Users,Heavy Daytime Social Media Users | Healthy Lifestyle Users | Socially Isolated Users | Low Stress Users
2266,train,5.2,5.5,2.9,1.6,medium,2.66,2,Heavy Night Social Media Users,1,Lifestyle Risk Users,2,Moderately Social Users,1,High Stress Users,Heavy Night Social Media Users | Lifestyle Risk Users | Moderately Social Users | High Stress Users
820,train,7.1,6.3,0.8,0.5,high,3.66,1,Heavy Daytime Social Media Users,0,Healthy Lifestyle Users,1,Low Activity Moderate Social Users,1,High Stress Users,Heavy Daytime Social Media Users | Healthy Lifestyle Users | Low Activity Moderate Social Users | High Stress Users
1615,train,5.2,6.3,1.4,0.6,low,2.61,1,Heavy Daytime Social Media Users,1,Lifestyle Risk Users,0,Socially Isolated Users,1,High Stress Users,Heavy Daytime Social Media Users | Lifestyle Risk Users | Socially Isolated Users | High Stress Users
3656,train,6.8,5.2,1.3,1.1,low,2.43,1,Heavy Daytime Social Media Users,1,Lifestyle Risk Users,0,Socially Isolated Users,1,High Stress Users,Heavy Daytime Social Media Users | Lifestyle Risk Users | Socially Isolated Users | High Stress Users
1280,train,6.6,5.9,0.7,1.4,medium,2.44,1,Heavy Daytime Social Media Users,1,Lifestyle Risk Users,1,Low Activity Moderate Social Users,1,High Stress Users,Heavy Daytime Social Media Users | Lifestyle Risk Users | Low Activity Moderate Social Users | High Stress Users
3074,train,6.6,4.4,2.6,1.8,high,2.0,2,Heavy Night Social Media Users,1,Lifestyle Risk Users,2,Moderately Social Users,1,High Stress Users,Heavy Night Social Media Users | Lifestyle Risk Users | Moderately Social Users | High Stress Users
2800,train,5.0,6.4,2.6,1.7,medium,3.13,2,Heavy Night Social Media Users,0,Healthy Lifestyle Users,2,Moderately Social Users,1,High Stress Users,Heavy Night Social Media Users | Healthy Lifestyle Users | Moderately Social Users | High Stress Users
918,train,6.9,5.8,0.6,0.5,high,3.65,1,Heavy Daytime Social Media Users,0,Healthy Lifestyle Users,1,Low Activity Moderate Social Users,1,High Stress Users,Heavy Daytime Social Media Users | Healthy Lifestyle Users | Low Activity Moderate Social Users | High Stress Users
1161,train,7.9,4.1,1.6,0.9,medium,2.74,1,Heavy Daytime Social Media Users,1,Lifestyle Risk Users,1,Low Activity Moderate Social Users,1,High Stress Users,Heavy Daytime Social Media Users | Lifestyle Risk Users | Low Activity Moderate Social Users | High Stress Users
2584,train,4.7,7.5,0.8,0.5,high,2.31,0,Light / Rested Users,1,Lifestyle Risk Users,1,Low Activity Moderate Social Users,0,Low Stress Users,Light / Rested Users | Lifestyle Risk Users | Low Activity Moderate Social Users | Low Stress Users
2807,train,4.0,6.3,1.8,0.2,medium,2.69,0,Light / Rested Users,1,Lifestyle Risk Users,1,Low Activity Moderate Social Users,0,Low Stress Users,Light / Rested Users | Lifestyle Risk Users | Low Activity Moderate Social Users | Low Stress Users
3426,train,4.4,6.7,0.7,1.7,high,3.11,1,Heavy Daytime Social Media Users,0,Healthy Lifestyle Users,2,Moderately Social Users,0,Low Stress Users,Heavy Daytime Social Media Users | Healthy Lifestyle Users | Moderately Social Users | Low Stress Users
1471,train,4.5,6.2,2.2,1.9,high,2.42,2,Heavy Night Social Media Users,1,Lifestyle Risk Users,2,Moderately Social Users,1,High Stress Users,Heavy Night Social Media Users | Lifestyle Risk Users | Moderately Social Users | High Stress Users
760,train,6.4,6.9,2.9,0.9,low,2.48,2,Heavy Night Social Media Users,1,Lifestyle Risk Users,0,Socially Isolated Users,1,High Stress Users,Heavy Night Social Media Users | Lifestyle Risk Users | Socially Isolated Users | High Stress Users
2717,train,1.2,7.9,1.4,1.2,medium,3.54,0,Light / Rested Users,0,Healthy Lifestyle Users,2,Moderately Social Users,0,Low Stress Users,Light / Rested Users | Healthy Lifestyle Users | Moderately Social Users | Low Stress Users
3064,train,7.4,4.7,2.6,0.2,medium,2.03,2,Heavy Night Social Media Users,1,Lifestyle Risk Users,1,Low Activity Moderate Social Users,1,High Stress Users,Heavy Night Social Media Users | Lifestyle Risk Users | Low Activity Moderate Social Users | High Stress Users
2016,train,3.4,6.3,2.7,0.6,medium,2.75,2,Heavy Night Social Media Users,1,Lifestyle Risk Users,1,Low Activity Moderate Social Users,0,Low Stress Users,Heavy Night Social Media Users | Lifestyle Risk Users | Low Activity Moderate Social Users | Low Stress Users
1817,train,1.6,7.9,1.8,1.3,medium,4.0,0,Light / Rested Users,0,Healthy Lifestyle Users,2,Moderately Social Users,0,Low Stress Users,Light / Rested Users | Healthy Lifestyle Users | Moderately Social Users | Low Stress Users
76,train,1.1,7.1,1.8,0.8,high,2.55,0,Light / Rested Users,0,Healthy Lifestyle Users,2,Moderately Social Users,0,Low Stress Users,Light / Rested Users | Healthy Lifestyle Users | Moderately Social Users | Low Stress Users
987,train,7.0,8.9,0.7,0.4,medium,2.79,1,Heavy Daytime Social Media Users,0,Healthy Lifestyle Users,1,Low Activity Moderate Social Users,0,Low Stress Users,Heavy Daytime Social Media Users | Healthy Lifestyle Users | Low Activity Moderate Social Users | Low Stress Users
1840,train,3.0,6.5,1.8,1.8,low,3.28,0,Light / Rested Users,0,Healthy Lifestyle Users,0,Socially Isolated Users,0,Low Stress Users,Light / Rested Users | Healthy Lifestyle Users | Socially Isolated Users | Low Stress Users
972,train,3.0,5.5,2.1,0.7,low,3.08,2,Heavy Night Social Media Users,0,Healthy Lifestyle Users,0,Socially Isolated Users,1,High Stress Users,Heavy Night Social Media Users | Healthy Lifestyle Users | Socially Isolated Users | High Stress Users
3190,train,7.5,4.4,3.0,0.2,high,2.0,2,Heavy Night Social Media Users,1,Lifestyle Risk Users,1,Low Activity Moderate Social Users,1,High Stress Users,Heavy Night Social Media Users | Lifestyle Risk Users | Low Activity Moderate Social Users | High Stress Users
297,train,1.1,9.0,2.9,1.0,medium,2.74,0,Light / Rested Users,0,Healthy Lifestyle Users,2,Moderately Social Users,0,Low Stress Users,Light / Rested Users | Healthy Lifestyle Users | Moderately Social Users | Low Stress Users
1442,train,3.7,6.5,2.4,1.8,low,3.3,2,Heavy Night Social Media Users,0,Healthy Lifestyle Users,0,Socially Isolated Users,0,Low Stress Users,Heavy Night Social Media Users | Healthy Lifestyle Users | Socially Isolated Users | Low Stress Users
3135,train,2.0,7.7,1.2,0.7,low,3.34,0,Light / Rested Users,0,Healthy Lifestyle Users,0,Socially Isolated Users,0,Low Stress Users,Light / Rested Users | Healthy Lifestyle Users | Socially Isolated Users | Low Stress Users
3568,train,4.2,6.0,2.2,0.9,high,2.98,2,Heavy Night Social Media Users,1,Lifestyle Risk Users,1,Low Activity Moderate Social Users,0,Low Stress Users,Heavy Night Social Media Users | Lifestyle Risk Users | Low Activity Moderate Social Users | Low Stress Users
425,train,4.9,5.7,1.2,0.1,medium,2.07,1,Heavy Daytime Social Media Users,1,Lifestyle Risk Users,1,Low Activity Moderate Social Users,1,High Stress Users,Heavy Daytime Social Media Users | Lifestyle Risk Users | Low Activity Moderate Social Users | High Stress Users
468,train,5.5,4.9,2.6,0.8,medium,3.64,2,Heavy Night Social Media Users,1,Lifestyle Risk Users,1,Low Activity Moderate Social Users,1,High Stress Users,Heavy Night Social Media Users | Lifestyle Risk Users | Low Activity Moderate Social Users | High Stress Users
2597,train,2.0,6.5,2.8,0.9,low,3.43,0,Light / Rested Users,0,Healthy Lifestyle Users,0,Socially Isolated Users,0,Low Stress Users,Light / Rested Users | Healthy Lifestyle Users | Socially Isolated Users | Low Stress Users
3663,train,4.2,6.0,2.5,0.3,low,3.04,2,Heavy Night Social Media Users,1,Lifestyle Risk Users,0,Socially Isolated Users,0,Low Stress Users,Heavy Night Social Media Users | Lifestyle Risk Users | Socially Isolated Users | Low Stress Users
1638,train,2.3,7.0,2.1,0.7,medium,3.4,0,Light / Rested Users,0,Healthy Lifestyle Users,2,Moderately Social Users,0,Low Stress Users,Light / Rested Users | Healthy Lifestyle Users | Moderately Social Users | Low Stress Users
78,train,6.7,4.5,2.1,1.3,high,3.71,2,Heavy Night Social Media Users,1,Lifestyle Risk Users,1,Low Activity Moderate Social Users,1,High Stress Users,Heavy Night Social Media Users | Lifestyle Risk Users | Low Activity Moderate Social Users | High Stress Users
3423,train,6.5,4.5,1.8,1.9,high,2.46,2,Heavy Night Social Media Users,1,Lifestyle Risk Users,2,Moderately Social Users,1,High Stress Users,Heavy Night Social Media Users | Lifestyle Risk Users | Moderately Social Users | High Stress Users
3647,train,4.5,5.8,2.1,1.6,medium,3.25,2,Heavy Night Social Media Users,0,Healthy Lifestyle Users,2,Moderately Social Users,0,Low Stress Users,Heavy Night Social Media Users | Healthy Lifestyle Users | Moderately Social Users | Low Stress Users
1291,train,5.9,5.7,2.6,1.1,medium,2.4,2,Heavy Night Social Media Users,1,Lifestyle Risk Users,1,Low Activity Moderate Social Users,1,High Stress Users,Heavy Night Social Media Users | Lifestyle Risk Users | Low Activity Moderate Social Users | High Stress Users
516,train,1.3,5.1,2.2,0.6,high,3.44,2,Heavy Night Social Media Users,0,Healthy Lifestyle Users,2,Moderately Social Users,1,High Stress Users,Heavy Night Social Media Users | Healthy Lifestyle Users | Moderately Social Users | High Stress Users
2724,train,2.4,7.1,0.9,0.5,medium,3.17,0,Light / Rested Users,0,Healthy Lifestyle Users,2,Moderately Social Users,0,Low Stress Users,Light / Rested Users | Healthy Lifestyle Users | Moderately Social Users | Low Stress Users
1239,train,5.0,7.1,1.2,0.1,medium,2.82,1,Heavy Daytime Social Media Users,0,Healthy Lifestyle Users,1,Low Activity Moderate Social Users,1,High Stress Users,Heavy Daytime Social Media Users | Healthy Lifestyle Users | Low Activity Moderate Social Users | High Stress Users
458,train,7.2,7.0,1.3,0.9,low,3.86,1,Heavy Daytime Social Media Users,0,Healthy Lifestyle Users,0,Socially Isolated Users,1,High Stress Users,Heavy Daytime Social Media Users | Healthy Lifestyle Users | Socially Isolated Users | High Stress Users
582,train,2.9,7.5,1.4,1.7,low,3.42,0,Light / Rested Users,0,Healthy Lifestyle Users,0,Socially Isolated Users,0,Low Stress Users,Light / Rested Users | Healthy Lifestyle Users | Socially Isolated Users | Low Stress Users
1102,train,6.5,4.6,1.8,1.2,low,2.2,2,Heavy Night Social Media Users,1,Lifestyle Risk Users,0,Socially Isolated Users,1,High Stress Users,Heavy Night Social Media Users | Lifestyle Risk Users | Socially Isolated Users | High Stress Users
1555,train,3.8,6.3,2.3,0.7,low,2.87,2,Heavy Night Social Media Users,1,Lifestyle Risk Users,0,Socially Isolated Users,0,Low Stress Users,Heavy Night Social Media Users | Lifestyle Risk Users | Socially Isolated Users | Low Stress Users
1142,train,7.9,5.8,2.1,1.4,high,3.91,2,Heavy Night Social Media Users,1,Lifestyle Risk Users,1,Low Activity Moderate Social Users,1,High Stress Users,Heavy Night Social Media Users | Lifestyle Risk Users | Low Activity Moderate Social Users | High Stress Users
1569,train,4.8,5.7,2.6,1.3,medium,3.1,2,Heavy Night Social Media Users,1,Lifestyle Risk Users,2,Moderately Social Users,0,Low Stress Users,Heavy Night Social Media Users | Lifestyle Risk Users | Moderately Social Users | Low Stress Users
32,train,2.7,4.2,2.4,0.2,high,3.05,2,Heavy Night Social Media Users,1,Lifestyle Risk Users,1,Low Activity Moderate Social Users,0,Low Stress Users,Heavy Night Social Media Users | Lifestyle Risk Users | Low Activity Moderate Social Users | Low Stress Users
2992,train,7.6,4.5,1.9,1.2,medium,2.18,2,Heavy Night Social Media Users,1,Lifestyle Risk Users,1,Low Activity Moderate Social Users,1,High Stress Users,Heavy Night Social Media Users | Lifestyle Risk Users | Low Activity Moderate Social Users | High Stress Users
3447,train,1.4,7.7,1.1,1.7,high,3.48,0,Light / Rested Users,0,Healthy Lifestyle Users,2,Moderately Social Users,0,Low Stress Users,Light / Rested Users | Healthy Lifestyle Users | Moderately Social Users | Low Stress Users
3234,train,5.4,6.1,0.9,0.1,high,2.09,1,Heavy Daytime Social Media Users,1,Lifestyle Risk Users,1,Low Activity Moderate Social Users,1,High Stress Users,Heavy Daytime Social Media Users | Lifestyle Risk Users | Low Activity Moderate Social Users | High Stress Users
2002,train,3.9,6.3,1.3,0.6,medium,3.01,1,Heavy Daytime Social Media Users,0,Healthy Lifestyle Users,1,Low Activity Moderate Social Users,0,Low Stress Users,Heavy Daytime Social Media Users | Healthy Lifestyle Users | Low Activity Moderate Social Users | Low Stress Users
359,train,1.7,5.6,1.4,1.0,high,2.85,0,Light / Rested Users,0,Healthy Lifestyle Users,2,Moderately Social Users,0,Low Stress Users,Light / Rested Users | Healthy Lifestyle Users | Moderately Social Users | Low Stress Users
2950,train,3.0,5.9,2.5,0.0,low,2.57,2,Heavy Night Social Media Users,1,Lifestyle Risk Users,0,Socially Isolated Users,1,High Stress Users,Heavy Night Social Media Users | Lifestyle Risk Users | Socially Isolated Users | High Stress Users
1609,train,3.0,6.1,2.8,1.2,medium,3.34,2,Heavy Night Social Media Users,0,Healthy Lifestyle Users,2,Moderately Social Users,0,Low Stress Users,Heavy Night Social Media Users | Healthy Lifestyle Users | Moderately Social Users | Low Stress Users
1556,train,3.4,6.8,1.6,0.3,high,3.04,0,Light / Rested Users,0,Healthy Lifestyle Users,1,Low Activity Moderate Social Users,0,Low Stress Users,Light / Rested Users | Healthy Lifestyle Users | Low Activity Moderate Social Users | Low Stress Users
2798,train,5.5,5.1,2.7,0.4,high,2.27,2,Heavy Night Social Media Users,1,Lifestyle Risk Users,1,Low Activity Moderate Social Users,1,High Stress Users,Heavy Night Social Media Users | Lifestyle Risk Users | Low Activity Moderate Social Users | High Stress Users
2746,train,7.0,6.3,0.6,1.0,high,2.11,1,Heavy Daytime Social Media Users,1,Lifestyle Risk Users,1,Low Activity Moderate Social Users,1,High Stress Users,Heavy Daytime Social Media Users | Lifestyle Risk Users | Low Activity Moderate Social Users | High Stress Users
1232,train,1.9,7.2,1.3,0.7,high,3.79,0,Light / Rested Users,0,Healthy Lifestyle Users,2,Moderately Social Users,0,Low Stress Users,Light / Rested Users | Healthy Lifestyle Users | Moderately Social Users | Low Stress Users
1997,train,4.0,5.2,2.8,1.3,medium,3.49,2,Heavy Night Social Media Users,0,Healthy Lifestyle Users,2,Moderately Social Users,0,Low Stress Users,Heavy Night Social Media Users | Healthy Lifestyle Users | Moderately Social Users | Low Stress Users
1139,train,1.7,5.3,1.5,1.5,high,3.6,0,Light / Rested Users,0,Healthy Lifestyle Users,2,Moderately Social Users,0,Low Stress Users,Light / Rested Users | Healthy Lifestyle Users | Moderately Social Users | Low Stress Users
1529,train,3.6,6.2,1.2,0.4,medium,2.7,0,Light / Rested Users,1,Lifestyle Risk Users,1,Low Activity Moderate Social Users,0,Low Stress Users,Light / Rested Users | Lifestyle Risk Users | Low Activity Moderate Social Users | Low Stress Users
1729,train,3.9,6.1,2.4,1.7,low,2.88,2,Heavy Night Social Media Users,0,Healthy Lifestyle Users,0,Socially Isolated Users,0,Low Stress Users,Heavy Night Social Media Users | Healthy Lifestyle Users | Socially Isolated Users | Low Stress Users
1706,train,1.7,7.8,2.1,2.0,medium,3.81,0,Light / Rested Users,0,Healthy Lifestyle Users,2,Moderately Social Users,0,Low Stress Users,Light / Rested Users | Healthy Lifestyle Users | Moderately Social Users | Low Stress Users
1630,train,5.2,5.0,2.8,0.1,low,2.92,2,Heavy Night Social Media Users,1,Lifestyle Risk Users,0,Socially Isolated Users,1,High Stress Users,Heavy Night Social Media Users | Lifestyle Risk Users | Socially Isolated Users | High Stress Users
656,train,3.6,8.6,0.7,0.2,medium,2.42,0,Light / Rested Users,0,Healthy Lifestyle Users,1,Low Activity Moderate Social Users,0,Low Stress Users,Light / Rested Users | Healthy Lifestyle Users | Low Activity Moderate Social Users | Low Stress Users
2551,train,3.1,7.6,1.1,0.5,medium,3.52,0,Light / Rested Users,0,Healthy Lifestyle Users,1,Low Activity Moderate Social Users,0,Low Stress Users,Light / Rested Users | Healthy Lifestyle Users | Low Activity Moderate Social Users | Low Stress Users
2726,train,5.3,5.6,2.3,1.4,high,2.25,2,Heavy Night Social Media Users,1,Lifestyle Risk Users,2,Moderately Social Users,1,High Stress Users,Heavy Night Social Media Users | Lifestyle Risk Users | Moderately Social Users | High Stress Users
1040,train,4.1,6.4,1.4,1.6,high,2.26,1,Heavy Daytime Social Media Users,1,Lifestyle Risk Users,2,Moderately Social Users,0,Low Stress Users,Heavy Daytime Social Media Users | Lifestyle Risk Users | Moderately Social Users | Low Stress Users
588,train,5.2,5.6,1.5,0.1,low,3.13,1,Heavy Daytime Social Media Users,1,Lifestyle Risk Users,0,Socially Isolated Users,1,High Stress Users,Heavy Daytime Social Media Users | Lifestyle Risk Users | Socially Isolated Users | High Stress Users
991,train,5.6,5.9,2.0,0.6,low,2.97,2,Heavy Night Social Media Users,1,Lifestyle Risk Users,0,Socially Isolated Users,1,High Stress Users,Heavy Night Social Media Users | Lifestyle Risk Users | Socially Isolated Users | High Stress Users
3158,train,4.4,6.9,1.6,1.4,low,2.93,0,Light / Rested Users,0,Healthy Lifestyle Users,0,Socially Isolated Users,0,Low Stress Users,Light / Rested Users | Healthy Lifestyle Users | Socially Isolated Users | Low Stress Users
1765,train,1.2,7.2,1.6,1.5,high,3.95,0,Light / Rested Users,0,Healthy Lifestyle Users,2,Moderately Social Users,0,Low Stress Users,Light / Rested Users | Healthy Lifestyle Users | Moderately Social Users | Low Stress Users
548,train,3.8,7.5,0.5,1.0,medium,2.18,0,Light / Rested Users,0,Healthy Lifestyle Users,2,Moderately Social Users,0,Low Stress Users,Light / Rested Users | Healthy Lifestyle Users | Moderately Social Users | Low Stress Users
3035,train,5.4,6.5,1.1,1.5,low,3.37,1,Heavy Daytime Social Media Users,0,Healthy Lifestyle Users,0,Socially Isolated Users,0,Low Stress Users,Heavy Daytime Social Media Users | Healthy Lifestyle Users | Socially Isolated Users | Low Stress Users
2364,train,4.5,6.0,2.2,0.4,medium,2.52,2,Heavy Night Social Media Users,1,Lifestyle Risk Users,1,Low Activity Moderate Social Users,1,High Stress Users,Heavy Night Social Media Users | Lifestyle Risk Users | Low Activity Moderate Social Users | High Stress Users
1427,train,6.1,5.3,2.2,1.2,high,2.28,2,Heavy Night Social Media Users,1,Lifestyle Risk Users,1,Low Activity Moderate Social Users,1,High Stress Users,Heavy Night Social Media Users | Lifestyle Risk Users | Low Activity Moderate Social Users | High Stress Users
3121,train,1.7,7.3,0.9,0.8,low,3.47,0,Light / Rested Users,0,Healthy Lifestyle Users,0,Socially Isolated Users,0,Low Stress Users,Light / Rested Users | Healthy Lifestyle Users | Socially Isolated Users | Low Stress Users
2091,train,1.1,8.3,1.3,0.4,medium,4.0,0,Light / Rested Users,0,Healthy Lifestyle Users,2,Moderately Social Users,0,Low Stress Users,Light / Rested Users | Healthy Lifestyle Users | Moderately Social Users | Low Stress Users
683,train,3.7,4.0,0.9,1.4,medium,3.0,1,Heavy Daytime Social Media Users,1,Lifestyle Risk Users,2,Moderately Social Users,1,High Stress Users,Heavy Daytime Social Media Users | Lifestyle Risk Users | Moderately Social Users | High Stress Users
2708,train,6.0,6.2,0.9,1.2,medium,2.39,1,Heavy Daytime Social Media Users,1,Lifestyle Risk Users,1,Low Activity Moderate Social Users,1,High Stress Users,Heavy Daytime Social Media Users | Lifestyle Risk Users | Low Activity Moderate Social Users | High Stress Users
2713,train,5.2,5.5,1.2,0.9,low,2.13,1,Heavy Daytime Social Media Users,1,Lifestyle Risk Users,0,Socially Isolated Users,1,High Stress Users,Heavy Daytime Social Media Users | Lifestyle Risk Users | Socially Isolated Users | High Stress Users
2481,train,5.5,5.9,2.1,1.8,medium,3.0,2,Heavy Night Social Media Users,1,Lifestyle Risk Users,2,Moderately Social Users,1,High Stress Users,Heavy Night Social Media Users | Lifestyle Risk Users | Moderately Social Users | High Stress Users
3008,train,7.5,4.9,1.8,1.8,medium,2.09,1,Heavy Daytime Social Media Users,1,Lifestyle Risk Users,1,Low Activity Moderate Social Users,1,High Stress Users,Heavy Daytime Social Media Users | Lifestyle Risk Users | Low Activity Moderate Social Users | High Stress Users
3406,train,3.1,5.6,2.7,1.9,medium,3.31,2,Heavy Night Social Media Users,0,Healthy Lifestyle Users,2,Moderately Social Users,0,Low Stress Users,Heavy Night Social Media Users | Healthy Lifestyle Users | Moderately Social Users | Low Stress Users
1052,train,3.6,7.1,0.9,0.3,low,2.84,0,Light / Rested Users,0,Healthy Lifestyle Users,0,Socially Isolated Users,0,Low Stress Users,Light / Rested Users | Healthy Lifestyle Users | Socially Isolated Users | Low Stress Users
569,train,5.0,7.3,1.9,0.4,high,3.83,0,Light / Rested Users,0,Healthy Lifestyle Users,1,Low Activity Moderate Social Users,1,High Stress Users,Light / Rested Users | Healthy Lifestyle Users | Low Activity Moderate Social Users | High Stress Users
1162,train,5.5,5.8,2.5,1.0,low,2.34,2,Heavy Night Social Media Users,1,Lifestyle Risk Users,0,Socially Isolated Users,0,Low Stress Users,Heavy Night Social Media Users | Lifestyle Risk Users | Socially Isolated Users | Low Stress Users
3480,train,3.8,5.6,2.6,1.2,low,2.61,2,Heavy Night Social Media Users,1,Lifestyle Risk Users,0,Socially Isolated Users,1,High Stress Users,Heavy Night Social Media Users | Lifestyle Risk Users | Socially Isolated Users | High Stress Users
2493,train,3.8,7.7,0.7,0.2,low,3.53,0,Light / Rested Users,0,Healthy Lifestyle Users,0,Socially Isolated Users,0,Low Stress Users,Light / Rested Users | Healthy Lifestyle Users | Socially Isolated Users | Low Stress Users
3259,train,5.5,6.6,0.5,0.3,high,2.55,1,Heavy Daytime Social Media Users,1,Lifestyle Risk Users,1,Low Activity Moderate Social Users,1,High Stress Users,Heavy Daytime Social Media Users | Lifestyle Risk Users | Low Activity Moderate Social Users | High Stress Users
3672,train,5.9,5.1,1.7,1.4,medium,2.6,1,Heavy Daytime Social Media Users,1,Lifestyle Risk Users,1,Low Activity Moderate Social Users,1,High Stress Users,Heavy Daytime Social Media Users | Lifestyle Risk Users | Low Activity Moderate Social Users | High Stress Users
882,train,7.3,7.4,1.5,1.0,medium,2.84,1,Heavy Daytime Social Media Users,1,Lifestyle Risk Users,1,Low Activity Moderate Social Users,1,High Stress Users,Heavy Daytime Social Media Users | Lifestyle Risk Users | Low Activity Moderate Social Users | High Stress Users
2302,train,6.0,4.9,2.3,1.9,medium,2.78,2,Heavy Night Social Media Users,1,Lifestyle Risk Users,2,Moderately Social Users,1,High Stress Users,Heavy Night Social Media Users | Lifestyle Risk Users | Moderately Social Users | High Stress Users
932,train,6.6,6.1,1.7,1.8,low,2.67,1,Heavy Daytime Social Media Users,1,Lifestyle Risk Users,0,Socially Isolated Users,1,High Stress Users,Heavy Daytime Social Media Users | Lifestyle Risk Users | Socially Isolated Users | High Stress Users
762,train,1.3,7.7,1.9,1.5,low,2.27,0,Light / Rested Users,0,Healthy Lifestyle Users,0,Socially Isolated Users,0,Low Stress Users,Light / Rested Users | Healthy Lifestyle Users | Socially Isolated Users | Low Stress Users
3115,train,7.2,4.9,2.9,1.3,medium,2.51,2,Heavy Night Social Media Users,1,Lifestyle Risk Users,1,Low Activity Moderate Social Users,1,High Stress Users,Heavy Night Social Media Users | Lifestyle Risk Users | Low Activity Moderate Social Users | High Stress Users
2151,train,2.4,7.6,0.7,1.4,high,3.77,0,Light / Rested Users,0,Healthy Lifestyle Users,2,Moderately Social Users,0,Low Stress Users,Light / Rested Users | Healthy Lifestyle Users | Moderately Social Users | Low Stress Users
1379,train,5.4,6.6,1.8,0.8,high,2.2,1,Heavy Daytime Social Media Users,1,Lifestyle Risk Users,1,Low Activity Moderate Social Users,1,High Stress Users,Heavy Daytime Social Media Users | Lifestyle Risk Users | Low Activity Moderate Social Users | High Stress Users
241,train,5.3,6.7,0.7,1.8,high,3.59,1,Heavy Daytime Social Media Users,0,Healthy Lifestyle Users,2,Moderately Social Users,1,High Stress Users,Heavy Daytime Social Media Users | Healthy Lifestyle Users | Moderately Social Users | High Stress Users
412,train,1.1,7.0,1.9,0.9,medium,4.0,0,Light / Rested Users,0,Healthy Lifestyle Users,2,Moderately Social Users,0,Low Stress Users,Light / Rested Users | Healthy Lifestyle Users | Moderately Social Users | Low Stress Users
291,train,5.4,6.5,0.8,0.3,medium,3.17,1,Heavy Daytime Social Media Users,0,Healthy Lifestyle Users,1,Low Activity Moderate Social Users,1,High Stress Users,Heavy Daytime Social Media Users | Healthy Lifestyle Users | Low Activity Moderate Social Users | High Stress Users
1971,train,3.4,6.1,1.8,1.6,medium,3.23,0,Light / Rested Users,0,Healthy Lifestyle Users,2,Moderately Social Users,0,Low Stress Users,Light / Rested Users | Healthy Lifestyle Users | Moderately Social Users | Low Stress Users
2137,train,7.4,5.5,1.0,1.9,low,2.36,1,Heavy Daytime Social Media Users,1,Lifestyle Risk Users,0,Socially Isolated Users,1,High Stress Users,Heavy Daytime Social Media Users | Lifestyle Risk Users | Socially Isolated Users | High Stress Users
259,train,1.5,5.5,1.7,0.7,low,2.93,0,Light / Rested Users,0,Healthy Lifestyle Users,0,Socially Isolated Users,0,Low Stress Users,Light / Rested Users | Healthy Lifestyle Users | Socially Isolated Users | Low Stress Users
1404,train,5.7,5.7,0.9,0.6,high,2.31,1,Heavy Daytime Social Media Users,1,Lifestyle Risk Users,1,Low Activity Moderate Social Users,1,High Stress Users,Heavy Daytime Social Media Users | Lifestyle Risk Users | Low Activity Moderate Social Users | High Stress Users
3293,train,4.2,7.3,1.3,0.2,high,2.64,0,Light / Rested Users,0,Healthy Lifestyle Users,1,Low Activity Moderate Social Users,0,Low Stress Users,Light / Rested Users | Healthy Lifestyle Users | Low Activity Moderate Social Users | Low Stress Users
219,train,5.8,6.9,0.7,1.9,high,3.01,1,Heavy Daytime Social Media Users,0,Healthy Lifestyle Users,2,Moderately Social Users,1,High Stress Users,Heavy Daytime Social Media Users | Healthy Lifestyle Users | Moderately Social Users | High Stress Users
903,train,5.1,5.1,2.9,0.6,medium,3.99,2,Heavy Night Social Media Users,0,Healthy Lifestyle Users,1,Low Activity Moderate Social Users,0,Low Stress Users,Heavy Night Social Media Users | Healthy Lifestyle Users | Low Activity Moderate Social Users | Low Stress Users
901,train,6.3,5.7,1.4,1.1,low,2.03,1,Heavy Daytime Social Media Users,1,Lifestyle Risk Users,0,Socially Isolated Users,1,High Stress Users,Heavy Daytime Social Media Users | Lifestyle Risk Users | Socially Isolated Users | High Stress Users
2039,train,4.4,5.6,1.1,0.1,medium,2.37,1,Heavy Daytime Social Media Users,1,Lifestyle Risk Users,1,Low Activity Moderate Social Users,1,High Stress Users,Heavy Daytime Social Media Users | Lifestyle Risk Users | Low Activity Moderate Social Users | High Stress Users
3497,train,3.6,5.4,2.7,1.8,low,2.91,2,Heavy Night Social Media Users,1,Lifestyle Risk Users,0,Socially Isolated Users,0,Low Stress Users,Heavy Night Social Media Users | Lifestyle Risk Users | Socially Isolated Users | Low Stress Users
2400,train,7.5,5.2,1.9,0.6,medium,2.0,2,Heavy Night Social Media Users,1,Lifestyle Risk Users,1,Low Activity Moderate Social Users,1,High Stress Users,Heavy Night Social Media Users | Lifestyle Risk Users | Low Activity Moderate Social Users | High Stress Users
3089,train,2.2,7.6,1.7,1.3,high,3.82,0,Light / Rested Users,0,Healthy Lifestyle Users,2,Moderately Social Users,0,Low Stress Users,Light / Rested Users | Healthy Lifestyle Users | Moderately Social Users | Low Stress Users
2112,train,2.1,6.9,1.8,1.0,low,3.43,0,Light / Rested Users,0,Healthy Lifestyle Users,0,Socially Isolated Users,0,Low Stress Users,Light / Rested Users | Healthy Lifestyle Users | Socially Isolated Users | Low Stress Users
2025,train,2.3,6.5,2.2,1.6,low,3.58,0,Light / Rested Users,0,Healthy Lifestyle Users,0,Socially Isolated Users,0,Low Stress Users,Light / Rested Users | Healthy Lifestyle Users | Socially Isolated Users | Low Stress Users
1901,train,2.0,7.2,1.8,0.4,high,3.15,0,Light / Rested Users,0,Healthy Lifestyle Users,2,Moderately Social Users,0,Low Stress Users,Light / Rested Users | Healthy Lifestyle Users | Moderately Social Users | Low Stress Users
317,train,1.4,6.6,1.8,0.0,low,3.07,0,Light / Rested Users,0,Healthy Lifestyle Users,0,Socially Isolated Users,0,Low Stress Users,Light / Rested Users | Healthy Lifestyle Users | Socially Isolated Users | Low Stress Users
1979,train,2.7,6.9,1.4,0.8,medium,3.12,0,Light / Rested Users,0,Healthy Lifestyle Users,2,Moderately Social Users,0,Low Stress Users,Light / Rested Users | Healthy Lifestyle Users | Moderately Social Users | Low Stress Users
3390,train,3.6,6.8,2.8,0.7,medium,3.14,2,Heavy Night Social Media Users,0,Healthy Lifestyle Users,1,Low Activity Moderate Social Users,0,Low Stress Users,Heavy Night Social Media Users | Healthy Lifestyle Users | Low Activity Moderate Social Users | Low Stress Users
1587,train,6.8,4.6,1.3,0.0,medium,2.04,1,Heavy Daytime Social Media Users,1,Lifestyle Risk Users,1,Low Activity Moderate Social Users,1,High Stress Users,Heavy Daytime Social Media Users | Lifestyle Risk Users | Low Activity Moderate Social Users | High Stress Users
3452,train,6.9,5.8,1.0,0.6,high,2.47,1,Heavy Daytime Social Media Users,1,Lifestyle Risk Users,1,Low Activity Moderate Social Users,1,High Stress Users,Heavy Daytime Social Media Users | Lifestyle Risk Users | Low Activity Moderate Social Users | High Stress Users
2438,train,2.6,6.4,2.1,1.1,low,3.89,0,Light / Rested Users,0,Healthy Lifestyle Users,0,Socially Isolated Users,0,Low Stress Users,Light / Rested Users | Healthy Lifestyle Users | Socially Isolated Users | Low Stress Users
934,train,2.4,6.3,2.8,0.7,low,2.41,2,Heavy Night Social Media Users,1,Lifestyle Risk Users,0,Socially Isolated Users,1,High Stress Users,Heavy Night Social Media Users | Lifestyle Risk Users | Socially Isolated Users | High Stress Users
71,train,3.1,5.0,1.1,1.6,low,2.73,1,Heavy Daytime Social Media Users,1,Lifestyle Risk Users,0,Socially Isolated Users,0,Low Stress Users,Heavy Daytime Social Media Users | Lifestyle Risk Users | Socially Isolated Users | Low Stress Users
693,train,4.0,5.4,2.7,1.2,medium,2.88,2,Heavy Night Social Media Users,1,Lifestyle Risk Users,2,Moderately Social Users,1,High Stress Users,Heavy Night Social Media Users | Lifestyle Risk Users | Moderately Social Users | High Stress Users
2249,train,4.3,5.5,2.5,0.5,low,2.56,2,Heavy Night Social Media Users,1,Lifestyle Risk Users,0,Socially Isolated Users,1,High Stress Users,Heavy Night Social Media Users | Lifestyle Risk Users | Socially Isolated Users | High Stress Users
3657,train,7.8,5.1,1.4,1.0,high,2.04,1,Heavy Daytime Social Media Users,1,Lifestyle Risk Users,1,Low Activity Moderate Social Users,1,High Stress Users,Heavy Daytime Social Media Users | Lifestyle Risk Users | Low Activity Moderate Social Users | High Stress Users
997,train,3.1,4.2,0.8,1.6,medium,2.28,1,Heavy Daytime Social Media Users,1,Lifestyle Risk Users,2,Moderately Social Users,1,High Stress Users,Heavy Daytime Social Media Users | Lifestyle Risk Users | Moderately Social Users | High Stress Users
2274,train,7.3,5.6,0.7,0.3,low,2.22,1,Heavy Daytime Social Media Users,1,Lifestyle Risk Users,0,Socially Isolated Users,1,High Stress Users,Heavy Daytime Social Media Users | Lifestyle Risk Users | Socially Isolated Users | High Stress Users
1892,train,1.8,7.6,1.0,0.2,medium,3.4,0,Light / Rested Users,0,Healthy Lifestyle Users,0,Socially Isolated Users,0,Low Stress Users,Light / Rested Users | Healthy Lifestyle Users | Socially Isolated Users | Low Stress Users
2760,train,3.1,7.7,1.0,0.6,low,3.12,0,Light / Rested Users,0,Healthy Lifestyle Users,0,Socially Isolated Users,0,Low Stress Users,Light / Rested Users | Healthy Lifestyle Users | Socially Isolated Users | Low Stress Users
2758,train,3.1,6.0,2.3,0.2,high,2.66,2,Heavy Night Social Media Users,1,Lifestyle Risk Users,1,Low Activity Moderate Social Users,0,Low Stress Users,Heavy Night Social Media Users | Lifestyle Risk Users | Low Activity Moderate Social Users | Low Stress Users
1778,train,3.9,6.2,2.1,0.2,medium,3.19,2,Heavy Night Social Media Users,0,Healthy Lifestyle Users,1,Low Activity Moderate Social Users,1,High Stress Users,Heavy Night Social Media Users | Healthy Lifestyle Users | Low Activity Moderate Social Users | High Stress Users
1335,train,6.7,5.0,1.4,1.9,low,2.75,1,Heavy Daytime Social Media Users,1,Lifestyle Risk Users,0,Socially Isolated Users,1,High Stress Users,Heavy Daytime Social Media Users | Lifestyle Risk Users | Socially Isolated Users | High Stress Users
2769,train,2.1,7.4,2.1,1.1,high,3.78,0,Light / Rested Users,0,Healthy Lifestyle Users,2,Moderately Social Users,0,Low Stress Users,Light / Rested Users | Healthy Lifestyle Users | Moderately Social Users | Low Stress Users
1213,train,3.2,6.4,2.4,0.9,high,2.94,0,Light / Rested Users,0,Healthy Lifestyle Users,2,Moderately Social Users,0,Low Stress Users,Light / Rested Users | Healthy Lifestyle Users | Moderately Social Users | Low Stress Users
2205,train,4.3,6.4,0.8,0.8,high,3.37,1,Heavy Daytime Social Media Users,0,Healthy Lifestyle Users,1,Low Activity Moderate Social Users,0,Low Stress Users,Heavy Daytime Social Media Users | Healthy Lifestyle Users | Low Activity Moderate Social Users | Low Stress Users
2327,train,3.3,5.3,2.6,1.2,low,3.01,2,Heavy Night Social Media Users,1,Lifestyle Risk Users,0,Socially Isolated Users,0,Low Stress Users,Heavy Night Social Media Users | Lifestyle Risk Users | Socially Isolated Users | Low Stress Users
3680,train,7.2,4.4,2.8,0.8,high,2.05,2,Heavy Night Social Media Users,1,Lifestyle Risk Users,1,Low Activity Moderate Social Users,1,High Stress Users,Heavy Night Social Media Users | Lifestyle Risk Users | Low Activity Moderate Social Users | High Stress Users
378,train,4.1,6.4,2.0,1.5,medium,3.69,0,Light / Rested Users,0,Healthy Lifestyle Users,2,Moderately Social Users,1,High Stress Users,Light / Rested Users | Healthy Lifestyle Users | Moderately Social Users | High Stress Users
617,train,7.1,8.8,1.8,0.8,low,3.99,0,Light / Rested Users,0,Healthy Lifestyle Users,0,Socially Isolated Users,1,High Stress Users,Light / Rested Users | Healthy Lifestyle Users | Socially Isolated Users | High Stress Users
2926,train,6.1,4.4,2.8,1.8,medium,2.2,2,Heavy Night Social Media Users,1,Lifestyle Risk Users,2,Moderately Social Users,1,High Stress Users,Heavy Night Social Media Users | Lifestyle Risk Users | Moderately Social Users | High Stress Users
209,train,4.8,6.8,1.0,1.1,medium,2.6,1,Heavy Daytime Social Media Users,0,Healthy Lifestyle Users,1,Low Activity Moderate Social Users,0,Low Stress Users,Heavy Daytime Social Media Users | Healthy Lifestyle Users | Low Activity Moderate Social Users | Low Stress Users
114,train,4.3,7.5,2.7,0.8,high,2.29,0,Light / Rested Users,1,Lifestyle Risk Users,1,Low Activity Moderate Social Users,0,Low Stress Users,Light / Rested Users | Lifestyle Risk Users | Low Activity Moderate Social Users | Low Stress Users
1908,train,4.6,5.8,2.9,0.6,high,2.77,2,Heavy Night Social Media Users,1,Lifestyle Risk Users,1,Low Activity Moderate Social Users,1,High Stress Users,Heavy Night Social Media Users | Lifestyle Risk Users | Low Activity Moderate Social Users | High Stress Users
2851,train,6.8,5.0,2.3,1.5,high,2.47,2,Heavy Night Social Media Users,1,Lifestyle Risk Users,1,Low Activity Moderate Social Users,1,High Stress Users,Heavy Night Social Media Users | Lifestyle Risk Users | Low Activity Moderate Social Users | High Stress Users
2679,train,2.7,6.9,1.9,0.2,high,2.88,0,Light / Rested Users,0,Healthy Lifestyle Users,1,Low Activity Moderate Social Users,0,Low Stress Users,Light / Rested Users | Healthy Lifestyle Users | Low Activity Moderate Social Users | Low Stress Users
1703,train,3.2,6.3,2.0,0.8,high,2.84,0,Light / Rested Users,0,Healthy Lifestyle Users,2,Moderately Social Users,0,Low Stress Users,Light / Rested Users | Healthy Lifestyle Users | Moderately Social Users | Low Stress Users
137,train,2.1,4.7,2.0,1.9,low,2.99,2,Heavy Night Social Media Users,0,Healthy Lifestyle Users,0,Socially Isolated Users,0,Low Stress Users,Heavy Night Social Media Users | Healthy Lifestyle Users | Socially Isolated Users | Low Stress Users
384,train,7.5,4.8,0.7,2.0,high,2.91,1,Heavy Daytime Social Media Users,1,Lifestyle Risk Users,1,Low Activity Moderate Social Users,1,High Stress Users,Heavy Daytime Social Media Users | Lifestyle Risk Users | Low Activity Moderate Social Users | High Stress Users
2467,train,7.6,5.3,1.3,0.5,high,2.22,1,Heavy Daytime Social Media Users,1,Lifestyle Risk Users,1,Low Activity Moderate Social Users,1,High Stress Users,Heavy Daytime Social Media Users | Lifestyle Risk Users | Low Activity Moderate Social Users | High Stress Users
2211,train,7.7,5.4,1.0,1.4,low,2.05,1,Heavy Daytime Social Media Users,1,Lifestyle Risk Users,0,Socially Isolated Users,1,High Stress Users,Heavy Daytime Social Media Users | Lifestyle Risk Users | Socially Isolated Users | High Stress Users
22,train,5.3,4.9,1.2,1.2,low,3.69,1,Heavy Daytime Social Media Users,0,Healthy Lifestyle Users,0,Socially Isolated Users,1,High Stress Users,Heavy Daytime Social Media Users | Healthy Lifestyle Users | Socially Isolated Users | High Stress Users
3694,train,4.0,7.5,1.7,1.6,low,3.51,0,Light / Rested Users,0,Healthy Lifestyle Users,0,Socially Isolated Users,0,Low Stress Users,Light / Rested Users | Healthy Lifestyle Users | Socially Isolated Users | Low Stress Users
2571,train,1.3,7.7,1.6,0.7,high,3.63,0,Light / Rested Users,0,Healthy Lifestyle Users,2,Moderately Social Users,0,Low Stress Users,Light / Rested Users | Healthy Lifestyle Users | Moderately Social Users | Low Stress Users
577,train,2.1,5.2,2.5,0.3,low,3.1,2,Heavy Night Social Media Users,0,Healthy Lifestyle Users,0,Socially Isolated Users,1,High Stress Users,Heavy Night Social Media Users | Healthy Lifestyle Users | Socially Isolated Users | High Stress Users
2023,train,2.6,7.5,1.2,0.0,high,3.32,0,Light / Rested Users,0,Healthy Lifestyle Users,1,Low Activity Moderate Social Users,0,Low Stress Users,Light / Rested Users | Healthy Lifestyle Users | Low Activity Moderate Social Users | Low Stress Users
678,train,3.8,7.1,2.5,0.9,low,3.81,0,Light / Rested Users,0,Healthy Lifestyle Users,0,Socially Isolated Users,1,High Stress Users,Light / Rested Users | Healthy Lifestyle Users | Socially Isolated Users | High Stress Users
3010,train,3.5,6.2,1.6,0.9,medium,3.07,0,Light / Rested Users,0,Healthy Lifestyle Users,2,Moderately Social Users,0,Low Stress Users,Light / Rested Users | Healthy Lifestyle Users | Moderately Social Users | Low Stress Users
3310,train,3.5,7.2,0.5,1.5,high,3.16,0,Light / Rested Users,0,Healthy Lifestyle Users,2,Moderately Social Users,0,Low Stress Users,Light / Rested Users | Healthy Lifestyle Users | Moderately Social Users | Low Stress Users
1946,train,6.9,4.3,1.6,1.0,low,2.44,1,Heavy Daytime Social Media Users,1,Lifestyle Risk Users,0,Socially Isolated Users,1,High Stress Users,Heavy Daytime Social Media Users | Lifestyle Risk Users | Socially Isolated Users | High Stress Users
562,train,5.1,8.2,2.8,0.5,high,2.18,0,Light / Rested Users,1,Lifestyle Risk Users,1,Low Activity Moderate Social Users,1,High Stress Users,Light / Rested Users | Lifestyle Risk Users | Low Activity Moderate Social Users | High Stress Users
3065,train,2.9,7.6,1.6,1.3,low,3.31,0,Light / Rested Users,0,Healthy Lifestyle Users,0,Socially Isolated Users,0,Low Stress Users,Light / Rested Users | Healthy Lifestyle Users | Socially Isolated Users | Low Stress Users
3263,train,2.0,6.6,2.3,0.9,high,3.61,0,Light / Rested Users,0,Healthy Lifestyle Users,2,Moderately Social Users,0,Low Stress Users,Light / Rested Users | Healthy Lifestyle Users | Moderately Social Users | Low Stress Users
1655,train,3.7,5.8,1.0,0.8,low,3.01,1,Heavy Daytime Social Media Users,0,Healthy Lifestyle Users,0,Socially Isolated Users,0,Low Stress Users,Heavy Daytime Social Media Users | Healthy Lifestyle Users | Socially Isolated Users | Low Stress Users
738,train,2.0,8.4,1.5,1.2,low,2.83,0,Light / Rested Users,0,Healthy Lifestyle Users,0,Socially Isolated Users,0,Low Stress Users,Light / Rested Users | Healthy Lifestyle Users | Socially Isolated Users | Low Stress Users
975,train,3.6,5.5,1.2,1.9,low,2.49,1,Heavy Daytime Social Media Users,1,Lifestyle Risk Users,0,Socially Isolated Users,0,Low Stress Users,Heavy Daytime Social Media Users | Lifestyle Risk Users | Socially Isolated Users | Low Stress Users
212,train,2.5,6.8,1.0,1.0,high,3.77,0,Light / Rested Users,0,Healthy Lifestyle Users,2,Moderately Social Users,0,Low Stress Users,Light / Rested Users | Healthy Lifestyle Users | Moderately Social Users | Low Stress Users
2911,train,2.3,7.0,2.9,1.1,high,3.54,0,Light / Rested Users,0,Healthy Lifestyle Users,2,Moderately Social Users,0,Low Stress Users,Light / Rested Users | Healthy Lifestyle Users | Moderately Social Users | Low Stress Users
2312,train,5.2,5.9,1.8,1.0,low,2.88,1,Heavy Daytime Social Media Users,1,Lifestyle Risk Users,0,Socially Isolated Users,1,High Stress Users,Heavy Daytime Social Media Users | Lifestyle Risk Users | Socially Isolated Users | High Stress Users
446,train,4.1,8.2,1.7,1.4,high,2.32,0,Light / Rested Users,0,Healthy Lifestyle Users,2,Moderately Social Users,0,Low Stress Users,Light / Rested Users | Healthy Lifestyle Users | Moderately Social Users | Low Stress Users
2535,train,1.5,7.9,1.2,0.5,low,3.7,0,Light / Rested Users,0,Healthy Lifestyle Users,0,Socially Isolated Users,0,Low Stress Users,Light / Rested Users | Healthy Lifestyle Users | Socially Isolated Users | Low Stress Users
668,train,7.0,5.7,1.6,1.2,medium,3.45,1,Heavy Daytime Social Media Users,1,Lifestyle Risk Users,1,Low Activity Moderate Social Users,1,High Stress Users,Heavy Daytime Social Media Users | Lifestyle Risk Users | Low Activity Moderate Social Users | High Stress Users
1375,train,1.1,8.4,0.8,0.7,medium,3.84,0,Light / Rested Users,0,Healthy Lifestyle Users,2,Moderately Social Users,0,Low Stress Users,Light / Rested Users | Healthy Lifestyle Users | Moderately Social Users | Low Stress Users
2036,train,6.4,6.0,0.6,0.6,low,2.38,1,Heavy Daytime Social Media Users,1,Lifestyle Risk Users,0,Socially Isolated Users,1,High Stress Users,Heavy Daytime Social Media Users | Lifestyle Risk Users | Socially Isolated Users | High Stress Users
3058,train,2.6,7.7,0.6,0.8,low,3.51,0,Light / Rested Users,0,Healthy Lifestyle Users,0,Socially Isolated Users,0,Low Stress Users,Light / Rested Users | Healthy Lifestyle Users | Socially Isolated Users | Low Stress Users
1667,train,1.7,8.6,0.9,1.6,high,4.0,0,Light / Rested Users,0,Healthy Lifestyle Users,2,Moderately Social Users,0,Low Stress Users,Light / Rested Users | Healthy Lifestyle Users | Moderately Social Users | Low Stress Users
1828,train,6.6,5.4,1.7,1.1,high,2.65,1,Heavy Daytime Social Media Users,1,Lifestyle Risk Users,1,Low Activity Moderate Social Users,1,High Stress Users,Heavy Daytime Social Media Users | Lifestyle Risk Users | Low Activity Moderate Social Users | High Stress Users
2402,train,4.4,6.1,2.2,0.7,low,2.91,2,Heavy Night Social Media Users,1,Lifestyle Risk Users,0,Socially Isolated Users,0,Low Stress Users,Heavy Night Social Media Users | Lifestyle Risk Users | Socially Isolated Users | Low Stress Users
1307,train,6.2,5.7,1.4,0.2,medium,2.0,1,Heavy Daytime Social Media Users,1,Lifestyle Risk Users,1,Low Activity Moderate Social Users,1,High Stress Users,Heavy Daytime Social Media Users | Lifestyle Risk Users | Low Activity Moderate Social Users | High Stress Users
2799,train,6.8,5.1,1.7,1.8,low,2.92,1,Heavy Daytime Social Media Users,1,Lifestyle Risk Users,0,Socially Isolated Users,1,High Stress Users,Heavy Daytime Social Media Users | Lifestyle Risk Users | Socially Isolated Users | High Stress Users
1009,train,6.3,4.7,2.4,0.9,medium,2.3,2,Heavy Night Social Media Users,1,Lifestyle Risk Users,1,Low Activity Moderate Social Users,1,High Stress Users,Heavy Night Social Media Users | Lifestyle Risk Users | Low Activity Moderate Social Users | High Stress Users
2,train,1.3,7.6,0.5,0.0,high,3.92,0,Light / Rested Users,0,Healthy Lifestyle Users,1,Low Activity Moderate Social Users,0,Low Stress Users,Light / Rested Users | Healthy Lifestyle Users | Low Activity Moderate Social Users | Low Stress Users
1064,train,2.5,7.1,1.6,0.7,medium,3.97,0,Light / Rested Users,0,Healthy Lifestyle Users,2,Moderately Social Users,1,High Stress Users,Light / Rested Users | Healthy Lifestyle Users | Moderately Social Users | High Stress Users
1761,train,4.9,5.5,2.8,1.9,high,2.27,2,Heavy Night Social Media Users,1,Lifestyle Risk Users,2,Moderately Social Users,1,High Stress Users,Heavy Night Social Media Users | Lifestyle Risk Users | Moderately Social Users | High Stress Users
3393,train,2.9,7.0,1.1,0.3,medium,3.19,0,Light / Rested Users,0,Healthy Lifestyle Users,1,Low Activity Moderate Social Users,0,Low Stress Users,Light / Rested Users | Healthy Lifestyle Users | Low Activity Moderate Social Users | Low Stress Users
1445,train,2.7,7.0,1.3,1.0,medium,3.72,0,Light / Rested Users,0,Healthy Lifestyle Users,2,Moderately Social Users,0,Low Stress Users,Light / Rested Users | Healthy Lifestyle Users | Moderately Social Users | Low Stress Users
2828,train,1.9,7.9,0.8,1.0,high,3.73,0,Light / Rested Users,0,Healthy Lifestyle Users,2,Moderately Social Users,0,Low Stress Users,Light / Rested Users | Healthy Lifestyle Users | Moderately Social Users | Low Stress Users
3688,train,7.6,4.0,3.0,1.0,low,2.03,2,Heavy Night Social Media Users,1,Lifestyle Risk Users,0,Socially Isolated Users,1,High Stress Users,Heavy Night Social Media Users | Lifestyle Risk Users | Socially Isolated Users | High Stress Users
3577,train,6.1,6.4,0.8,0.8,high,2.52,1,Heavy Daytime Social Media Users,1,Lifestyle Risk Users,1,Low Activity Moderate Social Users,1,High Stress Users,Heavy Daytime Social Media Users | Lifestyle Risk Users | Low Activity Moderate Social Users | High Stress Users
2508,train,5.2,6.0,1.9,1.8,low,2.72,2,Heavy Night Social Media Users,1,Lifestyle Risk Users,0,Socially Isolated Users,1,High Stress Users,Heavy Night Social Media Users | Lifestyle Risk Users | Socially Isolated Users | High Stress Users
2929,train,6.2,6.4,1.8,1.6,high,3.13,1,Heavy Daytime Social Media Users,1,Lifestyle Risk Users,2,Moderately Social Users,0,Low Stress Users,Heavy Daytime Social Media Users | Lifestyle Risk Users | Moderately Social Users | Low Stress Users
911,train,7.4,6.7,2.0,1.5,low,2.42,1,Heavy Daytime Social Media Users,1,Lifestyle Risk Users,0,Socially Isolated Users,1,High Stress Users,Heavy Daytime Social Media Users | Lifestyle Risk Users | Socially Isolated Users | High Stress Users
88,train,5.6,5.3,1.7,0.9,medium,2.77,1,Heavy Daytime Social Media Users,1,Lifestyle Risk Users,1,Low Activity Moderate Social Users,1,High Stress Users,Heavy Daytime Social Media Users | Lifestyle Risk Users | Low Activity Moderate Social Users | High Stress Users
2826,train,1.3,8.8,0.6,2.0,medium,4.0,0,Light / Rested Users,0,Healthy Lifestyle Users,2,Moderately Social Users,0,Low Stress Users,Light / Rested Users | Healthy Lifestyle Users | Moderately Social Users | Low Stress Users
3325,train,1.7,6.8,2.5,0.9,high,3.89,0,Light / Rested Users,0,Healthy Lifestyle Users,2,Moderately Social Users,0,Low Stress Users,Light / Rested Users | Healthy Lifestyle Users | Moderately Social Users | Low Stress Users
3047,train,2.9,5.7,2.0,1.9,medium,3.24,2,Heavy Night Social Media Users,0,Healthy Lifestyle Users,2,Moderately Social Users,0,Low Stress Users,Heavy Night Social Media Users | Healthy Lifestyle Users | Moderately Social Users | Low Stress Users
2831,train,7.6,4.2,2.9,1.5,medium,2.0,2,Heavy Night Social Media Users,1,Lifestyle Risk Users,1,Low Activity Moderate Social Users,1,High Stress Users,Heavy Night Social Media Users | Lifestyle Risk Users | Low Activity Moderate Social Users | High Stress Users
2692,train,1.4,7.3,0.6,2.0,high,3.75,0,Light / Rested Users,0,Healthy Lifestyle Users,2,Moderately Social Users,0,Low Stress Users,Light / Rested Users | Healthy Lifestyle Users | Moderately Social Users | Low Stress Users
83,train,7.4,5.6,1.4,1.7,high,2.95,1,Heavy Daytime Social Media Users,1,Lifestyle Risk Users,1,Low Activity Moderate Social Users,1,High Stress Users,Heavy Daytime Social Media Users | Lifestyle Risk Users | Low Activity Moderate Social Users | High Stress Users
1769,train,2.8,5.3,2.9,0.4,low,2.87,2,Heavy Night Social Media Users,1,Lifestyle Risk Users,0,Socially Isolated Users,0,Low Stress Users,Heavy Night Social Media Users | Lifestyle Risk Users | Socially Isolated Users | Low Stress Users
2884,train,5.2,5.4,2.0,0.5,high,2.5,2,Heavy Night Social Media Users,1,Lifestyle Risk Users,1,Low Activity Moderate Social Users,1,High Stress Users,Heavy Night Social Media Users | Lifestyle Risk Users | Low Activity Moderate Social Users | High Stress Users
1744,train,3.8,6.9,0.8,1.5,medium,3.09,0,Light / Rested Users,0,Healthy Lifestyle Users,2,Moderately Social Users,0,Low Stress Users,Light / Rested Users | Healthy Lifestyle Users | Moderately Social Users | Low Stress Users
330,train,1.4,7.0,1.8,0.9,low,2.69,0,Light / Rested Users,0,Healthy Lifestyle Users,0,Socially Isolated Users,0,Low Stress Users,Light / Rested Users | Healthy Lifestyle Users | Socially Isolated Users | Low Stress Users
2586,train,3.7,5.4,2.6,1.7,low,3.11,2,Heavy Night Social Media Users,0,Healthy Lifestyle Users,0,Socially Isolated Users,0,Low Stress Users,Heavy Night Social Media Users | Healthy Lifestyle Users | Socially Isolated Users | Low Stress Users
2148,train,6.7,4.4,2.8,0.0,high,2.06,2,Heavy Night Social Media Users,1,Lifestyle Risk Users,1,Low Activity Moderate Social Users,1,High Stress Users,Heavy Night Social Media Users | Lifestyle Risk Users | Low Activity Moderate Social Users | High Stress Users
1240,train,3.8,6.4,2.2,1.2,medium,3.13,2,Heavy Night Social Media Users,0,Healthy Lifestyle Users,2,Moderately Social Users,0,Low Stress Users,Heavy Night Social Media Users | Healthy Lifestyle Users | Moderately Social Users | Low Stress Users
1939,train,4.6,4.9,2.3,1.2,high,2.18,2,Heavy Night Social Media Users,1,Lifestyle Risk Users,2,Moderately Social Users,1,High Stress Users,Heavy Night Social Media Users | Lifestyle Risk Users | Moderately Social Users | High Stress Users
496,train,3.2,5.1,1.6,1.8,medium,2.87,2,Heavy Night Social Media Users,0,Healthy Lifestyle Users,2,Moderately Social Users,1,High Stress Users,Heavy Night Social Media Users | Healthy Lifestyle Users | Moderately Social Users | High Stress Users
3634,train,7.8,4.9,0.8,1.9,high,2.14,1,Heavy Daytime Social Media Users,1,Lifestyle Risk Users,1,Low Activity Moderate Social Users,1,High Stress Users,Heavy Daytime Social Media Users | Lifestyle Risk Users | Low Activity Moderate Social Users | High Stress Users
3228,train,6.8,5.0,2.5,0.9,medium,2.18,2,Heavy Night Social Media Users,1,Lifestyle Risk Users,1,Low Activity Moderate Social Users,1,High Stress Users,Heavy Night Social Media Users | Lifestyle Risk Users | Low Activity Moderate Social Users | High Stress Users
2789,train,1.9,7.2,2.6,2.0,medium,3.71,0,Light / Rested Users,0,Healthy Lifestyle Users,2,Moderately Social Users,0,Low Stress Users,Light / Rested Users | Healthy Lifestyle Users | Moderately Social Users | Low Stress Users
865,train,6.5,5.4,2.1,1.8,low,3.44,2,Heavy Night Social Media Users,1,Lifestyle Risk Users,0,Socially Isolated Users,1,High Stress Users,Heavy Night Social Media Users | Lifestyle Risk Users | Socially Isolated Users | High Stress Users
1125,train,5.7,6.7,2.6,1.8,high,2.35,2,Heavy Night Social Media Users,1,Lifestyle Risk Users,2,Moderately Social Users,1,High Stress Users,Heavy Night Social Media Users | Lifestyle Risk Users | Moderately Social Users | High Stress Users
57,train,6.4,5.3,2.4,1.7,medium,2.03,2,Heavy Night Social Media Users,1,Lifestyle Risk Users,2,Moderately Social Users,1,High Stress Users,Heavy Night Social Media Users | Lifestyle Risk Users | Moderately Social Users | High Stress Users
488,train,3.2,6.2,2.6,1.9,high,3.72,2,Heavy Night Social Media Users,0,Healthy Lifestyle Users,2,Moderately Social Users,1,High Stress Users,Heavy Night Social Media Users | Healthy Lifestyle Users | Moderately Social Users | High Stress Users
1495,train,1.3,7.6,0.7,1.8,medium,3.51,0,Light / Rested Users,0,Healthy Lifestyle Users,2,Moderately Social Users,0,Low Stress Users,Light / Rested Users | Healthy Lifestyle Users | Moderately Social Users | Low Stress Users
3448,train,2.0,6.1,2.5,1.7,high,3.18,0,Light / Rested Users,0,Healthy Lifestyle Users,2,Moderately Social Users,0,Low Stress Users,Light / Rested Users | Healthy Lifestyle Users | Moderately Social Users | Low Stress Users
1752,train,3.5,6.0,1.5,0.9,medium,2.76,0,Light / Rested Users,0,Healthy Lifestyle Users,2,Moderately Social Users,0,Low Stress Users,Light / Rested Users | Healthy Lifestyle Users | Moderately Social Users | Low Stress Users
2315,train,5.3,5.2,2.5,0.7,high,2.42,2,Heavy Night Social Media Users,1,Lifestyle Risk Users,1,Low Activity Moderate Social Users,1,High Stress Users,Heavy Night Social Media Users | Lifestyle Risk Users | Low Activity Moderate Social Users | High Stress Users
3687,train,4.6,6.3,1.9,0.9,high,2.88,2,Heavy Night Social Media Users,1,Lifestyle Risk Users,1,Low Activity Moderate Social Users,0,Low Stress Users,Heavy Night Social Media Users | Lifestyle Risk Users | Low Activity Moderate Social Users | Low Stress Users
1352,train,5.2,5.0,2.7,0.0,high,2.52,2,Heavy Night Social Media Users,1,Lifestyle Risk Users,1,Low Activity Moderate Social Users,1,High Stress Users,Heavy Night Social Media Users | Lifestyle Risk Users | Low Activity Moderate Social Users | High Stress Users
721,train,3.8,5.3,2.3,0.4,low,3.42,2,Heavy Night Social Media Users,0,Healthy Lifestyle Users,0,Socially Isolated Users,1,High Stress Users,Heavy Night Social Media Users | Healthy Lifestyle Users | Socially Isolated Users | High Stress Users
3245,train,7.4,5.0,1.6,1.8,high,2.2,1,Heavy Daytime Social Media Users,1,Lifestyle Risk Users,1,Low Activity Moderate Social Users,1,High Stress Users,Heavy Daytime Social Media Users | Lifestyle Risk Users | Low Activity Moderate Social Users | High Stress Users
3175,train,7.4,4.8,2.0,0.4,medium,2.36,2,Heavy Night Social Media Users,1,Lifestyle Risk Users,1,Low Activity Moderate Social Users,1,High Stress Users,Heavy Night Social Media Users | Lifestyle Risk Users | Low Activity Moderate Social Users | High Stress Users
3364,train,4.2,7.0,1.7,1.3,high,2.93,0,Light / Rested Users,0,Healthy Lifestyle Users,2,Moderately Social Users,0,Low Stress Users,Light / Rested Users | Healthy Lifestyle Users | Moderately Social Users | Low Stress Users
3013,train,5.7,6.3,0.7,2.0,medium,3.12,1,Heavy Daytime Social Media Users,0,Healthy Lifestyle Users,2,Moderately Social Users,1,High Stress Users,Heavy Daytime Social Media Users | Healthy Lifestyle Users | Moderately Social Users | High Stress Users
1599,train,5.1,5.4,1.7,1.3,medium,2.63,1,Heavy Daytime Social Media Users,1,Lifestyle Risk Users,2,Moderately Social Users,1,High Stress Users,Heavy Daytime Social Media Users | Lifestyle Risk Users | Moderately Social Users | High Stress Users
2819,train,1.7,6.8,2.9,0.7,medium,3.99,0,Light / Rested Users,0,Healthy Lifestyle Users,2,Moderately Social Users,0,Low Stress Users,Light / Rested Users | Healthy Lifestyle Users | Moderately Social Users | Low Stress Users
2812,train,6.6,6.4,0.8,0.4,high,2.38,1,Heavy Daytime Social Media Users,1,Lifestyle Risk Users,1,Low Activity Moderate Social Users,1,High Stress Users,Heavy Daytime Social Media Users | Lifestyle Risk Users | Low Activity Moderate Social Users | High Stress Users
310,train,7.3,6.4,2.3,0.7,low,2.53,2,Heavy Night Social Media Users,1,Lifestyle Risk Users,0,Socially Isolated Users,1,High Stress Users,Heavy Night Social Media Users | Lifestyle Risk Users | Socially Isolated Users | High Stress Users
831,train,7.8,4.7,1.1,2.0,medium,3.53,1,Heavy Daytime Social Media Users,1,Lifestyle Risk Users,1,Low Activity Moderate Social Users,1,High Stress Users,Heavy Daytime Social Media Users | Lifestyle Risk Users | Low Activity Moderate Social Users | High Stress Users
2176,train,3.1,6.8,2.7,0.9,medium,3.15,0,Light / Rested Users,0,Healthy Lifestyle Users,2,Moderately Social Users,0,Low Stress Users,Light / Rested Users | Healthy Lifestyle Users | Moderately Social Users | Low Stress Users
3194,train,1.6,8.2,0.6,0.8,medium,4.0,0,Light / Rested Users,0,Healthy Lifestyle Users,2,Moderately Social Users,0,Low Stress Users,Light / Rested Users | Healthy Lifestyle Users | Moderately Social Users | Low Stress Users
1255,train,3.6,6.5,1.8,1.9,high,3.19,0,Light / Rested Users,0,Healthy Lifestyle Users,2,Moderately Social Users,0,Low Stress Users,Light / Rested Users | Healthy Lifestyle Users | Moderately Social Users | Low Stress Users
390,train,5.4,7.8,1.8,1.0,high,3.46,0,Light / Rested Users,0,Healthy Lifestyle Users,1,Low Activity Moderate Social Users,0,Low Stress Users,Light / Rested Users | Healthy Lifestyle Users | Low Activity Moderate Social Users | Low Stress Users
2100,train,3.0,6.7,1.8,0.9,low,2.96,0,Light / Rested Users,0,Healthy Lifestyle Users,0,Socially Isolated Users,0,Low Stress Users,Light / Rested Users | Healthy Lifestyle Users | Socially Isolated Users | Low Stress Users
3211,train,2.7,7.5,0.7,0.3,medium,2.92,0,Light / Rested Users,0,Healthy Lifestyle Users,1,Low Activity Moderate Social Users,0,Low Stress Users,Light / Rested Users | Healthy Lifestyle Users | Low Activity Moderate Social Users | Low Stress Users
1457,train,3.3,6.1,1.9,1.7,low,3.15,0,Light / Rested Users,0,Healthy Lifestyle Users,0,Socially Isolated Users,0,Low Stress Users,Light / Rested Users | Healthy Lifestyle Users | Socially Isolated Users | Low Stress Users
143,train,3.9,5.2,1.8,0.6,high,2.41,2,Heavy Night Social Media Users,1,Lifestyle Risk Users,1,Low Activity Moderate Social Users,1,High Stress Users,Heavy Night Social Media Users | Lifestyle Risk Users | Low Activity Moderate Social Users | High Stress Users
1624,train,3.5,6.9,1.0,0.5,medium,3.01,0,Light / Rested Users,0,Healthy Lifestyle Users,1,Low Activity Moderate Social Users,0,Low Stress Users,Light / Rested Users | Healthy Lifestyle Users | Low Activity Moderate Social Users | Low Stress Users
240,train,4.7,5.1,2.2,1.1,medium,2.03,2,Heavy Night Social Media Users,1,Lifestyle Risk Users,1,Low Activity Moderate Social Users,1,High Stress Users,Heavy Night Social Media Users | Lifestyle Risk Users | Low Activity Moderate Social Users | High Stress Users
1665,train,7.7,4.6,1.0,0.9,high,2.0,1,Heavy Daytime Social Media Users,1,Lifestyle Risk Users,1,Low Activity Moderate Social Users,1,High Stress Users,Heavy Daytime Social Media Users | Lifestyle Risk Users | Low Activity Moderate Social Users | High Stress Users
792,train,4.7,4.4,2.1,0.9,low,3.92,2,Heavy Night Social Media Users,0,Healthy Lifestyle Users,0,Socially Isolated Users,1,High Stress Users,Heavy Night Social Media Users | Healthy Lifestyle Users | Socially Isolated Users | High Stress Users
2410,train,4.6,6.1,2.0,0.4,low,2.12,2,Heavy Night Social Media Users,1,Lifestyle Risk Users,0,Socially Isolated Users,1,High Stress Users,Heavy Night Social Media Users | Lifestyle Risk Users | Socially Isolated Users | High Stress Users
3331,train,4.7,5.5,2.1,1.8,medium,2.3,2,Heavy Night Social Media Users,1,Lifestyle Risk Users,2,Moderately Social Users,1,High Stress Users,Heavy Night Social Media Users | Lifestyle Risk Users | Moderately Social Users | High Stress Users
3123,train,7.1,4.7,2.9,1.5,high,2.04,2,Heavy Night Social Media Users,1,Lifestyle Risk Users,1,Low Activity Moderate Social Users,1,High Stress Users,Heavy Night Social Media Users | Lifestyle Risk Users | Low Activity Moderate Social Users | High Stress Users
20,train,3.4,4.6,2.1,0.4,high,2.24,2,Heavy Night Social Media Users,1,Lifestyle Risk Users,1,Low Activity Moderate Social Users,0,Low Stress Users,Heavy Night Social Media Users | Lifestyle Risk Users | Low Activity Moderate Social Users | Low Stress Users
2648,train,2.2,7.5,0.5,0.0,low,3.47,0,Light / Rested Users,0,Healthy Lifestyle Users,0,Socially Isolated Users,0,Low Stress Users,Light / Rested Users | Healthy Lifestyle Users | Socially Isolated Users | Low Stress Users
2956,train,2.2,6.8,2.3,1.9,high,3.42,0,Light / Rested Users,0,Healthy Lifestyle Users,2,Moderately Social Users,0,Low Stress Users,Light / Rested Users | Healthy Lifestyle Users | Moderately Social Users | Low Stress Users
2174,train,1.6,7.9,0.7,1.1,medium,3.73,0,Light / Rested Users,0,Healthy Lifestyle Users,2,Moderately Social Users,0,Low Stress Users,Light / Rested Users | Healthy Lifestyle Users | Moderately Social Users | Low Stress Users
1231,train,7.8,5.4,1.6,1.1,low,2.39,1,Heavy Daytime Social Media Users,1,Lifestyle Risk Users,0,Socially Isolated Users,1,High Stress Users,Heavy Daytime Social Media Users | Lifestyle Risk Users | Socially Isolated Users | High Stress Users
2055,train,1.0,7.9,1.3,0.1,high,3.52,0,Light / Rested Users,0,Healthy Lifestyle Users,2,Moderately Social Users,0,Low Stress Users,Light / Rested Users | Healthy Lifestyle Users | Moderately Social Users | Low Stress Users
1154,train,6.6,5.2,2.2,0.8,high,2.98,2,Heavy Night Social Media Users,1,Lifestyle Risk Users,1,Low Activity Moderate Social Users,1,High Stress Users,Heavy Night Social Media Users | Lifestyle Risk Users | Low Activity Moderate Social Users | High Stress Users
1453,train,7.1,5.5,0.8,1.4,high,2.69,1,Heavy Daytime Social Media Users,1,Lifestyle Risk Users,1,Low Activity Moderate Social Users,1,High Stress Users,Heavy Daytime Social Media Users | Lifestyle Risk Users | Low Activity Moderate Social Users | High Stress Users
1948,train,5.9,6.1,1.1,0.2,medium,2.36,1,Heavy Daytime Social Media Users,1,Lifestyle Risk Users,1,Low Activity Moderate Social Users,1,High Stress Users,Heavy Daytime Social Media Users | Lifestyle Risk Users | Low Activity Moderate Social Users | High Stress Users
59,train,7.1,5.6,0.6,1.0,medium,3.07,1,Heavy Daytime Social Media Users,1,Lifestyle Risk Users,1,Low Activity Moderate Social Users,0,Low Stress Users,Heavy Daytime Social Media Users | Lifestyle Risk Users | Low Activity Moderate Social Users | Low Stress Users
1968,train,7.8,4.4,2.0,1.2,medium,2.0,2,Heavy Night Social Media Users,1,Lifestyle Risk Users,1,Low Activity Moderate Social Users,1,High Stress Users,Heavy Night Social Media Users | Lifestyle Risk Users | Low Activity Moderate Social Users | High Stress Users
1370,train,3.4,6.9,1.3,1.9,low,3.4,0,Light / Rested Users,0,Healthy Lifestyle Users,0,Socially Isolated Users,0,Low Stress Users,Light / Rested Users | Healthy Lifestyle Users | Socially Isolated Users | Low Stress Users
589,train,3.5,8.7,1.4,1.3,high,3.5,0,Light / Rested Users,0,Healthy Lifestyle Users,2,Moderately Social Users,0,Low Stress Users,Light / Rested Users | Healthy Lifestyle Users | Moderately Social Users | Low Stress Users
2794,train,6.4,4.1,2.4,0.6,low,2.0,2,Heavy Night Social Media Users,1,Lifestyle Risk Users,0,Socially Isolated Users,1,High Stress Users,Heavy Night Social Media Users | Lifestyle Risk Users | Socially Isolated Users | High Stress Users
54,train,6.8,6.5,2.7,1.9,low,2.97,2,Heavy Night Social Media Users,1,Lifestyle Risk Users,0,Socially Isolated Users,1,High Stress Users,Heavy Night Social Media Users | Lifestyle Risk Users | Socially Isolated Users | High Stress Users
2072,train,3.1,7.5,1.7,0.4,medium,3.68,0,Light / Rested Users,0,Healthy Lifestyle Users,1,Low Activity Moderate Social Users,0,Low Stress Users,Light / Rested Users | Healthy Lifestyle Users | Low Activity Moderate Social Users | Low Stress Users
2230,train,1.4,8.2,1.6,0.4,medium,4.0,0,Light / Rested Users,0,Healthy Lifestyle Users,2,Moderately Social Users,0,Low Stress Users,Light / Rested Users | Healthy Lifestyle Users | Moderately Social Users | Low Stress Users
899,train,6.1,5.8,1.8,0.2,low,3.59,1,Heavy Daytime Social Media Users,1,Lifestyle Risk Users,0,Socially Isolated Users,0,Low Stress Users,Heavy Daytime Social Media Users | Lifestyle Risk Users | Socially Isolated Users | Low Stress Users
3558,train,2.4,7.1,1.3,0.8,high,3.86,0,Light / Rested Users,0,Healthy Lifestyle Users,2,Moderately Social Users,0,Low Stress Users,Light / Rested Users | Healthy Lifestyle Users | Moderately Social Users | Low Stress Users
1085,train,5.8,4.4,1.8,1.0,high,3.8,2,Heavy Night Social Media Users,1,Lifestyle Risk Users,1,Low Activity Moderate Social Users,0,Low Stress Users,Heavy Night Social Media Users | Lifestyle Risk Users | Low Activity Moderate Social Users | Low Stress Users
3253,train,3.0,6.5,2.7,0.8,low,3.14,2,Heavy Night Social Media Users,0,Healthy Lifestyle Users,0,Socially Isolated Users,0,Low Stress Users,Heavy Night Social Media Users | Healthy Lifestyle Users | Socially Isolated Users | Low Stress Users
565,train,6.9,8.3,2.4,1.2,high,3.34,0,Light / Rested Users,0,Healthy Lifestyle Users,1,Low Activity Moderate Social Users,0,Low Stress Users,Light / Rested Users | Healthy Lifestyle Users | Low Activity Moderate Social Users | Low Stress Users
1500,train,5.3,6.5,0.7,0.7,low,2.33,1,Heavy Daytime Social Media Users,1,Lifestyle Risk Users,0,Socially Isolated Users,1,High Stress Users,Heavy Daytime Social Media Users | Lifestyle Risk Users | Socially Isolated Users | High Stress Users
799,train,7.6,4.2,2.8,0.7,high,3.87,2,Heavy Night Social Media Users,1,Lifestyle Risk Users,1,Low Activity Moderate Social Users,1,High Stress Users,Heavy Night Social Media Users | Lifestyle Risk Users | Low Activity Moderate Social Users | High Stress Users
2732,train,3.9,7.3,0.6,1.7,high,3.26,0,Light / Rested Users,0,Healthy Lifestyle Users,2,Moderately Social Users,0,Low Stress Users,Light / Rested Users | Healthy Lifestyle Users | Moderately Social Users | Low Stress Users
661,train,6.4,5.6,0.8,1.9,medium,4.0,1,Heavy Daytime Social Media Users,0,Healthy Lifestyle Users,2,Moderately Social Users,0,Low Stress Users,Heavy Daytime Social Media Users | Healthy Lifestyle Users | Moderately Social Users | Low Stress Users
165,train,8.0,4.6,2.6,0.1,high,3.06,2,Heavy Night Social Media Users,1,Lifestyle Risk Users,1,Low Activity Moderate Social Users,1,High Stress Users,Heavy Night Social Media Users | Lifestyle Risk Users | Low Activity Moderate Social Users | High Stress Users
948,train,4.8,4.3,2.2,0.0,medium,2.5,2,Heavy Night Social Media Users,1,Lifestyle Risk Users,1,Low Activity Moderate Social Users,0,Low Stress Users,Heavy Night Social Media Users | Lifestyle Risk Users | Low Activity Moderate Social Users | Low Stress Users
61,train,1.5,4.7,1.0,0.6,medium,3.82,0,Light / Rested Users,0,Healthy Lifestyle Users,2,Moderately Social Users,0,Low Stress Users,Light / Rested Users | Healthy Lifestyle Users | Moderately Social Users | Low Stress Users
863,train,7.5,8.1,2.8,0.5,medium,2.58,2,Heavy Night Social Media Users,1,Lifestyle Risk Users,1,Low Activity Moderate Social Users,0,Low Stress Users,Heavy Night Social Media Users | Lifestyle Risk Users | Low Activity Moderate Social Users | Low Stress Users
2013,train,4.0,6.2,1.3,0.9,low,2.91,1,Heavy Daytime Social Media Users,0,Healthy Lifestyle Users,0,Socially Isolated Users,0,Low Stress Users,Heavy Daytime Social Media Users | Healthy Lifestyle Users | Socially Isolated Users | Low Stress Users
449,train,1.5,8.4,3.0,1.5,high,2.46,0,Light / Rested Users,0,Healthy Lifestyle Users,2,Moderately Social Users,0,Low Stress Users,Light / Rested Users | Healthy Lifestyle Users | Moderately Social Users | Low Stress Users
459,train,4.5,6.7,2.2,0.3,low,3.73,2,Heavy Night Social Media Users,0,Healthy Lifestyle Users,0,Socially Isolated Users,0,Low Stress Users,Heavy Night Social Media Users | Healthy Lifestyle Users | Socially Isolated Users | Low Stress Users
2104,train,2.1,7.3,1.0,1.3,high,3.51,0,Light / Rested Users,0,Healthy Lifestyle Users,2,Moderately Social Users,0,Low Stress Users,Light / Rested Users | Healthy Lifestyle Users | Moderately Social Users | Low Stress Users
3357,train,4.9,5.4,1.4,1.6,low,2.63,1,Heavy Daytime Social Media Users,1,Lifestyle Risk Users,0,Socially Isolated Users,1,High Stress Users,Heavy Daytime Social Media Users | Lifestyle Risk Users | Socially Isolated Users | High Stress Users
1399,train,3.1,7.2,0.8,0.4,medium,3.38,0,Light / Rested Users,0,Healthy Lifestyle Users,1,Low Activity Moderate Social Users,0,Low Stress Users,Light / Rested Users | Healthy Lifestyle Users | Low Activity Moderate Social Users | Low Stress Users
2126,train,2.0,6.2,1.7,1.9,low,3.13,0,Light / Rested Users,0,Healthy Lifestyle Users,0,Socially Isolated Users,0,Low Stress Users,Light / Rested Users | Healthy Lifestyle Users | Socially Isolated Users | Low Stress Users
2030,train,4.1,5.0,2.8,1.5,high,3.45,2,Heavy Night Social Media Users,1,Lifestyle Risk Users,2,Moderately Social Users,0,Low Stress Users,Heavy Night Social Media Users | Lifestyle Risk Users | Moderately Social Users | Low Stress Users
1010,train,6.8,7.1,2.9,0.6,low,3.26,2,Heavy Night Social Media Users,1,Lifestyle Risk Users,0,Socially Isolated Users,1,High Stress Users,Heavy Night Social Media Users | Lifestyle Risk Users | Socially Isolated Users | High Stress Users
3166,train,7.4,4.9,1.3,0.6,high,2.59,1,Heavy Daytime Social Media Users,1,Lifestyle Risk Users,1,Low Activity Moderate Social Users,1,High Stress Users,Heavy Daytime Social Media Users | Lifestyle Risk Users | Low Activity Moderate Social Users | High Stress Users
3216,train,2.5,7.9,0.6,0.3,low,3.14,0,Light / Rested Users,0,Healthy Lifestyle Users,0,Socially Isolated Users,0,Low Stress Users,Light / Rested Users | Healthy Lifestyle Users | Socially Isolated Users | Low Stress Users
1867,train,5.7,6.2,1.3,1.6,medium,2.6,1,Heavy Daytime Social Media Users,1,Lifestyle Risk Users,2,Moderately Social Users,1,High Stress Users,Heavy Daytime Social Media Users | Lifestyle Risk Users | Moderately Social Users | High Stress Users
1386,train,1.4,8.4,1.8,1.2,medium,3.76,0,Light / Rested Users,0,Healthy Lifestyle Users,2,Moderately Social Users,0,Low Stress Users,Light / Rested Users | Healthy Lifestyle Users | Moderately Social Users | Low Stress Users
272,train,7.0,8.9,2.8,0.4,high,2.84,0,Light / Rested Users,0,Healthy Lifestyle Users,1,Low Activity Moderate Social Users,1,High Stress Users,Light / Rested Users | Healthy Lifestyle Users | Low Activity Moderate Social Users | High Stress Users
1921,train,7.0,5.3,2.4,0.9,high,2.23,2,Heavy Night Social Media Users,1,Lifestyle Risk Users,1,Low Activity Moderate Social Users,1,High Stress Users,Heavy Night Social Media Users | Lifestyle Risk Users | Low Activity Moderate Social Users | High Stress Users
837,train,2.5,5.7,2.1,0.6,low,3.33,2,Heavy Night Social Media Users,0,Healthy Lifestyle Users,0,Socially Isolated Users,0,Low Stress Users,Heavy Night Social Media Users | Healthy Lifestyle Users | Socially Isolated Users | Low Stress Users
3272,train,4.5,6.0,2.8,0.0,high,2.7,2,Heavy Night Social Media Users,1,Lifestyle Risk Users,1,Low Activity Moderate Social Users,0,Low Stress Users,Heavy Night Social Media Users | Lifestyle Risk Users | Low Activity Moderate Social Users | Low Stress Users
2290,train,5.9,5.0,3.0,1.4,low,2.38,2,Heavy Night Social Media Users,1,Lifestyle Risk Users,0,Socially Isolated Users,1,High Stress Users,Heavy Night Social Media Users | Lifestyle Risk Users | Socially Isolated Users | High Stress Users
2913,train,2.3,5.9,2.2,0.3,low,3.33,0,Light / Rested Users,0,Healthy Lifestyle Users,0,Socially Isolated Users,0,Low Stress Users,Light / Rested Users | Healthy Lifestyle Users | Socially Isolated Users | Low Stress Users
102,train,1.6,4.2,1.5,1.7,medium,3.72,2,Heavy Night Social Media Users,0,Healthy Lifestyle Users,2,Moderately Social Users,0,Low Stress Users,Heavy Night Social Media Users | Healthy Lifestyle Users | Moderately Social Users | Low Stress Users
3564,train,5.0,5.4,1.7,1.8,low,2.65,1,Heavy Daytime Social Media Users,1,Lifestyle Risk Users,0,Socially Isolated Users,1,High Stress Users,Heavy Daytime Social Media Users | Lifestyle Risk Users | Socially Isolated Users | High Stress Users
3302,train,1.7,7.8,1.6,0.4,high,3.53,0,Light / Rested Users,0,Healthy Lifestyle Users,2,Moderately Social Users,0,Low Stress Users,Light / Rested Users | Healthy Lifestyle Users | Moderately Social Users | Low Stress Users
1804,train,4.0,6.3,1.7,1.2,low,2.73,0,Light / Rested Users,0,Healthy Lifestyle Users,0,Socially Isolated Users,1,High Stress Users,Light / Rested Users | Healthy Lifestyle Users | Socially Isolated Users | High Stress Users
242,train,6.0,6.0,0.7,1.4,low,3.29,1,Heavy Daytime Social Media Users,0,Healthy Lifestyle Users,0,Socially Isolated Users,1,High Stress Users,Heavy Daytime Social Media Users | Healthy Lifestyle Users | Socially Isolated Users | High Stress Users
1808,train,2.3,7.4,0.9,0.5,medium,3.23,0,Light / Rested Users,0,Healthy Lifestyle Users,2,Moderately Social Users,0,Low Stress Users,Light / Rested Users | Healthy Lifestyle Users | Moderately Social Users | Low Stress Users
1218,train,3.9,6.9,1.8,0.6,medium,3.05,0,Light / Rested Users,0,Healthy Lifestyle Users,1,Low Activity Moderate Social Users,0,Low Stress Users,Light / Rested Users | Healthy Lifestyle Users | Low Activity Moderate Social Users | Low Stress Users
1903,train,7.6,6.0,1.5,1.7,medium,2.33,1,Heavy Daytime Social Media Users,1,Lifestyle Risk Users,1,Low Activity Moderate Social Users,1,High Stress Users,Heavy Daytime Social Media Users | Lifestyle Risk Users | Low Activity Moderate Social Users | High Stress Users
3418,train,6.6,6.1,2.0,0.9,high,2.17,2,Heavy Night Social Media Users,1,Lifestyle Risk Users,1,Low Activity Moderate Social Users,1,High Stress Users,Heavy Night Social Media Users | Lifestyle Risk Users | Low Activity Moderate Social Users | High Stress Users
463,train,6.9,8.5,1.5,1.3,low,3.55,1,Heavy Daytime Social Media Users,0,Healthy Lifestyle Users,0,Socially Isolated Users,0,Low Stress Users,Heavy Daytime Social Media Users | Healthy Lifestyle Users | Socially Isolated Users | Low Stress Users
2454,train,6.7,5.4,1.9,0.7,low,2.16,2,Heavy Night Social Media Users,1,Lifestyle Risk Users,0,Socially Isolated Users,1,High Stress Users,Heavy Night Social Media Users | Lifestyle Risk Users | Socially Isolated Users | High Stress Users
6,train,2.5,6.4,2.4,0.7,low,2.63,0,Light / Rested Users,0,Healthy Lifestyle Users,0,Socially Isolated Users,0,Low Stress Users,Light / Rested Users | Healthy Lifestyle Users | Socially Isolated Users | Low Stress Users
2115,train,3.6,7.4,0.6,2.0,high,3.41,0,Light / Rested Users,0,Healthy Lifestyle Users,2,Moderately Social Users,0,Low Stress Users,Light / Rested Users | Healthy Lifestyle Users | Moderately Social Users | Low Stress Users
153,train,7.0,8.9,0.6,1.8,medium,2.7,1,Heavy Daytime Social Media Users,0,Healthy Lifestyle Users,1,Low Activity Moderate Social Users,0,Low Stress Users,Heavy Daytime Social Media Users | Healthy Lifestyle Users | Low Activity Moderate Social Users | Low Stress Users
601,train,2.3,4.9,1.7,0.3,medium,2.07,2,Heavy Night Social Media Users,1,Lifestyle Risk Users,0,Socially Isolated Users,0,Low Stress Users,Heavy Night Social Media Users | Lifestyle Risk Users | Socially Isolated Users | Low Stress Users
386,train,6.7,5.0,0.6,1.5,medium,2.75,1,Heavy Daytime Social Media Users,1,Lifestyle Risk Users,1,Low Activity Moderate Social Users,1,High Stress Users,Heavy Daytime Social Media Users | Lifestyle Risk Users | Low Activity Moderate Social Users | High Stress Users
3571,train,7.7,5.2,0.9,1.9,high,2.13,1,Heavy Daytime Social Media Users,1,Lifestyle Risk Users,1,Low Activity Moderate Social Users,1,High Stress Users,Heavy Daytime Social Media Users | Lifestyle Risk Users | Low Activity Moderate Social Users | High Stress Users
752,train,5.2,7.6,1.3,1.5,high,3.89,0,Light / Rested Users,0,Healthy Lifestyle Users,2,Moderately Social Users,0,Low Stress Users,Light / Rested Users | Healthy Lifestyle Users | Moderately Social Users | Low Stress Users
1553,train,5.2,5.8,1.6,1.6,low,2.92,1,Heavy Daytime Social Media Users,1,Lifestyle Risk Users,0,Socially Isolated Users,0,Low Stress Users,Heavy Daytime Social Media Users | Lifestyle Risk Users | Socially Isolated Users | Low Stress Users
682,train,5.2,5.5,1.6,0.5,medium,3.08,1,Heavy Daytime Social Media Users,1,Lifestyle Risk Users,1,Low Activity Moderate Social Users,1,High Stress Users,Heavy Daytime Social Media Users | Lifestyle Risk Users | Low Activity Moderate Social Users | High Stress Users
157,train,2.1,7.8,2.1,1.5,low,3.29,0,Light / Rested Users,0,Healthy Lifestyle Users,0,Socially Isolated Users,0,Low Stress Users,Light / Rested Users | Healthy Lifestyle Users | Socially Isolated Users | Low Stress Users
110,train,4.8,7.1,0.6,0.7,high,3.36,1,Heavy Daytime Social Media Users,0,Healthy Lifestyle Users,1,Low Activity Moderate Social Users,1,High Stress Users,Heavy Daytime Social Media Users | Healthy Lifestyle Users | Low Activity Moderate Social Users | High Stress Users
322,train,6.4,7.4,1.5,0.6,low,2.92,1,Heavy Daytime Social Media Users,1,Lifestyle Risk Users,0,Socially Isolated Users,1,High Stress Users,Heavy Daytime Social Media Users | Lifestyle Risk Users | Socially Isolated Users | High Stress Users
2276,train,3.3,5.9,2.6,1.9,low,3.31,2,Heavy Night Social Media Users,0,Healthy Lifestyle Users,0,Socially Isolated Users,0,Low Stress Users,Heavy Night Social Media Users | Healthy Lifestyle Users | Socially Isolated Users | Low Stress Users
2026,train,1.3,6.8,2.7,0.4,low,3.76,0,Light / Rested Users,0,Healthy Lifestyle Users,0,Socially Isolated Users,0,Low Stress Users,Light / Rested Users | Healthy Lifestyle Users | Socially Isolated Users | Low Stress Users
2910,train,5.1,6.4,2.0,0.9,high,2.69,2,Heavy Night Social Media Users,1,Lifestyle Risk Users,1,Low Activity Moderate Social Users,1,High Stress Users,Heavy Night Social Media Users | Lifestyle Risk Users | Low Activity Moderate Social Users | High Stress Users
1451,train,4.1,7.6,1.1,1.9,low,3.71,0,Light / Rested Users,0,Healthy Lifestyle Users,0,Socially Isolated Users,0,Low Stress Users,Light / Rested Users | Healthy Lifestyle Users | Socially Isolated Users | Low Stress Users
3560,train,4.9,5.3,2.6,0.9,low,2.61,2,Heavy Night Social Media Users,1,Lifestyle Risk Users,0,Socially Isolated Users,1,High Stress Users,Heavy Night Social Media Users | Lifestyle Risk Users | Socially Isolated Users | High Stress Users
3463,train,1.2,8.7,1.3,0.1,low,3.67,0,Light / Rested Users,0,Healthy Lifestyle Users,0,Socially Isolated Users,0,Low Stress Users,Light / Rested Users | Healthy Lifestyle Users | Socially Isolated Users | Low Stress Users
2138,train,7.2,4.5,2.7,1.3,low,2.29,2,Heavy Night Social Media Users,1,Lifestyle Risk Users,0,Socially Isolated Users,1,High Stress Users,Heavy Night Social Media Users | Lifestyle Risk Users | Socially Isolated Users | High Stress Users
2927,train,5.4,5.5,1.3,1.4,medium,2.46,1,Heavy Daytime Social Media Users,1,Lifestyle Risk Users,2,Moderately Social Users,1,High Stress Users,Heavy Daytime Social Media Users | Lifestyle Risk Users | Moderately Social Users | High Stress Users
1287,train,5.8,4.7,2.6,1.6,medium,2.31,2,Heavy Night Social Media Users,1,Lifestyle Risk Users,2,Moderately Social Users,1,High Stress Users,Heavy Night Social Media Users | Lifestyle Risk Users | Moderately Social Users | High Stress Users
2808,train,3.0,6.2,2.5,0.6,high,3.05,2,Heavy Night Social Media Users,0,Healthy Lifestyle Users,2,Moderately Social Users,0,Low Stress Users,Heavy Night Social Media Users | Healthy Lifestyle Users | Moderately Social Users | Low Stress Users
3450,train,5.4,5.7,0.8,1.3,high,2.81,1,Heavy Daytime Social Media Users,1,Lifestyle Risk Users,1,Low Activity Moderate Social Users,1,High Stress Users,Heavy Daytime Social Media Users | Lifestyle Risk Users | Low Activity Moderate Social Users | High Stress Users
3298,train,1.6,6.6,2.6,2.0,low,3.65,0,Light / Rested Users,0,Healthy Lifestyle Users,2,Moderately Social Users,0,Low Stress Users,Light / Rested Users | Healthy Lifestyle Users | Moderately Social Users | Low Stress Users
1150,train,1.1,5.4,1.6,1.5,medium,3.34,0,Light / Rested Users,0,Healthy Lifestyle Users,2,Moderately Social Users,0,Low Stress Users,Light / Rested Users | Healthy Lifestyle Users | Moderately Social Users | Low Stress Users
1205,train,5.2,6.0,2.9,1.3,low,2.87,2,Heavy Night Social Media Users,1,Lifestyle Risk Users,0,Socially Isolated Users,1,High Stress Users,Heavy Night Social Media Users | Lifestyle Risk Users | Socially Isolated Users | High Stress Users
1740,train,4.6,6.2,1.5,1.5,low,3.12,1,Heavy Daytime Social Media Users,0,Healthy Lifestyle Users,0,Socially Isolated Users,0,Low Stress Users,Heavy Daytime Social Media Users | Healthy Lifestyle Users | Socially Isolated Users | Low Stress Users
525,train,3.1,6.9,1.9,1.2,medium,2.2,0,Light / Rested Users,1,Lifestyle Risk Users,2,Moderately Social Users,0,Low Stress Users,Light / Rested Users | Lifestyle Risk Users | Moderately Social Users | Low Stress Users
1486,train,4.8,5.6,1.9,0.9,high,2.98,2,Heavy Night Social Media Users,1,Lifestyle Risk Users,1,Low Activity Moderate Social Users,1,High Stress Users,Heavy Night Social Media Users | Lifestyle Risk Users | Low Activity Moderate Social Users | High Stress Users
267,train,4.9,6.8,1.0,1.9,high,3.18,1,Heavy Daytime Social Media Users,0,Healthy Lifestyle Users,2,Moderately Social Users,0,Low Stress Users,Heavy Daytime Social Media Users | Healthy Lifestyle Users | Moderately Social Users | Low Stress Users
908,train,5.0,8.6,0.7,1.5,low,2.99,0,Light / Rested Users,0,Healthy Lifestyle Users,0,Socially Isolated Users,0,Low Stress Users,Light / Rested Users | Healthy Lifestyle Users | Socially Isolated Users | Low Stress Users
2435,train,2.3,5.6,2.3,0.0,high,2.73,2,Heavy Night Social Media Users,1,Lifestyle Risk Users,1,Low Activity Moderate Social Users,0,Low Stress Users,Heavy Night Social Media Users | Lifestyle Risk Users | Low Activity Moderate Social Users | Low Stress Users
432,train,3.7,7.2,0.6,1.8,high,3.34,0,Light / Rested Users,0,Healthy Lifestyle Users,2,Moderately Social Users,0,Low Stress Users,Light / Rested Users | Healthy Lifestyle Users | Moderately Social Users | Low Stress Users
1634,train,5.2,6.3,1.3,1.6,high,2.77,1,Heavy Daytime Social Media Users,1,Lifestyle Risk Users,2,Moderately Social Users,0,Low Stress Users,Heavy Daytime Social Media Users | Lifestyle Risk Users | Moderately Social Users | Low Stress Users
836,train,3.6,4.4,2.4,0.7,medium,2.53,2,Heavy Night Social Media Users,1,Lifestyle Risk Users,1,Low Activity Moderate Social Users,0,Low Stress Users,Heavy Night Social Media Users | Lifestyle Risk Users | Low Activity Moderate Social Users | Low Stress Users
894,train,2.1,6.8,2.2,1.0,medium,2.33,0,Light / Rested Users,0,Healthy Lifestyle Users,2,Moderately Social Users,0,Low Stress Users,Light / Rested Users | Healthy Lifestyle Users | Moderately Social Users | Low Stress Users
2735,train,3.6,5.3,2.2,0.2,high,2.75,2,Heavy Night Social Media Users,1,Lifestyle Risk Users,1,Low Activity Moderate Social Users,1,High Stress Users,Heavy Night Social Media Users | Lifestyle Risk Users | Low Activity Moderate Social Users | High Stress Users
14,train,5.7,5.9,0.8,0.7,low,3.5,1,Heavy Daytime Social Media Users,0,Healthy Lifestyle Users,0,Socially Isolated Users,1,High Stress Users,Heavy Daytime Social Media Users | Healthy Lifestyle Users | Socially Isolated Users | High Stress Users
261,train,3.6,8.6,2.8,0.7,high,3.28,0,Light / Rested Users,0,Healthy Lifestyle Users,1,Low Activity Moderate Social Users,0,Low Stress Users,Light / Rested Users | Healthy Lifestyle Users | Low Activity Moderate Social Users | Low Stress Users
3435,train,6.2,5.7,1.8,1.5,low,2.89,1,Heavy Daytime Social Media Users,1,Lifestyle Risk Users,0,Socially Isolated Users,1,High Stress Users,Heavy Daytime Social Media Users | Lifestyle Risk Users | Socially Isolated Users | High Stress Users
1288,train,1.4,6.7,2.2,1.0,medium,3.74,0,Light / Rested Users,0,Healthy Lifestyle Users,2,Moderately Social Users,0,Low Stress Users,Light / Rested Users | Healthy Lifestyle Users | Moderately Social Users | Low Stress Users
352,train,6.2,6.7,1.4,0.9,low,3.42,1,Heavy Daytime Social Media Users,0,Healthy Lifestyle Users,0,Socially Isolated Users,1,High Stress Users,Heavy Daytime Social Media Users | Healthy Lifestyle Users | Socially Isolated Users | High Stress Users
2673,train,6.0,5.3,1.7,1.1,medium,2.54,1,Heavy Daytime Social Media Users,1,Lifestyle Risk Users,1,Low Activity Moderate Social Users,1,High Stress Users,Heavy Daytime Social Media Users | Lifestyle Risk Users | Low Activity Moderate Social Users | High Stress Users
3055,train,5.4,5.3,1.8,0.4,low,2.0,2,Heavy Night Social Media Users,1,Lifestyle Risk Users,0,Socially Isolated Users,1,High Stress Users,Heavy Night Social Media Users | Lifestyle Risk Users | Socially Isolated Users | High Stress Users
2319,train,6.3,6.5,1.0,0.2,medium,2.35,1,Heavy Daytime Social Media Users,1,Lifestyle Risk Users,1,Low Activity Moderate Social Users,1,High Stress Users,Heavy Daytime Social Media Users | Lifestyle Risk Users | Low Activity Moderate Social Users | High Stress Users
2298,train,7.0,5.4,0.6,1.9,medium,2.18,1,Heavy Daytime Social Media Users,1,Lifestyle Risk Users,2,Moderately Social Users,1,High Stress Users,Heavy Daytime Social Media Users | Lifestyle Risk Users | Moderately Social Users | High Stress Users
1361,train,5.4,5.2,2.3,0.2,medium,2.04,2,Heavy Night Social Media Users,1,Lifestyle Risk Users,1,Low Activity Moderate Social Users,1,High Stress Users,Heavy Night Social Media Users | Lifestyle Risk Users | Low Activity Moderate Social Users | High Stress Users
1999,train,3.4,6.1,2.9,1.1,medium,3.15,2,Heavy Night Social Media Users,0,Healthy Lifestyle Users,2,Moderately Social Users,0,Low Stress Users,Heavy Night Social Media Users | Healthy Lifestyle Users | Moderately Social Users | Low Stress Users
391,train,7.2,8.0,1.9,1.4,medium,2.66,1,Heavy Daytime Social Media Users,1,Lifestyle Risk Users,1,Low Activity Moderate Social Users,1,High Stress Users,Heavy Daytime Social Media Users | Lifestyle Risk Users | Low Activity Moderate Social Users | High Stress Users
296,train,6.4,6.7,2.4,1.3,low,2.2,2,Heavy Night Social Media Users,1,Lifestyle Risk Users,0,Socially Isolated Users,0,Low Stress Users,Heavy Night Social Media Users | Lifestyle Risk Users | Socially Isolated Users | Low Stress Users
97,train,3.5,5.2,2.5,1.1,high,2.57,2,Heavy Night Social Media Users,1,Lifestyle Risk Users,2,Moderately Social Users,0,Low Stress Users,Heavy Night Social Media Users | Lifestyle Risk Users | Moderately Social Users | Low Stress Users
2332,train,1.6,7.4,1.7,1.7,high,3.6,0,Light / Rested Users,0,Healthy Lifestyle Users,2,Moderately Social Users,0,Low Stress Users,Light / Rested Users | Healthy Lifestyle Users | Moderately Social Users | Low Stress Users
328,train,7.0,5.9,1.3,1.2,low,2.91,1,Heavy Daytime Social Media Users,1,Lifestyle Risk Users,0,Socially Isolated Users,1,High Stress Users,Heavy Daytime Social Media Users | Lifestyle Risk Users | Socially Isolated Users | High Stress Users
2944,train,6.5,5.8,1.4,0.9,high,2.64,1,Heavy Daytime Social Media Users,1,Lifestyle Risk Users,1,Low Activity Moderate Social Users,1,High Stress Users,Heavy Daytime Social Media Users | Lifestyle Risk Users | Low Activity Moderate Social Users | High Stress Users
2654,train,6.6,5.6,1.9,0.8,low,2.0,2,Heavy Night Social Media Users,1,Lifestyle Risk Users,0,Socially Isolated Users,1,High Stress Users,Heavy Night Social Media Users | Lifestyle Risk Users | Socially Isolated Users | High Stress Users
2468,train,2.9,6.6,2.6,0.7,medium,3.45,0,Light / Rested Users,0,Healthy Lifestyle Users,2,Moderately Social Users,0,Low Stress Users,Light / Rested Users | Healthy Lifestyle Users | Moderately Social Users | Low Stress Users
2552,train,6.5,5.8,1.3,0.9,high,2.52,1,Heavy Daytime Social Media Users,1,Lifestyle Risk Users,1,Low Activity Moderate Social Users,1,High Stress Users,Heavy Daytime Social Media Users | Lifestyle Risk Users | Low Activity Moderate Social Users | High Stress Users
3350,train,3.1,6.5,1.5,1.7,low,3.3,0,Light / Rested Users,0,Healthy Lifestyle Users,0,Socially Isolated Users,0,Low Stress Users,Light / Rested Users | Healthy Lifestyle Users | Socially Isolated Users | Low Stress Users
794,train,4.0,8.5,1.0,0.1,low,2.16,0,Light / Rested Users,0,Healthy Lifestyle Users,0,Socially Isolated Users,0,Low Stress Users,Light / Rested Users | Healthy Lifestyle Users | Socially Isolated Users | Low Stress Users
962,train,2.2,4.5,1.3,1.7,low,2.63,1,Heavy Daytime Social Media Users,1,Lifestyle Risk Users,0,Socially Isolated Users,1,High Stress Users,Heavy Daytime Social Media Users | Lifestyle Risk Users | Socially Isolated Users | High Stress Users
1941,train,4.2,6.1,2.1,1.1,low,2.67,2,Heavy Night Social Media Users,1,Lifestyle Risk Users,0,Socially Isolated Users,1,High Stress Users,Heavy Night Social Media Users | Lifestyle Risk Users | Socially Isolated Users | High Stress Users
3206,train,5.7,4.6,3.0,0.9,medium,2.18,2,Heavy Night Social Media Users,1,Lifestyle Risk Users,1,Low Activity Moderate Social Users,1,High Stress Users,Heavy Night Social Media Users | Lifestyle Risk Users | Low Activity Moderate Social Users | High Stress Users
3457,train,2.4,7.3,1.8,1.0,low,3.54,0,Light / Rested Users,0,Healthy Lifestyle Users,0,Socially Isolated Users,0,Low Stress Users,Light / Rested Users | Healthy Lifestyle Users | Socially Isolated Users | Low Stress Users
3278,train,2.0,7.4,1.3,0.2,low,3.56,0,Light / Rested Users,0,Healthy Lifestyle Users,0,Socially Isolated Users,0,Low Stress Users,Light / Rested Users | Healthy Lifestyle Users | Socially Isolated Users | Low Stress Users
1489,train,1.7,7.3,0.7,0.9,low,3.64,0,Light / Rested Users,0,Healthy Lifestyle Users,0,Socially Isolated Users,0,Low Stress Users,Light / Rested Users | Healthy Lifestyle Users | Socially Isolated Users | Low Stress Users
1026,train,1.5,5.8,1.1,1.7,high,3.29,0,Light / Rested Users,0,Healthy Lifestyle Users,2,Moderately Social Users,0,Low Stress Users,Light / Rested Users | Healthy Lifestyle Users | Moderately Social Users | Low Stress Users
966,train,7.0,6.9,2.1,1.1,high,3.42,1,Heavy Daytime Social Media Users,0,Healthy Lifestyle Users,1,Low Activity Moderate Social Users,1,High Stress Users,Heavy Daytime Social Media Users | Healthy Lifestyle Users | Low Activity Moderate Social Users | High Stress Users
2967,train,2.0,7.6,1.8,1.0,low,3.86,0,Light / Rested Users,0,Healthy Lifestyle Users,0,Socially Isolated Users,0,Low Stress Users,Light / Rested Users | Healthy Lifestyle Users | Socially Isolated Users | Low Stress Users
1524,train,7.5,4.9,3.0,1.5,medium,2.46,2,Heavy Night Social Media Users,1,Lifestyle Risk Users,1,Low Activity Moderate Social Users,1,High Stress Users,Heavy Night Social Media Users | Lifestyle Risk Users | Low Activity Moderate Social Users | High Stress Users
3151,train,5.4,6.0,1.5,0.0,high,2.7,1,Heavy Daytime Social Media Users,1,Lifestyle Risk Users,1,Low Activity Moderate Social Users,1,High Stress Users,Heavy Daytime Social Media Users | Lifestyle Risk Users | Low Activity Moderate Social Users | High Stress Users
2204,train,2.8,6.8,1.4,0.6,high,3.54,0,Light / Rested Users,0,Healthy Lifestyle Users,2,Moderately Social Users,0,Low Stress Users,Light / Rested Users | Healthy Lifestyle Users | Moderately Social Users | Low Stress Users
2245,train,7.8,4.2,2.6,0.2,medium,2.31,2,Heavy Night Social Media Users,1,Lifestyle Risk Users,1,Low Activity Moderate Social Users,1,High Stress Users,Heavy Night Social Media Users | Lifestyle Risk Users | Low Activity Moderate Social Users | High Stress Users
395,train,1.8,7.7,2.2,0.3,medium,3.77,0,Light / Rested Users,0,Healthy Lifestyle Users,0,Socially Isolated Users,0,Low Stress Users,Light / Rested Users | Healthy Lifestyle Users | Socially Isolated Users | Low Stress Users
3134,train,6.3,5.1,1.3,0.4,high,2.22,1,Heavy Daytime Social Media Users,1,Lifestyle Risk Users,1,Low Activity Moderate Social Users,1,High Stress Users,Heavy Daytime Social Media Users | Lifestyle Risk Users | Low Activity Moderate Social Users | High Stress Users
2996,train,3.1,6.9,1.3,2.0,high,3.08,0,Light / Rested Users,0,Healthy Lifestyle Users,2,Moderately Social Users,0,Low Stress Users,Light / Rested Users | Healthy Lifestyle Users | Moderately Social Users | Low Stress Users
2917,train,1.1,7.3,1.8,0.6,high,3.13,0,Light / Rested Users,0,Healthy Lifestyle Users,2,Moderately Social Users,0,Low Stress Users,Light / Rested Users | Healthy Lifestyle Users | Moderately Social Users | Low Stress Users
2414,train,3.6,6.3,0.6,0.5,medium,2.83,1,Heavy Daytime Social Media Users,0,Healthy Lifestyle Users,1,Low Activity Moderate Social Users,0,Low Stress Users,Heavy Daytime Social Media Users | Healthy Lifestyle Users | Low Activity Moderate Social Users | Low Stress Users
3582,train,6.4,5.2,3.0,0.9,medium,2.25,2,Heavy Night Social Media Users,1,Lifestyle Risk Users,1,Low Activity Moderate Social Users,1,High Stress Users,Heavy Night Social Media Users | Lifestyle Risk Users | Low Activity Moderate Social Users | High Stress Users
3651,train,7.5,4.8,2.2,1.2,high,2.38,2,Heavy Night Social Media Users,1,Lifestyle Risk Users,1,Low Activity Moderate Social Users,1,High Stress Users,Heavy Night Social Media Users | Lifestyle Risk Users | Low Activity Moderate Social Users | High Stress Users
2427,train,5.4,5.6,1.3,0.6,low,2.17,1,Heavy Daytime Social Media Users,1,Lifestyle Risk Users,0,Socially Isolated Users,1,High Stress Users,Heavy Daytime Social Media Users | Lifestyle Risk Users | Socially Isolated Users | High Stress Users
1945,train,1.7,6.7,2.6,1.1,high,3.61,0,Light / Rested Users,0,Healthy Lifestyle Users,2,Moderately Social Users,0,Low Stress Users,Light / Rested Users | Healthy Lifestyle Users | Moderately Social Users | Low Stress Users
694,train,3.5,5.3,1.7,0.8,high,2.2,2,Heavy Night Social Media Users,1,Lifestyle Risk Users,2,Moderately Social Users,1,High Stress Users,Heavy Night Social Media Users | Lifestyle Risk Users | Moderately Social Users | High Stress Users
598,train,2.7,6.3,1.3,1.2,high,3.91,0,Light / Rested Users,0,Healthy Lifestyle Users,2,Moderately Social Users,0,Low Stress Users,Light / Rested Users | Healthy Lifestyle Users | Moderately Social Users | Low Stress Users
3191,train,6.0,5.2,1.4,1.3,low,2.7,1,Heavy Daytime Social Media Users,1,Lifestyle Risk Users,0,Socially Isolated Users,1,High Stress Users,Heavy Daytime Social Media Users | Lifestyle Risk Users | Socially Isolated Users | High Stress Users
1194,train,2.0,4.5,1.7,0.0,medium,2.65,2,Heavy Night Social Media Users,1,Lifestyle Risk Users,1,Low Activity Moderate Social Users,1,High Stress Users,Heavy Night Social Media Users | Lifestyle Risk Users | Low Activity Moderate Social Users | High Stress Users
2716,train,6.9,5.9,2.0,1.1,high,2.53,2,Heavy Night Social Media Users,1,Lifestyle Risk Users,1,Low Activity Moderate Social Users,1,High Stress Users,Heavy Night Social Media Users | Lifestyle Risk Users | Low Activity Moderate Social Users | High Stress Users
116,train,6.5,8.1,2.0,1.3,high,3.89,0,Light / Rested Users,0,Healthy Lifestyle Users,1,Low Activity Moderate Social Users,0,Low Stress Users,Light / Rested Users | Healthy Lifestyle Users | Low Activity Moderate Social Users | Low Stress Users
3675,train,4.5,6.9,1.3,1.4,low,2.94,0,Light / Rested Users,0,Healthy Lifestyle Users,0,Socially Isolated Users,0,Low Stress Users,Light / Rested Users | Healthy Lifestyle Users | Socially Isolated Users | Low Stress Users
2864,train,1.4,6.7,2.2,0.0,high,3.37,0,Light / Rested Users,0,Healthy Lifestyle Users,1,Low Activity Moderate Social Users,0,Low Stress Users,Light / Rested Users | Healthy Lifestyle Users | Low Activity Moderate Social Users | Low Stress Users
2004,train,1.0,6.9,2.9,1.3,high,3.54,0,Light / Rested Users,0,Healthy Lifestyle Users,2,Moderately Social Users,0,Low Stress Users,Light / Rested Users | Healthy Lifestyle Users | Moderately Social Users | Low Stress Users
2587,train,7.2,5.2,1.1,1.1,high,2.69,1,Heavy Daytime Social Media Users,1,Lifestyle Risk Users,1,Low Activity Moderate Social Users,1,High Stress Users,Heavy Daytime Social Media Users | Lifestyle Risk Users | Low Activity Moderate Social Users | High Stress Users
1115,train,2.5,7.8,1.4,0.9,medium,3.43,0,Light / Rested Users,0,Healthy Lifestyle Users,2,Moderately Social Users,0,Low Stress Users,Light / Rested Users | Healthy Lifestyle Users | Moderately Social Users | Low Stress Users
1969,train,3.6,6.7,1.9,1.1,high,3.06,0,Light / Rested Users,0,Healthy Lifestyle Users,2,Moderately Social Users,0,Low Stress Users,Light / Rested Users | Healthy Lifestyle Users | Moderately Social Users | Low Stress Users
3401,train,1.0,6.9,1.8,0.7,medium,3.43,0,Light / Rested Users,0,Healthy Lifestyle Users,2,Moderately Social Users,0,Low Stress Users,Light / Rested Users | Healthy Lifestyle Users | Moderately Social Users | Low Stress Users
135,train,5.0,6.9,0.6,0.8,low,3.03,1,Heavy Daytime Social Media Users,0,Healthy Lifestyle Users,0,Socially Isolated Users,1,High Stress Users,Heavy Daytime Social Media Users | Healthy Lifestyle Users | Socially Isolated Users | High Stress Users
1464,train,5.4,6.5,0.5,1.1,low,2.88,1,Heavy Daytime Social Media Users,0,Healthy Lifestyle Users,0,Socially Isolated Users,1,High Stress Users,Heavy Daytime Social Media Users | Healthy Lifestyle Users | Socially Isolated Users | High Stress Users
1816,train,5.3,6.0,1.6,0.1,high,2.47,1,Heavy Daytime Social Media Users,1,Lifestyle Risk Users,1,Low Activity Moderate Social Users,1,High Stress Users,Heavy Daytime Social Media Users | Lifestyle Risk Users | Low Activity Moderate Social Users | High Stress Users
2141,train,1.5,7.8,1.9,1.7,high,3.69,0,Light / Rested Users,0,Healthy Lifestyle Users,2,Moderately Social Users,0,Low Stress Users,Light / Rested Users | Healthy Lifestyle Users | Moderately Social Users | Low Stress Users
3341,train,4.4,5.8,2.1,1.6,low,3.0,2,Heavy Night Social Media Users,1,Lifestyle Risk Users,0,Socially Isolated Users,0,Low Stress Users,Heavy Night Social Media Users | Lifestyle Risk Users | Socially Isolated Users | Low Stress Users
2541,train,4.9,6.5,1.5,0.9,medium,3.32,1,Heavy Daytime Social Media Users,0,Healthy Lifestyle Users,1,Low Activity Moderate Social Users,0,Low Stress Users,Heavy Daytime Social Media Users | Healthy Lifestyle Users | Low Activity Moderate Social Users | Low Stress Users
1201,train,6.5,5.8,0.6,0.2,medium,2.57,1,Heavy Daytime Social Media Users,1,Lifestyle Risk Users,1,Low Activity Moderate Social Users,1,High Stress Users,Heavy Daytime Social Media Users | Lifestyle Risk Users | Low Activity Moderate Social Users | High Stress Users
1141,train,5.2,6.7,3.0,0.6,low,3.18,2,Heavy Night Social Media Users,1,Lifestyle Risk Users,0,Socially Isolated Users,1,High Stress Users,Heavy Night Social Media Users | Lifestyle Risk Users | Socially Isolated Users | High Stress Users
1490,train,5.1,7.3,1.1,1.2,medium,3.22,1,Heavy Daytime Social Media Users,0,Healthy Lifestyle Users,1,Low Activity Moderate Social Users,0,Low Stress Users,Heavy Daytime Social Media Users | Healthy Lifestyle Users | Low Activity Moderate Social Users | Low Stress Users
1074,train,2.7,7.5,2.8,0.9,medium,3.53,0,Light / Rested Users,0,Healthy Lifestyle Users,2,Moderately Social Users,0,Low Stress Users,Light / Rested Users | Healthy Lifestyle Users | Moderately Social Users | Low Stress Users
1704,train,3.8,7.1,0.6,1.4,medium,3.23,0,Light / Rested Users,0,Healthy Lifestyle Users,2,Moderately Social Users,0,Low Stress Users,Light / Rested Users | Healthy Lifestyle Users | Moderately Social Users | Low Stress Users
2618,train,1.0,6.7,2.7,0.8,low,3.51,0,Light / Rested Users,0,Healthy Lifestyle Users,0,Socially Isolated Users,0,Low Stress Users,Light / Rested Users | Healthy Lifestyle Users | Socially Isolated Users | Low Stress Users
343,train,2.8,5.0,2.5,1.8,high,3.92,2,Heavy Night Social Media Users,0,Healthy Lifestyle Users,2,Moderately Social Users,0,Low Stress Users,Heavy Night Social Media Users | Healthy Lifestyle Users | Moderately Social Users | Low Stress Users
684,train,2.4,7.5,1.8,1.4,low,2.35,0,Light / Rested Users,0,Healthy Lifestyle Users,0,Socially Isolated Users,0,Low Stress Users,Light / Rested Users | Healthy Lifestyle Users | Socially Isolated Users | Low Stress Users
1276,train,3.8,6.8,0.6,2.0,medium,3.08,1,Heavy Daytime Social Media Users,0,Healthy Lifestyle Users,2,Moderately Social Users,0,Low Stress Users,Heavy Daytime Social Media Users | Healthy Lifestyle Users | Moderately Social Users | Low Stress Users
1001,train,5.7,7.2,2.4,1.6,medium,2.18,2,Heavy Night Social Media Users,1,Lifestyle Risk Users,2,Moderately Social Users,0,Low Stress Users,Heavy Night Social Media Users | Lifestyle Risk Users | Moderately Social Users | Low Stress Users
1127,train,5.2,6.4,2.5,0.3,medium,3.13,2,Heavy Night Social Media Users,1,Lifestyle Risk Users,1,Low Activity Moderate Social Users,1,High Stress Users,Heavy Night Social Media Users | Lifestyle Risk Users | Low Activity Moderate Social Users | High Stress Users
246,train,7.2,7.4,2.2,0.1,low,3.42,1,Heavy Daytime Social Media Users,1,Lifestyle Risk Users,0,Socially Isolated Users,1,High Stress Users,Heavy Daytime Social Media Users | Lifestyle Risk Users | Socially Isolated Users | High Stress Users
767,train,6.4,5.9,1.6,1.0,high,3.97,1,Heavy Daytime Social Media Users,0,Healthy Lifestyle Users,1,Low Activity Moderate Social Users,1,High Stress Users,Heavy Daytime Social Media Users | Healthy Lifestyle Users | Low Activity Moderate Social Users | High Stress Users
2953,train,7.7,4.7,2.1,1.5,low,2.0,2,Heavy Night Social Media Users,1,Lifestyle Risk Users,0,Socially Isolated Users,1,High Stress Users,Heavy Night Social Media Users | Lifestyle Risk Users | Socially Isolated Users | High Stress Users
3301,train,7.0,6.2,0.9,1.0,low,2.36,1,Heavy Daytime Social Media Users,1,Lifestyle Risk Users,0,Socially Isolated Users,1,High Stress Users,Heavy Daytime Social Media Users | Lifestyle Risk Users | Socially Isolated Users | High Stress Users
557,train,2.7,6.9,1.4,1.5,low,2.87,0,Light / Rested Users,0,Healthy Lifestyle Users,0,Socially Isolated Users,0,Low Stress Users,Light / Rested Users | Healthy Lifestyle Users | Socially Isolated Users | Low Stress Users
1567,train,3.4,6.4,2.6,0.8,low,2.84,2,Heavy Night Social Media Users,0,Healthy Lifestyle Users,0,Socially Isolated Users,0,Low Stress Users,Heavy Night Social Media Users | Healthy Lifestyle Users | Socially Isolated Users | Low Stress Users
308,train,7.8,4.3,2.6,2.0,high,3.33,2,Heavy Night Social Media Users,1,Lifestyle Risk Users,1,Low Activity Moderate Social Users,1,High Stress Users,Heavy Night Social Media Users | Lifestyle Risk Users | Low Activity Moderate Social Users | High Stress Users
205,train,1.6,4.1,1.6,0.9,medium,3.15,2,Heavy Night Social Media Users,0,Healthy Lifestyle Users,2,Moderately Social Users,0,Low Stress Users,Heavy Night Social Media Users | Healthy Lifestyle Users | Moderately Social Users | Low Stress Users
926,train,7.3,8.5,1.5,1.2,low,3.54,1,Heavy Daytime Social Media Users,0,Healthy Lifestyle Users,0,Socially Isolated Users,0,Low Stress Users,Heavy Daytime Social Media Users | Healthy Lifestyle Users | Socially Isolated Users | Low Stress Users
3075,train,2.0,7.3,2.0,0.5,high,3.16,0,Light / Rested Users,0,Healthy Lifestyle Users,2,Moderately Social Users,0,Low Stress Users,Light / Rested Users | Healthy Lifestyle Users | Moderately Social Users | Low Stress Users
3567,train,7.8,6.0,0.7,0.1,high,2.14,1,Heavy Daytime Social Media Users,1,Lifestyle Risk Users,1,Low Activity Moderate Social Users,1,High Stress Users,Heavy Daytime Social Media Users | Lifestyle Risk Users | Low Activity Moderate Social Users | High Stress Users
2658,train,2.7,8.1,0.6,0.8,low,3.2,0,Light / Rested Users,0,Healthy Lifestyle Users,0,Socially Isolated Users,0,Low Stress Users,Light / Rested Users | Healthy Lifestyle Users | Socially Isolated Users | Low Stress Users
372,train,5.0,9.0,2.4,0.4,medium,2.53,0,Light / Rested Users,0,Healthy Lifestyle Users,1,Low Activity Moderate Social Users,0,Low Stress Users,Light / Rested Users | Healthy Lifestyle Users | Low Activity Moderate Social Users | Low Stress Users
249,train,2.7,7.7,0.7,0.4,medium,2.22,0,Light / Rested Users,0,Healthy Lifestyle Users,1,Low Activity Moderate Social Users,1,High Stress Users,Light / Rested Users | Healthy Lifestyle Users | Low Activity Moderate Social Users | High Stress Users
2915,train,5.1,6.2,1.5,2.0,high,2.66,1,Heavy Daytime Social Media Users,1,Lifestyle Risk Users,2,Moderately Social Users,1,High Stress Users,Heavy Daytime Social Media Users | Lifestyle Risk Users | Moderately Social Users | High Stress Users
558,train,2.8,7.1,1.4,0.4,high,3.85,0,Light / Rested Users,0,Healthy Lifestyle Users,1,Low Activity Moderate Social Users,1,High Stress Users,Light / Rested Users | Healthy Lifestyle Users | Low Activity Moderate Social Users | High Stress Users
3385,train,4.5,6.3,2.2,1.3,high,3.17,2,Heavy Night Social Media Users,0,Healthy Lifestyle Users,2,Moderately Social Users,0,Low Stress Users,Heavy Night Social Media Users | Healthy Lifestyle Users | Moderately Social Users | Low Stress Users
981,train,3.9,7.5,2.1,0.9,low,3.24,0,Light / Rested Users,0,Healthy Lifestyle Users,0,Socially Isolated Users,0,Low Stress Users,Light / Rested Users | Healthy Lifestyle Users | Socially Isolated Users | Low Stress Users
1273,train,4.4,6.9,2.9,1.2,low,2.66,2,Heavy Night Social Media Users,1,Lifestyle Risk Users,0,Socially Isolated Users,0,Low Stress Users,Heavy Night Social Media Users | Lifestyle Risk Users | Socially Isolated Users | Low Stress Users
2801,train,5.5,5.7,2.5,0.3,high,2.42,2,Heavy Night Social Media Users,1,Lifestyle Risk Users,1,Low Activity Moderate Social Users,1,High Stress Users,Heavy Night Social Media Users | Lifestyle Risk Users | Low Activity Moderate Social Users | High Stress Users
801,train,6.1,7.0,2.7,1.0,medium,3.97,2,Heavy Night Social Media Users,0,Healthy Lifestyle Users,1,Low Activity Moderate Social Users,0,Low Stress Users,Heavy Night Social Media Users | Healthy Lifestyle Users | Low Activity Moderate Social Users | Low Stress Users
2829,train,2.8,6.9,0.8,0.2,low,3.37,0,Light / Rested Users,0,Healthy Lifestyle Users,0,Socially Isolated Users,0,Low Stress Users,Light / Rested Users | Healthy Lifestyle Users | Socially Isolated Users | Low Stress Users
3659,train,5.2,5.0,2.0,1.9,high,2.92,2,Heavy Night Social Media Users,1,Lifestyle Risk Users,2,Moderately Social Users,1,High Stress Users,Heavy Night Social Media Users | Lifestyle Risk Users | Moderately Social Users | High Stress Users
695,train,4.2,5.5,1.3,0.5,low,3.49,1,Heavy Daytime Social Media Users,0,Healthy Lifestyle Users,0,Socially Isolated Users,0,Low Stress Users,Heavy Daytime Social Media Users | Healthy Lifestyle Users | Socially Isolated Users | Low Stress Users
1502,train,6.7,5.7,1.6,0.5,high,2.36,1,Heavy Daytime Social Media Users,1,Lifestyle Risk Users,1,Low Activity Moderate Social Users,1,High Stress Users,Heavy Daytime Social Media Users | Lifestyle Risk Users | Low Activity Moderate Social Users | High Stress Users
3374,train,6.2,5.6,1.9,0.8,high,2.36,2,Heavy Night Social Media Users,1,Lifestyle Risk Users,1,Low Activity Moderate Social Users,1,High Stress Users,Heavy Night Social Media Users | Lifestyle Risk Users | Low Activity Moderate Social Users | High Stress Users
1226,train,5.2,4.9,1.7,0.5,low,2.78,2,Heavy Night Social Media Users,1,Lifestyle Risk Users,0,Socially Isolated Users,1,High Stress Users,Heavy Night Social Media Users | Lifestyle Risk Users | Socially Isolated Users | High Stress Users
2385,train,3.6,6.5,1.0,1.1,high,3.45,0,Light / Rested Users,0,Healthy Lifestyle Users,2,Moderately Social Users,0,Low Stress Users,Light / Rested Users | Healthy Lifestyle Users | Moderately Social Users | Low Stress Users
852,train,1.5,6.8,0.8,0.0,medium,3.14,0,Light / Rested Users,0,Healthy Lifestyle Users,0,Socially Isolated Users,0,Low Stress Users,Light / Rested Users | Healthy Lifestyle Users | Socially Isolated Users | Low Stress Users
415,train,7.5,7.8,1.3,1.5,medium,2.73,1,Heavy Daytime Social Media Users,1,Lifestyle Risk Users,1,Low Activity Moderate Social Users,0,Low Stress Users,Heavy Daytime Social Media Users | Lifestyle Risk Users | Low Activity Moderate Social Users | Low Stress Users
201,train,4.0,7.9,1.9,0.1,high,2.56,0,Light / Rested Users,0,Healthy Lifestyle Users,1,Low Activity Moderate Social Users,0,Low Stress Users,Light / Rested Users | Healthy Lifestyle Users | Low Activity Moderate Social Users | Low Stress Users
1272,train,1.4,7.8,1.0,0.5,medium,3.53,0,Light / Rested Users,0,Healthy Lifestyle Users,2,Moderately Social Users,0,Low Stress Users,Light / Rested Users | Healthy Lifestyle Users | Moderately Social Users | Low Stress Users
2822,train,6.8,5.2,2.3,0.9,medium,2.29,2,Heavy Night Social Media Users,1,Lifestyle Risk Users,1,Low Activity Moderate Social Users,1,High Stress Users,Heavy Night Social Media Users | Lifestyle Risk Users | Low Activity Moderate Social Users | High Stress Users
819,train,7.2,7.7,1.2,0.1,low,3.7,1,Heavy Daytime Social Media Users,0,Healthy Lifestyle Users,0,Socially Isolated Users,0,Low Stress Users,Heavy Daytime Social Media Users | Healthy Lifestyle Users | Socially Isolated Users | Low Stress Users
989,train,3.0,6.6,0.9,1.8,medium,2.69,0,Light / Rested Users,0,Healthy Lifestyle Users,2,Moderately Social Users,0,Low Stress Users,Light / Rested Users | Healthy Lifestyle Users | Moderately Social Users | Low Stress Users
2839,train,3.4,6.4,2.1,0.8,low,3.27,0,Light / Rested Users,0,Healthy Lifestyle Users,0,Socially Isolated Users,0,Low Stress Users,Light / Rested Users | Healthy Lifestyle Users | Socially Isolated Users | Low Stress Users
867,train,3.2,7.8,0.7,1.3,low,3.46,0,Light / Rested Users,0,Healthy Lifestyle Users,0,Socially Isolated Users,0,Low Stress Users,Light / Rested Users | Healthy Lifestyle Users | Socially Isolated Users | Low Stress Users
933,train,3.5,5.7,2.4,0.9,low,3.46,2,Heavy Night Social Media Users,0,Healthy Lifestyle Users,0,Socially Isolated Users,1,High Stress Users,Heavy Night Social Media Users | Healthy Lifestyle Users | Socially Isolated Users | High Stress Users
2650,train,3.4,7.0,0.6,0.3,high,3.1,0,Light / Rested Users,0,Healthy Lifestyle Users,1,Low Activity Moderate Social Users,0,Low Stress Users,Light / Rested Users | Healthy Lifestyle Users | Low Activity Moderate Social Users | Low Stress Users
1687,train,3.7,6.0,2.6,0.6,medium,2.86,2,Heavy Night Social Media Users,1,Lifestyle Risk Users,1,Low Activity Moderate Social Users,0,Low Stress Users,Heavy Night Social Media Users | Lifestyle Risk Users | Low Activity Moderate Social Users | Low Stress Users
190,train,3.8,6.0,3.0,0.2,low,2.1,2,Heavy Night Social Media Users,1,Lifestyle Risk Users,0,Socially Isolated Users,1,High Stress Users,Heavy Night Social Media Users | Lifestyle Risk Users | Socially Isolated Users | High Stress Users
2856,train,7.9,4.7,2.0,1.5,high,2.0,2,Heavy Night Social Media Users,1,Lifestyle Risk Users,1,Low Activity Moderate Social Users,1,High Stress Users,Heavy Night Social Media Users | Lifestyle Risk Users | Low Activity Moderate Social Users | High Stress Users
954,train,5.5,5.1,2.7,1.4,low,2.56,2,Heavy Night Social Media Users,1,Lifestyle Risk Users,0,Socially Isolated Users,0,Low Stress Users,Heavy Night Social Media Users | Lifestyle Risk Users | Socially Isolated Users | Low Stress Users
1889,train,3.4,5.8,2.3,1.5,low,3.15,2,Heavy Night Social Media Users,0,Healthy Lifestyle Users,0,Socially Isolated Users,0,Low Stress Users,Heavy Night Social Media Users | Healthy Lifestyle Users | Socially Isolated Users | Low Stress Users
2187,train,6.2,5.7,0.9,0.2,low,2.61,1,Heavy Daytime Social Media Users,1,Lifestyle Risk Users,0,Socially Isolated Users,1,High Stress Users,Heavy Daytime Social Media Users | Lifestyle Risk Users | Socially Isolated Users | High Stress Users
3573,train,7.1,5.1,1.6,1.9,medium,2.5,1,Heavy Daytime Social Media Users,1,Lifestyle Risk Users,2,Moderately Social Users,1,High Stress Users,Heavy Daytime Social Media Users | Lifestyle Risk Users | Moderately Social Users | High Stress Users
3249,train,6.5,4.4,1.1,0.9,medium,2.0,1,Heavy Daytime Social Media Users,1,Lifestyle Risk Users,1,Low Activity Moderate Social Users,1,High Stress Users,Heavy Daytime Social Media Users | Lifestyle Risk Users | Low Activity Moderate Social Users | High Stress Users
232,train,1.5,7.2,1.7,0.0,low,2.76,0,Light / Rested Users,0,Healthy Lifestyle Users,0,Socially Isolated Users,0,Low Stress Users,Light / Rested Users | Healthy Lifestyle Users | Socially Isolated Users | Low Stress Users
49,train,1.2,8.5,1.8,1.8,high,3.65,0,Light / Rested Users,0,Healthy Lifestyle Users,2,Moderately Social Users,0,Low Stress Users,Light / Rested Users | Healthy Lifestyle Users | Moderately Social Users | Low Stress Users
150,train,4.1,6.4,0.9,1.2,high,2.47,1,Heavy Daytime Social Media Users,1,Lifestyle Risk Users,2,Moderately Social Users,0,Low Stress Users,Heavy Daytime Social Media Users | Lifestyle Risk Users | Moderately Social Users | Low Stress Users
2683,train,3.4,7.4,0.6,1.0,medium,3.51,0,Light / Rested Users,0,Healthy Lifestyle Users,2,Moderately Social Users,0,Low Stress Users,Light / Rested Users | Healthy Lifestyle Users | Moderately Social Users | Low Stress Users
862,train,7.0,5.2,1.4,1.7,medium,3.27,1,Heavy Daytime Social Media Users,1,Lifestyle Risk Users,1,Low Activity Moderate Social Users,1,High Stress Users,Heavy Daytime Social Media Users | Lifestyle Risk Users | Low Activity Moderate Social Users | High Stress Users
3456,train,2.2,8.1,2.3,1.3,high,3.69,0,Light / Rested Users,0,Healthy Lifestyle Users,2,Moderately Social Users,0,Low Stress Users,Light / Rested Users | Healthy Lifestyle Users | Moderately Social Users | Low Stress Users
1241,train,1.2,7.6,2.9,1.0,medium,3.69,0,Light / Rested Users,0,Healthy Lifestyle Users,2,Moderately Social Users,0,Low Stress Users,Light / Rested Users | Healthy Lifestyle Users | Moderately Social Users | Low Stress Users
2513,train,4.5,6.7,0.7,1.6,medium,3.48,1,Heavy Daytime Social Media Users,0,Healthy Lifestyle Users,2,Moderately Social Users,0,Low Stress Users,Heavy Daytime Social Media Users | Healthy Lifestyle Users | Moderately Social Users | Low Stress Users
1236,train,3.9,6.6,1.5,2.0,medium,3.04,0,Light / Rested Users,0,Healthy Lifestyle Users,2,Moderately Social Users,0,Low Stress Users,Light / Rested Users | Healthy Lifestyle Users | Moderately Social Users | Low Stress Users
3643,train,4.2,6.6,0.5,1.0,low,2.83,1,Heavy Daytime Social Media Users,0,Healthy Lifestyle Users,0,Socially Isolated Users,0,Low Stress Users,Heavy Daytime Social Media Users | Healthy Lifestyle Users | Socially Isolated Users | Low Stress Users
1243,train,1.1,7.4,2.5,0.6,low,3.73,0,Light / Rested Users,0,Healthy Lifestyle Users,0,Socially Isolated Users,0,Low Stress Users,Light / Rested Users | Healthy Lifestyle Users | Socially Isolated Users | Low Stress Users
712,train,5.1,6.3,2.3,2.0,medium,2.55,2,Heavy Night Social Media Users,1,Lifestyle Risk Users,2,Moderately Social Users,1,High Stress Users,Heavy Night Social Media Users | Lifestyle Risk Users | Moderately Social Users | High Stress Users
3580,train,4.1,6.9,1.1,0.9,low,3.04,0,Light / Rested Users,0,Healthy Lifestyle Users,0,Socially Isolated Users,0,Low Stress Users,Light / Rested Users | Healthy Lifestyle Users | Socially Isolated Users | Low Stress Users
260,train,3.8,6.8,2.4,1.6,low,3.1,0,Light / Rested Users,0,Healthy Lifestyle Users,0,Socially Isolated Users,1,High Stress Users,Light / Rested Users | Healthy Lifestyle Users | Socially Isolated Users | High Stress Users
1336,train,1.3,7.5,0.6,1.4,low,3.42,0,Light / Rested Users,0,Healthy Lifestyle Users,0,Socially Isolated Users,0,Low Stress Users,Light / Rested Users | Healthy Lifestyle Users | Socially Isolated Users | Low Stress Users
1282,train,2.1,7.9,0.5,0.7,medium,3.65,0,Light / Rested Users,0,Healthy Lifestyle Users,2,Moderately Social Users,0,Low Stress Users,Light / Rested Users | Healthy Lifestyle Users | Moderately Social Users | Low Stress Users
2721,train,1.9,6.6,2.8,0.4,high,3.32,0,Light / Rested Users,0,Healthy Lifestyle Users,2,Moderately Social Users,0,Low Stress Users,Light / Rested Users | Healthy Lifestyle Users | Moderately Social Users | Low Stress Users
1900,train,6.4,6.3,0.8,0.8,low,2.42,1,Heavy Daytime Social Media Users,1,Lifestyle Risk Users,0,Socially Isolated Users,1,High Stress Users,Heavy Daytime Social Media Users | Lifestyle Risk Users | Socially Isolated Users | High Stress Users
817,train,7.3,8.8,2.5,0.5,high,2.12,0,Light / Rested Users,1,Lifestyle Risk Users,1,Low Activity Moderate Social Users,1,High Stress Users,Light / Rested Users | Lifestyle Risk Users | Low Activity Moderate Social Users | High Stress Users
3170,train,5.1,6.4,0.7,0.5,high,2.54,1,Heavy Daytime Social Media Users,1,Lifestyle Risk Users,1,Low Activity Moderate Social Users,1,High Stress Users,Heavy Daytime Social Media Users | Lifestyle Risk Users | Low Activity Moderate Social Users | High Stress Users
669,train,2.6,7.9,2.3,0.1,high,2.43,0,Light / Rested Users,0,Healthy Lifestyle Users,1,Low Activity Moderate Social Users,0,Low Stress Users,Light / Rested Users | Healthy Lifestyle Users | Low Activity Moderate Social Users | Low Stress Users
2628,train,5.9,6.3,0.5,0.9,low,2.63,1,Heavy Daytime Social Media Users,1,Lifestyle Risk Users,0,Socially Isolated Users,1,High Stress Users,Heavy Daytime Social Media Users | Lifestyle Risk Users | Socially Isolated Users | High Stress Users
3443,train,2.8,6.1,1.9,1.9,high,3.28,0,Light / Rested Users,0,Healthy Lifestyle Users,2,Moderately Social Users,0,Low Stress Users,Light / Rested Users | Healthy Lifestyle Users | Moderately Social Users | Low Stress Users
1930,train,6.0,6.5,0.8,0.4,low,3.06,1,Heavy Daytime Social Media Users,1,Lifestyle Risk Users,0,Socially Isolated Users,1,High Stress Users,Heavy Daytime Social Media Users | Lifestyle Risk Users | Socially Isolated Users | High Stress Users
1510,train,4.9,6.7,1.1,2.0,medium,3.16,1,Heavy Daytime Social Media Users,0,Healthy Lifestyle Users,2,Moderately Social Users,0,Low Stress Users,Heavy Daytime Social Media Users | Healthy Lifestyle Users | Moderately Social Users | Low Stress Users
3226,train,1.0,6.3,2.6,0.1,medium,3.57,0,Light / Rested Users,0,Healthy Lifestyle Users,0,Socially Isolated Users,0,Low Stress Users,Light / Rested Users | Healthy Lifestyle Users | Socially Isolated Users | Low Stress Users
2773,train,4.3,5.9,0.8,0.8,medium,3.0,1,Heavy Daytime Social Media Users,0,Healthy Lifestyle Users,1,Low Activity Moderate Social Users,0,Low Stress Users,Heavy Daytime Social Media Users | Healthy Lifestyle Users | Low Activity Moderate Social Users | Low Stress Users
1819,train,2.2,6.4,2.5,0.7,low,3.44,0,Light / Rested Users,0,Healthy Lifestyle Users,0,Socially Isolated Users,0,Low Stress Users,Light / Rested Users | Healthy Lifestyle Users | Socially Isolated Users | Low Stress Users
2325,train,4.4,5.6,2.4,1.3,high,2.79,2,Heavy Night Social Media Users,1,Lifestyle Risk Users,2,Moderately Social Users,1,High Stress Users,Heavy Night Social Media Users | Lifestyle Risk Users | Moderately Social Users | High Stress Users
280,train,4.6,5.3,2.3,0.2,low,2.42,2,Heavy Night Social Media Users,1,Lifestyle Risk Users,0,Socially Isolated Users,1,High Stress Users,Heavy Night Social Media Users | Lifestyle Risk Users | Socially Isolated Users | High Stress Users
2542,train,1.4,6.4,2.3,1.7,high,3.86,0,Light / Rested Users,0,Healthy Lifestyle Users,2,Moderately Social Users,0,Low Stress Users,Light / Rested Users | Healthy Lifestyle Users | Moderately Social Users | Low Stress Users
3473,train,5.8,6.0,1.8,1.1,high,2.43,1,Heavy Daytime Social Media Users,1,Lifestyle Risk Users,1,Low Activity Moderate Social Users,1,High Stress Users,Heavy Daytime Social Media Users | Lifestyle Risk Users | Low Activity Moderate Social Users | High Stress Users
2173,train,3.7,6.3,1.2,0.4,medium,2.9,0,Light / Rested Users,0,Healthy Lifestyle Users,1,Low Activity Moderate Social Users,1,High Stress Users,Light / Rested Users | Healthy Lifestyle Users | Low Activity Moderate Social Users | High Stress Users
3620,train,5.5,5.7,2.6,1.1,low,2.31,2,Heavy Night Social Media Users,1,Lifestyle Risk Users,0,Socially Isolated Users,1,High Stress Users,Heavy Night Social Media Users | Lifestyle Risk Users | Socially Isolated Users | High Stress Users
2076,train,6.5,5.8,1.7,0.4,medium,2.23,1,Heavy Daytime Social Media Users,1,Lifestyle Risk Users,1,Low Activity Moderate Social Users,1,High Stress Users,Heavy Daytime Social Media Users | Lifestyle Risk Users | Low Activity Moderate Social Users | High Stress Users
1537,train,3.5,5.2,3.0,1.4,high,2.81,2,Heavy Night Social Media Users,1,Lifestyle Risk Users,2,Moderately Social Users,1,High Stress Users,Heavy Night Social Media Users | Lifestyle Risk Users | Moderately Social Users | High Stress Users
3601,train,4.8,6.3,0.8,1.7,low,3.38,1,Heavy Daytime Social Media Users,0,Healthy Lifestyle Users,0,Socially Isolated Users,0,Low Stress Users,Heavy Daytime Social Media Users | Healthy Lifestyle Users | Socially Isolated Users | Low Stress Users
1281,train,6.3,6.0,1.7,0.2,medium,2.29,1,Heavy Daytime Social Media Users,1,Lifestyle Risk Users,1,Low Activity Moderate Social Users,1,High Stress Users,Heavy Daytime Social Media Users | Lifestyle Risk Users | Low Activity Moderate Social Users | High Stress Users
8,train,3.3,5.0,2.1,0.9,high,2.04,2,Heavy Night Social Media Users,1,Lifestyle Risk Users,2,Moderately Social Users,1,High Stress Users,Heavy Night Social Media Users | Lifestyle Risk Users | Moderately Social Users | High Stress Users
3203,train,2.7,7.2,0.8,0.7,low,3.44,0,Light / Rested Users,0,Healthy Lifestyle Users,0,Socially Isolated Users,0,Low Stress Users,Light / Rested Users | Healthy Lifestyle Users | Socially Isolated Users | Low Stress Users
3119,train,3.9,5.9,2.6,1.0,low,2.89,2,Heavy Night Social Media Users,1,Lifestyle Risk Users,0,Socially Isolated Users,0,Low Stress Users,Heavy Night Social Media Users | Lifestyle Risk Users | Socially Isolated Users | Low Stress Users
1454,train,8.0,4.2,2.6,1.9,medium,2.0,2,Heavy Night Social Media Users,1,Lifestyle Risk Users,1,Low Activity Moderate Social Users,1,High Stress Users,Heavy Night Social Media Users | Lifestyle Risk Users | Low Activity Moderate Social Users | High Stress Users
3218,train,3.0,6.7,1.5,1.7,medium,3.31,0,Light / Rested Users,0,Healthy Lifestyle Users,2,Moderately Social Users,0,Low Stress Users,Light / Rested Users | Healthy Lifestyle Users | Moderately Social Users | Low Stress Users
3461,train,1.8,7.6,0.9,1.5,medium,3.62,0,Light / Rested Users,0,Healthy Lifestyle Users,2,Moderately Social Users,0,Low Stress Users,Light / Rested Users | Healthy Lifestyle Users | Moderately Social Users | Low Stress Users
353,train,1.6,6.2,1.9,0.3,low,2.05,0,Light / Rested Users,1,Lifestyle Risk Users,0,Socially Isolated Users,1,High Stress Users,Light / Rested Users | Lifestyle Risk Users | Socially Isolated Users | High Stress Users
905,train,7.6,7.3,1.9,1.1,medium,3.05,1,Heavy Daytime Social Media Users,1,Lifestyle Risk Users,1,Low Activity Moderate Social Users,1,High Stress Users,Heavy Daytime Social Media Users | Lifestyle Risk Users | Low Activity Moderate Social Users | High Stress Users
706,train,4.3,7.5,1.1,1.8,medium,2.06,0,Light / Rested Users,0,Healthy Lifestyle Users,2,Moderately Social Users,0,Low Stress Users,Light / Rested Users | Healthy Lifestyle Users | Moderately Social Users | Low Stress Users
675,train,3.4,4.3,0.7,0.7,high,2.17,1,Heavy Daytime Social Media Users,1,Lifestyle Risk Users,1,Low Activity Moderate Social Users,0,Low Stress Users,Heavy Daytime Social Media Users | Lifestyle Risk Users | Low Activity Moderate Social Users | Low Stress Users
3102,train,6.1,6.0,1.6,0.3,low,2.54,1,Heavy Daytime Social Media Users,1,Lifestyle Risk Users,0,Socially Isolated Users,1,High Stress Users,Heavy Daytime Social Media Users | Lifestyle Risk Users | Socially Isolated Users | High Stress Users
518,train,6.2,8.1,2.3,1.3,low,3.46,0,Light / Rested Users,0,Healthy Lifestyle Users,0,Socially Isolated Users,0,Low Stress Users,Light / Rested Users | Healthy Lifestyle Users | Socially Isolated Users | Low Stress Users
720,train,3.2,5.4,2.6,0.9,low,3.18,2,Heavy Night Social Media Users,0,Healthy Lifestyle Users,0,Socially Isolated Users,0,Low Stress Users,Heavy Night Social Media Users | Healthy Lifestyle Users | Socially Isolated Users | Low Stress Users
41,train,1.6,8.6,2.4,0.4,low,3.81,0,Light / Rested Users,0,Healthy Lifestyle Users,0,Socially Isolated Users,0,Low Stress Users,Light / Rested Users | Healthy Lifestyle Users | Socially Isolated Users | Low Stress Users
800,train,5.7,8.0,2.5,0.1,low,3.4,0,Light / Rested Users,0,Healthy Lifestyle Users,0,Socially Isolated Users,0,Low Stress Users,Light / Rested Users | Healthy Lifestyle Users | Socially Isolated Users | Low Stress Users
348,train,3.6,4.1,2.9,0.5,medium,2.83,2,Heavy Night Social Media Users,1,Lifestyle Risk Users,1,Low Activity Moderate Social Users,1,High Stress Users,Heavy Night Social Media Users | Lifestyle Risk Users | Low Activity Moderate Social Users | High Stress Users
1275,train,3.3,7.1,1.4,2.0,low,3.69,0,Light / Rested Users,0,Healthy Lifestyle Users,0,Socially Isolated Users,0,Low Stress Users,Light / Rested Users | Healthy Lifestyle Users | Socially Isolated Users | Low Stress Users
1338,train,7.9,4.1,2.9,0.8,high,2.06,2,Heavy Night Social Media Users,1,Lifestyle Risk Users,1,Low Activity Moderate Social Users,1,High Stress Users,Heavy Night Social Media Users | Lifestyle Risk Users | Low Activity Moderate Social Users | High Stress Users
2048,train,3.4,6.5,1.4,1.8,medium,3.59,0,Light / Rested Users,0,Healthy Lifestyle Users,2,Moderately Social Users,0,Low Stress Users,Light / Rested Users | Healthy Lifestyle Users | Moderately Social Users | Low Stress Users
3002,train,2.0,6.1,2.7,1.7,medium,3.55,2,Heavy Night Social Media Users,0,Healthy Lifestyle Users,2,Moderately Social Users,0,Low Stress Users,Heavy Night Social Media Users | Healthy Lifestyle Users | Moderately Social Users | Low Stress Users
1912,train,7.0,5.4,0.9,1.0,low,2.32,1,Heavy Daytime Social Media Users,1,Lifestyle Risk Users,0,Socially Isolated Users,1,High Stress Users,Heavy Daytime Social Media Users | Lifestyle Risk Users | Socially Isolated Users | High Stress Users
1531,train,3.4,7.2,1.3,1.1,high,3.29,0,Light / Rested Users,0,Healthy Lifestyle Users,2,Moderately Social Users,0,Low Stress Users,Light / Rested Users | Healthy Lifestyle Users | Moderately Social Users | Low Stress Users
1534,train,5.6,5.2,1.6,1.4,low,2.68,1,Heavy Daytime Social Media Users,1,Lifestyle Risk Users,0,Socially Isolated Users,1,High Stress Users,Heavy Daytime Social Media Users | Lifestyle Risk Users | Socially Isolated Users | High Stress Users
15,train,3.6,5.3,0.6,0.3,high,2.99,1,Heavy Daytime Social Media Users,1,Lifestyle Risk Users,1,Low Activity Moderate Social Users,1,High Stress Users,Heavy Daytime Social Media Users | Lifestyle Risk Users | Low Activity Moderate Social Users | High Stress Users
3254,train,7.7,5.0,2.3,0.1,medium,2.0,2,Heavy Night Social Media Users,1,Lifestyle Risk Users,1,Low Activity Moderate Social Users,1,High Stress Users,Heavy Night Social Media Users | Lifestyle Risk Users | Low Activity Moderate Social Users | High Stress Users
1748,train,7.2,5.2,1.7,1.8,low,2.26,1,Heavy Daytime Social Media Users,1,Lifestyle Risk Users,0,Socially Isolated Users,1,High Stress Users,Heavy Daytime Social Media Users | Lifestyle Risk Users | Socially Isolated Users | High Stress Users
1061,train,7.4,7.2,1.8,1.4,medium,2.11,1,Heavy Daytime Social Media Users,1,Lifestyle Risk Users,1,Low Activity Moderate Social Users,1,High Stress Users,Heavy Daytime Social Media Users | Lifestyle Risk Users | Low Activity Moderate Social Users | High Stress Users
2846,train,6.1,5.8,1.3,0.6,medium,2.51,1,Heavy Daytime Social Media Users,1,Lifestyle Risk Users,1,Low Activity Moderate Social Users,1,High Stress Users,Heavy Daytime Social Media Users | Lifestyle Risk Users | Low Activity Moderate Social Users | High Stress Users
3109,train,8.0,4.3,2.4,0.2,medium,2.0,2,Heavy Night Social Media Users,1,Lifestyle Risk Users,1,Low Activity Moderate Social Users,1,High Stress Users,Heavy Night Social Media Users | Lifestyle Risk Users | Low Activity Moderate Social Users | High Stress Users
3384,train,2.2,6.7,1.5,0.0,high,3.02,0,Light / Rested Users,0,Healthy Lifestyle Users,1,Low Activity Moderate Social Users,0,Low Stress Users,Light / Rested Users | Healthy Lifestyle Users | Low Activity Moderate Social Users | Low Stress Users
2532,train,1.6,7.8,1.6,0.9,medium,3.62,0,Light / Rested Users,0,Healthy Lifestyle Users,2,Moderately Social Users,0,Low Stress Users,Light / Rested Users | Healthy Lifestyle Users | Moderately Social Users | Low Stress Users
2529,train,3.7,7.0,0.9,1.1,high,3.36,0,Light / Rested Users,0,Healthy Lifestyle Users,2,Moderately Social Users,0,Low Stress Users,Light / Rested Users | Healthy Lifestyle Users | Moderately Social Users | Low Stress Users
2734,train,2.5,6.7,1.8,0.1,medium,3.67,0,Light / Rested Users,0,Healthy Lifestyle Users,1,Low Activity Moderate Social Users,0,Low Stress Users,Light / Rested Users | Healthy Lifestyle Users | Low Activity Moderate Social Users | Low Stress Users
1499,train,3.2,5.9,2.4,1.0,medium,3.14,2,Heavy Night Social Media Users,0,Healthy Lifestyle Users,2,Moderately Social Users,0,Low Stress Users,Heavy Night Social Media Users | Healthy Lifestyle Users | Moderately Social Users | Low Stress Users
1179,train,5.3,5.3,2.4,1.6,medium,3.01,2,Heavy Night Social Media Users,1,Lifestyle Risk Users,2,Moderately Social Users,1,High Stress Users,Heavy Night Social Media Users | Lifestyle Risk Users | Moderately Social Users | High Stress Users
2937,train,7.7,4.8,1.5,0.8,medium,2.0,1,Heavy Daytime Social Media Users,1,Lifestyle Risk Users,1,Low Activity Moderate Social Users,1,High Stress Users,Heavy Daytime Social Media Users | Lifestyle Risk Users | Low Activity Moderate Social Users | High Stress Users
2228,train,6.9,6.2,0.8,0.1,low,2.38,1,Heavy Daytime Social Media Users,1,Lifestyle Risk Users,0,Socially Isolated Users,1,High Stress Users,Heavy Daytime Social Media Users | Lifestyle Risk Users | Socially Isolated Users | High Stress Users
3484,train,7.6,4.9,1.8,1.1,medium,2.08,1,Heavy Daytime Social Media Users,1,Lifestyle Risk Users,1,Low Activity Moderate Social Users,1,High Stress Users,Heavy Daytime Social Media Users | Lifestyle Risk Users | Low Activity Moderate Social Users | High Stress Users
3284,train,7.7,4.1,2.3,2.0,medium,2.15,2,Heavy Night Social Media Users,1,Lifestyle Risk Users,1,Low Activity Moderate Social Users,1,High Stress Users,Heavy Night Social Media Users | Lifestyle Risk Users | Low Activity Moderate Social Users | High Stress Users
3287,train,5.4,6.2,2.8,1.0,medium,2.88,2,Heavy Night Social Media Users,1,Lifestyle Risk Users,1,Low Activity Moderate Social Users,1,High Stress Users,Heavy Night Social Media Users | Lifestyle Risk Users | Low Activity Moderate Social Users | High Stress Users
3316,train,7.1,4.7,2.7,1.7,low,2.08,2,Heavy Night Social Media Users,1,Lifestyle Risk Users,0,Socially Isolated Users,1,High Stress Users,Heavy Night Social Media Users | Lifestyle Risk Users | Socially Isolated Users | High Stress Users
3229,train,2.0,6.5,2.2,0.6,low,3.29,0,Light / Rested Users,0,Healthy Lifestyle Users,0,Socially Isolated Users,0,Low Stress Users,Light / Rested Users | Healthy Lifestyle Users | Socially Isolated Users | Low Stress Users
3610,train,6.0,6.3,1.5,1.2,low,2.82,1,Heavy Daytime Social Media Users,1,Lifestyle Risk Users,0,Socially Isolated Users,1,High Stress Users,Heavy Daytime Social Media Users | Lifestyle Risk Users | Socially Isolated Users | High Stress Users
1008,train,4.0,4.9,2.7,0.5,high,2.3,2,Heavy Night Social Media Users,1,Lifestyle Risk Users,1,Low Activity Moderate Social Users,1,High Stress Users,Heavy Night Social Media Users | Lifestyle Risk Users | Low Activity Moderate Social Users | High Stress Users
1077,train,5.1,5.3,2.3,0.2,high,2.31,2,Heavy Night Social Media Users,1,Lifestyle Risk Users,1,Low Activity Moderate Social Users,0,Low Stress Users,Heavy Night Social Media Users | Lifestyle Risk Users | Low Activity Moderate Social Users | Low Stress Users
2191,train,4.7,6.5,1.1,1.4,medium,2.91,1,Heavy Daytime Social Media Users,0,Healthy Lifestyle Users,2,Moderately Social Users,0,Low Stress Users,Heavy Daytime Social Media Users | Healthy Lifestyle Users | Moderately Social Users | Low Stress Users
2314,train,3.7,7.5,2.3,0.9,medium,3.19,0,Light / Rested Users,0,Healthy Lifestyle Users,2,Moderately Social Users,0,Low Stress Users,Light / Rested Users | Healthy Lifestyle Users | Moderately Social Users | Low Stress Users
3420,train,3.5,6.7,1.6,0.7,medium,3.51,0,Light / Rested Users,0,Healthy Lifestyle Users,1,Low Activity Moderate Social Users,0,Low Stress Users,Light / Rested Users | Healthy Lifestyle Users | Low Activity Moderate Social Users | Low Stress Users
2269,train,7.8,4.9,0.8,1.3,medium,2.2,1,Heavy Daytime Social Media Users,1,Lifestyle Risk Users,1,Low Activity Moderate Social Users,1,High Stress Users,Heavy Daytime Social Media Users | Lifestyle Risk Users | Low Activity Moderate Social Users | High Stress Users
1846,train,2.5,6.6,1.7,0.5,medium,3.15,0,Light / Rested Users,0,Healthy Lifestyle Users,2,Moderately Social Users,0,Low Stress Users,Light / Rested Users | Healthy Lifestyle Users | Moderately Social Users | Low Stress Users
3143,train,6.0,5.1,1.8,0.4,low,2.4,2,Heavy Night Social Media Users,1,Lifestyle Risk Users,0,Socially Isolated Users,1,High Stress Users,Heavy Night Social Media Users | Lifestyle Risk Users | Socially Isolated Users | High Stress Users
737,train,7.5,5.4,2.3,0.4,medium,3.44,2,Heavy Night Social Media Users,1,Lifestyle Risk Users,1,Low Activity Moderate Social Users,1,High Stress Users,Heavy Night Social Media Users | Lifestyle Risk Users | Low Activity Moderate Social Users | High Stress Users
3270,train,4.8,6.2,0.8,1.7,medium,3.05,1,Heavy Daytime Social Media Users,0,Healthy Lifestyle Users,2,Moderately Social Users,0,Low Stress Users,Heavy Daytime Social Media Users | Healthy Lifestyle Users | Moderately Social Users | Low Stress Users
3604,train,2.4,7.2,1.3,1.2,medium,3.54,0,Light / Rested Users,0,Healthy Lifestyle Users,2,Moderately Social Users,0,Low Stress Users,Light / Rested Users | Healthy Lifestyle Users | Moderately Social Users | Low Stress Users
806,train,3.5,5.3,2.7,0.5,low,3.7,2,Heavy Night Social Media Users,0,Healthy Lifestyle Users,0,Socially Isolated Users,0,Low Stress Users,Heavy Night Social Media Users | Healthy Lifestyle Users | Socially Isolated Users | Low Stress Users
3477,train,2.5,7.0,1.7,1.2,high,3.49,0,Light / Rested Users,0,Healthy Lifestyle Users,2,Moderately Social Users,0,Low Stress Users,Light / Rested Users | Healthy Lifestyle Users | Moderately Social Users | Low Stress Users
10,train,7.2,5.8,2.9,1.2,medium,3.16,2,Heavy Night Social Media Users,1,Lifestyle Risk Users,1,Low Activity Moderate Social Users,1,High Stress Users,Heavy Night Social Media Users | Lifestyle Risk Users | Low Activity Moderate Social Users | High Stress Users
207,train,2.8,7.2,1.8,0.2,low,2.91,0,Light / Rested Users,0,Healthy Lifestyle Users,0,Socially Isolated Users,0,Low Stress Users,Light / Rested Users | Healthy Lifestyle Users | Socially Isolated Users | Low Stress Users
1079,train,4.4,4.2,2.0,1.1,medium,3.89,2,Heavy Night Social Media Users,0,Healthy Lifestyle Users,2,Moderately Social Users,1,High Stress Users,Heavy Night Social Media Users | Healthy Lifestyle Users | Moderately Social Users | High Stress Users
1440,train,1.6,7.6,1.6,1.4,medium,3.56,0,Light / Rested Users,0,Healthy Lifestyle Users,2,Moderately Social Users,0,Low Stress Users,Light / Rested Users | Healthy Lifestyle Users | Moderately Social Users | Low Stress Users
2383,train,3.2,6.9,1.3,1.4,medium,3.1,0,Light / Rested Users,0,Healthy Lifestyle Users,2,Moderately Social Users,0,Low Stress Users,Light / Rested Users | Healthy Lifestyle Users | Moderately Social Users | Low Stress Users
3043,train,7.1,4.9,2.5,0.2,high,2.1,2,Heavy Night Social Media Users,1,Lifestyle Risk Users,1,Low Activity Moderate Social Users,1,High Stress Users,Heavy Night Social Media Users | Lifestyle Risk Users | Low Activity Moderate Social Users | High Stress Users
573,train,7.3,7.8,1.1,1.1,low,2.03,1,Heavy Daytime Social Media Users,1,Lifestyle Risk Users,0,Socially Isolated Users,1,High Stress Users,Heavy Daytime Social Media Users | Lifestyle Risk Users | Socially Isolated Users | High Stress Users
3139,train,4.2,5.7,2.5,1.2,low,2.76,2,Heavy Night Social Media Users,1,Lifestyle Risk Users,0,Socially Isolated Users,1,High Stress Users,Heavy Night Social Media Users | Lifestyle Risk Users | Socially Isolated Users | High Stress Users
1859,train,7.5,5.6,1.3,1.6,high,2.69,1,Heavy Daytime Social Media Users,1,Lifestyle Risk Users,1,Low Activity Moderate Social Users,1,High Stress Users,Heavy Daytime Social Media Users | Lifestyle Risk Users | Low Activity Moderate Social Users | High Stress Users
640,train,3.4,8.0,1.0,1.0,high,2.31,0,Light / Rested Users,0,Healthy Lifestyle Users,2,Moderately Social Users,0,Low Stress Users,Light / Rested Users | Healthy Lifestyle Users | Moderately Social Users | Low Stress Users
3004,train,5.5,5.1,1.9,0.6,medium,2.43,2,Heavy Night Social Media Users,1,Lifestyle Risk Users,1,Low Activity Moderate Social Users,1,High Stress Users,Heavy Night Social Media Users | Lifestyle Risk Users | Low Activity Moderate Social Users | High Stress Users
293,train,1.8,8.0,2.8,0.6,low,3.49,0,Light / Rested Users,0,Healthy Lifestyle Users,0,Socially Isolated Users,0,Low Stress Users,Light / Rested Users | Healthy Lifestyle Users | Socially Isolated Users | Low Stress Users
2229,train,3.8,6.2,1.8,0.8,low,3.35,0,Light / Rested Users,0,Healthy Lifestyle Users,0,Socially Isolated Users,0,Low Stress Users,Light / Rested Users | Healthy Lifestyle Users | Socially Isolated Users | Low Stress Users
701,train,3.8,5.9,1.0,0.6,low,2.22,1,Heavy Daytime Social Media Users,1,Lifestyle Risk Users,0,Socially Isolated Users,1,High Stress Users,Heavy Daytime Social Media Users | Lifestyle Risk Users | Socially Isolated Users | High Stress Users
3286,train,1.5,7.0,2.0,1.0,medium,3.5,0,Light / Rested Users,0,Healthy Lifestyle Users,2,Moderately Social Users,0,Low Stress Users,Light / Rested Users | Healthy Lifestyle Users | Moderately Social Users | Low Stress Users
2304,train,4.7,5.0,2.0,0.2,low,2.45,2,Heavy Night Social Media Users,1,Lifestyle Risk Users,0,Socially Isolated Users,1,High Stress Users,Heavy Night Social Media Users | Lifestyle Risk Users | Socially Isolated Users | High Stress Users
354,train,5.1,7.4,1.3,1.6,high,3.5,0,Light / Rested Users,0,Healthy Lifestyle Users,2,Moderately Social Users,0,Low Stress Users,Light / Rested Users | Healthy Lifestyle Users | Moderately Social Users | Low Stress Users
580,train,5.8,5.1,2.6,1.5,medium,2.06,2,Heavy Night Social Media Users,1,Lifestyle Risk Users,2,Moderately Social Users,1,High Stress Users,Heavy Night Social Media Users | Lifestyle Risk Users | Moderately Social Users | High Stress Users
1173,train,3.1,7.7,2.2,1.4,medium,3.72,0,Light / Rested Users,0,Healthy Lifestyle Users,2,Moderately Social Users,0,Low Stress Users,Light / Rested Users | Healthy Lifestyle Users | Moderately Social Users | Low Stress Users
1961,train,7.6,4.0,2.5,1.8,high,2.06,2,Heavy Night Social Media Users,1,Lifestyle Risk Users,1,Low Activity Moderate Social Users,1,High Stress Users,Heavy Night Social Media Users | Lifestyle Risk Users | Low Activity Moderate Social Users | High Stress Users
279,train,7.0,7.8,1.1,1.4,medium,3.81,1,Heavy Daytime Social Media Users,0,Healthy Lifestyle Users,1,Low Activity Moderate Social Users,1,High Stress Users,Heavy Daytime Social Media Users | Healthy Lifestyle Users | Low Activity Moderate Social Users | High Stress Users
3454,train,4.7,6.1,1.3,1.7,low,2.76,1,Heavy Daytime Social Media Users,1,Lifestyle Risk Users,0,Socially Isolated Users,1,High Stress Users,Heavy Daytime Social Media Users | Lifestyle Risk Users | Socially Isolated Users | High Stress Users
434,train,5.4,7.0,1.8,0.1,low,2.54,1,Heavy Daytime Social Media Users,1,Lifestyle Risk Users,0,Socially Isolated Users,0,Low Stress Users,Heavy Daytime Social Media Users | Lifestyle Risk Users | Socially Isolated Users | Low Stress Users
912,train,3.5,4.4,1.5,0.8,high,2.7,2,Heavy Night Social Media Users,1,Lifestyle Risk Users,2,Moderately Social Users,1,High Stress Users,Heavy Night Social Media Users | Lifestyle Risk Users | Moderately Social Users | High Stress Users
821,train,4.3,4.4,0.9,1.5,high,2.35,1,Heavy Daytime Social Media Users,1,Lifestyle Risk Users,2,Moderately Social Users,0,Low Stress Users,Heavy Daytime Social Media Users | Lifestyle Risk Users | Moderately Social Users | Low Stress Users
2236,train,5.4,6.1,1.5,1.7,high,2.61,1,Heavy Daytime Social Media Users,1,Lifestyle Risk Users,2,Moderately Social Users,1,High Stress Users,Heavy Daytime Social Media Users | Lifestyle Risk Users | Moderately Social Users | High Stress Users
2844,train,1.2,8.1,0.5,0.0,medium,3.52,0,Light / Rested Users,0,Healthy Lifestyle Users,0,Socially Isolated Users,0,Low Stress Users,Light / Rested Users | Healthy Lifestyle Users | Socially Isolated Users | Low Stress Users
2870,train,4.7,6.7,1.6,0.5,low,3.22,1,Heavy Daytime Social Media Users,0,Healthy Lifestyle Users,0,Socially Isolated Users,0,Low Stress Users,Heavy Daytime Social Media Users | Healthy Lifestyle Users | Socially Isolated Users | Low Stress Users
1525,train,2.8,6.1,2.2,2.0,medium,3.07,0,Light / Rested Users,0,Healthy Lifestyle Users,2,Moderately Social Users,0,Low Stress Users,Light / Rested Users | Healthy Lifestyle Users | Moderately Social Users | Low Stress Users
876,train,2.5,6.8,2.8,0.5,low,2.77,0,Light / Rested Users,0,Healthy Lifestyle Users,0,Socially Isolated Users,0,Low Stress Users,Light / Rested Users | Healthy Lifestyle Users | Socially Isolated Users | Low Stress Users
3056,train,2.0,7.1,1.6,0.7,high,3.69,0,Light / Rested Users,0,Healthy Lifestyle Users,2,Moderately Social Users,0,Low Stress Users,Light / Rested Users | Healthy Lifestyle Users | Moderately Social Users | Low Stress Users
3133,train,3.8,6.7,1.0,1.1,low,3.33,0,Light / Rested Users,0,Healthy Lifestyle Users,0,Socially Isolated Users,0,Low Stress Users,Light / Rested Users | Healthy Lifestyle Users | Socially Isolated Users | Low Stress Users
1461,train,5.8,5.6,2.7,1.1,low,2.32,2,Heavy Night Social Media Users,1,Lifestyle Risk Users,0,Socially Isolated Users,1,High Stress Users,Heavy Night Social Media Users | Lifestyle Risk Users | Socially Isolated Users | High Stress Users
1256,train,4.8,6.1,0.8,1.2,medium,2.53,1,Heavy Daytime Social Media Users,1,Lifestyle Risk Users,2,Moderately Social Users,1,High Stress Users,Heavy Daytime Social Media Users | Lifestyle Risk Users | Moderately Social Users | High Stress Users
1007,train,1.6,8.6,2.6,0.1,medium,3.53,0,Light / Rested Users,0,Healthy Lifestyle Users,0,Socially Isolated Users,0,Low Stress Users,Light / Rested Users | Healthy Lifestyle Users | Socially Isolated Users | Low Stress Users
381,train,1.3,4.9,0.9,0.0,medium,3.86,0,Light / Rested Users,0,Healthy Lifestyle Users,0,Socially Isolated Users,0,Low Stress Users,Light / Rested Users | Healthy Lifestyle Users | Socially Isolated Users | Low Stress Users
1073,train,4.0,8.4,2.3,0.9,low,2.52,0,Light / Rested Users,0,Healthy Lifestyle Users,0,Socially Isolated Users,0,Low Stress Users,Light / Rested Users | Healthy Lifestyle Users | Socially Isolated Users | Low Stress Users
1329,train,7.5,4.7,1.3,0.1,high,2.12,1,Heavy Daytime Social Media Users,1,Lifestyle Risk Users,1,Low Activity Moderate Social Users,1,High Stress Users,Heavy Daytime Social Media Users | Lifestyle Risk Users | Low Activity Moderate Social Users | High Stress Users
1317,train,5.6,5.7,1.6,1.6,low,2.95,1,Heavy Daytime Social Media Users,1,Lifestyle Risk Users,0,Socially Isolated Users,1,High Stress Users,Heavy Daytime Social Media Users | Lifestyle Risk Users | Socially Isolated Users | High Stress Users
2682,train,2.7,6.9,2.5,0.1,high,2.92,0,Light / Rested Users,0,Healthy Lifestyle Users,1,Low Activity Moderate Social Users,0,Low Stress Users,Light / Rested Users | Healthy Lifestyle Users | Low Activity Moderate Social Users | Low Stress Users
3559,train,6.8,5.5,0.9,1.5,medium,2.49,1,Heavy Daytime Social Media Users,1,Lifestyle Risk Users,1,Low Activity Moderate Social Users,1,High Stress Users,Heavy Daytime Social Media Users | Lifestyle Risk Users | Low Activity Moderate Social Users | High Stress Users
818,train,2.8,6.9,2.3,0.1,medium,3.11,0,Light / Rested Users,0,Healthy Lifestyle Users,1,Low Activity Moderate Social Users,0,Low Stress Users,Light / Rested Users | Healthy Lifestyle Users | Low Activity Moderate Social Users | Low Stress Users
2201,train,5.2,6.3,1.5,1.8,high,2.82,1,Heavy Daytime Social Media Users,1,Lifestyle Risk Users,2,Moderately Social Users,0,Low Stress Users,Heavy Daytime Social Media Users | Lifestyle Risk Users | Moderately Social Users | Low Stress Users
2422,train,6.4,5.8,1.2,0.6,low,2.6,1,Heavy Daytime Social Media Users,1,Lifestyle Risk Users,0,Socially Isolated Users,1,High Stress Users,Heavy Daytime Social Media Users | Lifestyle Risk Users | Socially Isolated Users | High Stress Users
2133,train,5.4,6.4,0.9,0.8,high,2.5,1,Heavy Daytime Social Media Users,1,Lifestyle Risk Users,1,Low Activity Moderate Social Users,1,High Stress Users,Heavy Daytime Social Media Users | Lifestyle Risk Users | Low Activity Moderate Social Users | High Stress Users
2207,train,6.2,5.0,2.2,0.2,medium,2.33,2,Heavy Night Social Media Users,1,Lifestyle Risk Users,1,Low Activity Moderate Social Users,1,High Stress Users,Heavy Night Social Media Users | Lifestyle Risk Users | Low Activity Moderate Social Users | High Stress Users
786,train,4.2,7.1,2.5,1.5,high,3.91,0,Light / Rested Users,0,Healthy Lifestyle Users,2,Moderately Social Users,1,High Stress Users,Light / Rested Users | Healthy Lifestyle Users | Moderately Social Users | High Stress Users
909,train,7.4,8.3,1.4,0.4,low,3.64,1,Heavy Daytime Social Media Users,0,Healthy Lifestyle Users,0,Socially Isolated Users,1,High Stress Users,Heavy Daytime Social Media Users | Healthy Lifestyle Users | Socially Isolated Users | High Stress Users
12,train,6.2,7.2,2.6,1.7,medium,2.02,2,Heavy Night Social Media Users,1,Lifestyle Risk Users,2,Moderately Social Users,1,High Stress Users,Heavy Night Social Media Users | Lifestyle Risk Users | Moderately Social Users | High Stress Users
2633,train,4.7,6.3,1.7,0.3,high,2.73,1,Heavy Daytime Social Media Users,1,Lifestyle Risk Users,1,Low Activity Moderate Social Users,1,High Stress Users,Heavy Daytime Social Media Users | Lifestyle Risk Users | Low Activity Moderate Social Users | High Stress Users
3549,train,3.5,7.4,1.1,0.1,high,3.3,0,Light / Rested Users,0,Healthy Lifestyle Users,1,Low Activity Moderate Social Users,0,Low Stress Users,Light / Rested Users | Healthy Lifestyle Users | Low Activity Moderate Social Users | Low Stress Users
1611,train,4.1,6.8,1.8,1.3,high,2.79,0,Light / Rested Users,0,Healthy Lifestyle Users,2,Moderately Social Users,0,Low Stress Users,Light / Rested Users | Healthy Lifestyle Users | Moderately Social Users | Low Stress Users
2841,train,2.8,6.0,2.9,1.6,medium,3.3,2,Heavy Night Social Media Users,0,Healthy Lifestyle Users,2,Moderately Social Users,0,Low Stress Users,Heavy Night Social Media Users | Healthy Lifestyle Users | Moderately Social Users | Low Stress Users
3554,train,5.6,6.4,0.8,1.5,low,2.16,1,Heavy Daytime Social Media Users,1,Lifestyle Risk Users,0,Socially Isolated Users,1,High Stress Users,Heavy Daytime Social Media Users | Lifestyle Risk Users | Socially Isolated Users | High Stress Users
470,train,1.4,4.5,1.4,1.7,high,3.17,0,Light / Rested Users,0,Healthy Lifestyle Users,2,Moderately Social Users,1,High Stress Users,Light / Rested Users | Healthy Lifestyle Users | Moderately Social Users | High Stress Users
688,train,3.4,5.3,1.8,0.3,low,3.33,2,Heavy Night Social Media Users,0,Healthy Lifestyle Users,0,Socially Isolated Users,1,High Stress Users,Heavy Night Social Media Users | Healthy Lifestyle Users | Socially Isolated Users | High Stress Users
1722,train,3.8,7.0,0.6,1.6,high,3.27,0,Light / Rested Users,0,Healthy Lifestyle Users,2,Moderately Social Users,0,Low Stress Users,Light / Rested Users | Healthy Lifestyle Users | Moderately Social Users | Low Stress Users
2893,train,3.9,7.6,1.5,0.8,high,3.2,0,Light / Rested Users,0,Healthy Lifestyle Users,1,Low Activity Moderate Social Users,0,Low Stress Users,Light / Rested Users | Healthy Lifestyle Users | Low Activity Moderate Social Users | Low Stress Users
461,train,5.2,6.7,2.5,0.9,medium,3.82,2,Heavy Night Social Media Users,0,Healthy Lifestyle Users,1,Low Activity Moderate Social Users,1,High Stress Users,Heavy Night Social Media Users | Healthy Lifestyle Users | Low Activity Moderate Social Users | High Stress Users
3163,train,4.4,7.1,1.1,1.4,medium,2.77,0,Light / Rested Users,0,Healthy Lifestyle Users,2,Moderately Social Users,0,Low Stress Users,Light / Rested Users | Healthy Lifestyle Users | Moderately Social Users | Low Stress Users
1330,train,5.8,4.6,1.8,0.7,medium,2.27,2,Heavy Night Social Media Users,1,Lifestyle Risk Users,1,Low Activity Moderate Social Users,1,High Stress Users,Heavy Night Social Media Users | Lifestyle Risk Users | Low Activity Moderate Social Users | High Stress Users
2420,train,1.9,8.0,1.3,2.0,high,3.87,0,Light / Rested Users,0,Healthy Lifestyle Users,2,Moderately Social Users,0,Low Stress Users,Light / Rested Users | Healthy Lifestyle Users | Moderately Social Users | Low Stress Users
2465,train,5.7,5.6,2.4,0.7,high,2.48,2,Heavy Night Social Media Users,1,Lifestyle Risk Users,1,Low Activity Moderate Social Users,1,High Stress Users,Heavy Night Social Media Users | Lifestyle Risk Users | Low Activity Moderate Social Users | High Stress Users
289,train,4.4,6.4,0.9,0.2,medium,2.72,1,Heavy Daytime Social Media Users,1,Lifestyle Risk Users,1,Low Activity Moderate Social Users,1,High Stress Users,Heavy Daytime Social Media Users | Lifestyle Risk Users | Low Activity Moderate Social Users | High Stress Users
3438,train,6.9,4.0,2.7,1.7,low,2.0,2,Heavy Night Social Media Users,1,Lifestyle Risk Users,0,Socially Isolated Users,1,High Stress Users,Heavy Night Social Media Users | Lifestyle Risk Users | Socially Isolated Users | High Stress Users
1784,train,3.0,7.5,1.4,0.2,medium,3.0,0,Light / Rested Users,0,Healthy Lifestyle Users,1,Low Activity Moderate Social Users,0,Low Stress Users,Light / Rested Users | Healthy Lifestyle Users | Low Activity Moderate Social Users | Low Stress Users
3539,train,1.8,8.0,0.5,1.8,medium,3.98,0,Light / Rested Users,0,Healthy Lifestyle Users,2,Moderately Social Users,0,Low Stress Users,Light / Rested Users | Healthy Lifestyle Users | Moderately Social Users | Low Stress Users
2848,train,7.8,4.0,1.9,0.4,high,2.0,2,Heavy Night Social Media Users,1,Lifestyle Risk Users,1,Low Activity Moderate Social Users,1,High Stress Users,Heavy Night Social Media Users | Lifestyle Risk Users | Low Activity Moderate Social Users | High Stress Users
1435,train,4.8,6.7,1.1,0.7,low,2.88,1,Heavy Daytime Social Media Users,0,Healthy Lifestyle Users,0,Socially Isolated Users,0,Low Stress Users,Heavy Daytime Social Media Users | Healthy Lifestyle Users | Socially Isolated Users | Low Stress Users
1842,train,1.3,7.0,2.4,1.0,medium,3.57,0,Light / Rested Users,0,Healthy Lifestyle Users,2,Moderately Social Users,0,Low Stress Users,Light / Rested Users | Healthy Lifestyle Users | Moderately Social Users | Low Stress Users
2192,train,2.4,6.4,2.6,0.4,low,2.96,0,Light / Rested Users,0,Healthy Lifestyle Users,0,Socially Isolated Users,0,Low Stress Users,Light / Rested Users | Healthy Lifestyle Users | Socially Isolated Users | Low Stress Users
2709,train,5.3,5.9,2.6,1.4,high,2.74,2,Heavy Night Social Media Users,1,Lifestyle Risk Users,2,Moderately Social Users,1,High Stress Users,Heavy Night Social Media Users | Lifestyle Risk Users | Moderately Social Users | High Stress Users
808,train,2.8,7.0,2.9,1.1,medium,3.91,0,Light / Rested Users,0,Healthy Lifestyle Users,2,Moderately Social Users,1,High Stress Users,Light / Rested Users | Healthy Lifestyle Users | Moderately Social Users | High Stress Users
556,train,5.2,6.9,2.3,0.2,high,2.09,2,Heavy Night Social Media Users,1,Lifestyle Risk Users,1,Low Activity Moderate Social Users,0,Low Stress Users,Heavy Night Social Media Users | Lifestyle Risk Users | Low Activity Moderate Social Users | Low Stress Users
3378,train,7.1,5.1,2.1,1.4,medium,2.24,2,Heavy Night Social Media Users,1,Lifestyle Risk Users,1,Low Activity Moderate Social Users,1,High Stress Users,Heavy Night Social Media Users | Lifestyle Risk Users | Low Activity Moderate Social Users | High Stress Users
3440,train,3.1,7.4,1.5,1.3,high,3.22,0,Light / Rested Users,0,Healthy Lifestyle Users,2,Moderately Social Users,0,Low Stress Users,Light / Rested Users | Healthy Lifestyle Users | Moderately Social Users | Low Stress Users
2863,train,4.2,6.1,2.2,1.8,high,2.32,2,Heavy Night Social Media Users,1,Lifestyle Risk Users,2,Moderately Social Users,1,High Stress Users,Heavy Night Social Media Users | Lifestyle Risk Users | Moderately Social Users | High Stress Users
2476,train,1.4,7.9,2.2,0.3,high,3.3,0,Light / Rested Users,0,Healthy Lifestyle Users,2,Moderately Social Users,0,Low Stress Users,Light / Rested Users | Healthy Lifestyle Users | Moderately Social Users | Low Stress Users
2456,train,1.6,6.7,2.9,1.8,low,3.96,0,Light / Rested Users,0,Healthy Lifestyle Users,0,Socially Isolated Users,0,Low Stress Users,Light / Rested Users | Healthy Lifestyle Users | Socially Isolated Users | Low Stress Users
338,train,1.2,6.4,1.3,1.0,low,3.03,0,Light / Rested Users,0,Healthy Lifestyle Users,0,Socially Isolated Users,0,Low Stress Users,Light / Rested Users | Healthy Lifestyle Users | Socially Isolated Users | Low Stress Users
1724,train,7.8,5.1,2.4,1.2,medium,2.33,2,Heavy Night Social Media Users,1,Lifestyle Risk Users,1,Low Activity Moderate Social Users,1,High Stress Users,Heavy Night Social Media Users | Lifestyle Risk Users | Low Activity Moderate Social Users | High Stress Users
3236,train,3.6,6.8,1.5,1.6,high,3.42,0,Light / Rested Users,0,Healthy Lifestyle Users,2,Moderately Social Users,0,Low Stress Users,Light / Rested Users | Healthy Lifestyle Users | Moderately Social Users | Low Stress Users
578,train,4.5,5.4,1.2,1.7,high,3.76,1,Heavy Daytime Social Media Users,0,Healthy Lifestyle Users,2,Moderately Social Users,0,Low Stress Users,Heavy Daytime Social Media Users | Healthy Lifestyle Users | Moderately Social Users | Low Stress Users
2089,train,2.2,6.2,2.9,0.1,low,3.11,2,Heavy Night Social Media Users,0,Healthy Lifestyle Users,0,Socially Isolated Users,0,Low Stress Users,Heavy Night Social Media Users | Healthy Lifestyle Users | Socially Isolated Users | Low Stress Users
72,train,2.0,8.7,1.2,0.0,low,3.0,0,Light / Rested Users,0,Healthy Lifestyle Users,0,Socially Isolated Users,0,Low Stress Users,Light / Rested Users | Healthy Lifestyle Users | Socially Isolated Users | Low Stress Users
2170,train,1.4,8.5,0.6,1.8,medium,4.0,0,Light / Rested Users,0,Healthy Lifestyle Users,2,Moderately Social Users,0,Low Stress Users,Light / Rested Users | Healthy Lifestyle Users | Moderately Social Users | Low Stress Users
3195,train,7.9,5.0,2.4,0.9,medium,2.0,2,Heavy Night Social Media Users,1,Lifestyle Risk Users,1,Low Activity Moderate Social Users,1,High Stress Users,Heavy Night Social Media Users | Lifestyle Risk Users | Low Activity Moderate Social Users | High Stress Users
2797,train,1.8,7.2,1.6,1.4,low,3.99,0,Light / Rested Users,0,Healthy Lifestyle Users,0,Socially Isolated Users,0,Low Stress Users,Light / Rested Users | Healthy Lifestyle Users | Socially Isolated Users | Low Stress Users
436,train,3.5,5.8,1.8,0.9,low,3.3,2,Heavy Night Social Media Users,0,Healthy Lifestyle Users,0,Socially Isolated Users,1,High Stress Users,Heavy Night Social Media Users | Healthy Lifestyle Users | Socially Isolated Users | High Stress Users
1924,train,6.2,5.1,2.3,1.9,high,2.78,2,Heavy Night Social Media Users,1,Lifestyle Risk Users,2,Moderately Social Users,1,High Stress Users,Heavy Night Social Media Users | Lifestyle Risk Users | Moderately Social Users | High Stress Users
2101,train,3.6,6.7,1.7,1.3,high,3.63,0,Light / Rested Users,0,Healthy Lifestyle Users,2,Moderately Social Users,0,Low Stress Users,Light / Rested Users | Healthy Lifestyle Users | Moderately Social Users | Low Stress Users
81,train,4.8,6.0,1.5,1.2,high,2.61,1,Heavy Daytime Social Media Users,1,Lifestyle Risk Users,2,Moderately Social Users,0,Low Stress Users,Heavy Daytime Social Media Users | Lifestyle Risk Users | Moderately Social Users | Low Stress Users
84,train,2.6,8.6,1.3,1.6,high,3.64,0,Light / Rested Users,0,Healthy Lifestyle Users,2,Moderately Social Users,0,Low Stress Users,Light / Rested Users | Healthy Lifestyle Users | Moderately Social Users | Low Stress Users
2182,train,3.2,7.8,1.5,0.4,low,3.25,0,Light / Rested Users,0,Healthy Lifestyle Users,0,Socially Isolated Users,0,Low Stress Users,Light / Rested Users | Healthy Lifestyle Users | Socially Isolated Users | Low Stress Users
2267,train,6.1,5.3,2.0,1.0,low,2.43,2,Heavy Night Social Media Users,1,Lifestyle Risk Users,0,Socially Isolated Users,1,High Stress Users,Heavy Night Social Media Users | Lifestyle Risk Users | Socially Isolated Users | High Stress Users
1465,train,1.9,7.8,1.4,0.8,low,3.64,0,Light / Rested Users,0,Healthy Lifestyle Users,0,Socially Isolated Users,0,Low Stress Users,Light / Rested Users | Healthy Lifestyle Users | Socially Isolated Users | Low Stress Users
1530,train,1.4,6.9,1.9,0.3,high,3.53,0,Light / Rested Users,0,Healthy Lifestyle Users,2,Moderately Social Users,0,Low Stress Users,Light / Rested Users | Healthy Lifestyle Users | Moderately Social Users | Low Stress Users
1227,train,2.1,8.1,0.7,0.7,medium,3.65,0,Light / Rested Users,0,Healthy Lifestyle Users,2,Moderately Social Users,0,Low Stress Users,Light / Rested Users | Healthy Lifestyle Users | Moderately Social Users | Low Stress Users
1756,train,3.5,6.2,2.6,1.6,medium,3.17,2,Heavy Night Social Media Users,0,Healthy Lifestyle Users,2,Moderately Social Users,0,Low Stress Users,Heavy Night Social Media Users | Healthy Lifestyle Users | Moderately Social Users | Low Stress Users
152,train,3.9,5.0,0.7,0.3,medium,2.98,1,Heavy Daytime Social Media Users,1,Lifestyle Risk Users,1,Low Activity Moderate Social Users,1,High Stress Users,Heavy Daytime Social Media Users | Lifestyle Risk Users | Low Activity Moderate Social Users | High Stress Users
385,train,7.0,8.7,3.0,1.4,medium,2.84,2,Heavy Night Social Media Users,0,Healthy Lifestyle Users,1,Low Activity Moderate Social Users,0,Low Stress Users,Heavy Night Social Media Users | Healthy Lifestyle Users | Low Activity Moderate Social Users | Low Stress Users
1251,train,2.9,6.2,2.1,1.0,medium,3.49,0,Light / Rested Users,0,Healthy Lifestyle Users,2,Moderately Social Users,0,Low Stress Users,Light / Rested Users | Healthy Lifestyle Users | Moderately Social Users | Low Stress Users
609,train,6.4,8.6,2.3,1.3,low,2.57,0,Light / Rested Users,0,Healthy Lifestyle Users,0,Socially Isolated Users,1,High Stress Users,Light / Rested Users | Healthy Lifestyle Users | Socially Isolated Users | High Stress Users
1516,train,6.4,7.0,0.5,1.6,medium,2.96,1,Heavy Daytime Social Media Users,0,Healthy Lifestyle Users,1,Low Activity Moderate Social Users,1,High Stress Users,Heavy Daytime Social Media Users | Healthy Lifestyle Users | Low Activity Moderate Social Users | High Stress Users
462,train,7.9,6.0,2.7,0.3,low,2.85,2,Heavy Night Social Media Users,1,Lifestyle Risk Users,0,Socially Isolated Users,1,High Stress Users,Heavy Night Social Media Users | Lifestyle Risk Users | Socially Isolated Users | High Stress Users
3084,train,1.6,7.6,1.0,0.6,high,3.16,0,Light / Rested Users,0,Healthy Lifestyle Users,2,Moderately Social Users,0,Low Stress Users,Light / Rested Users | Healthy Lifestyle Users | Moderately Social Users | Low Stress Users
2707,train,5.8,5.0,2.4,1.3,high,2.17,2,Heavy Night Social Media Users,1,Lifestyle Risk Users,1,Low Activity Moderate Social Users,1,High Stress Users,Heavy Night Social Media Users | Lifestyle Risk Users | Low Activity Moderate Social Users | High Stress Users
1176,train,5.9,8.6,1.9,0.2,medium,3.88,0,Light / Rested Users,0,Healthy Lifestyle Users,1,Low Activity Moderate Social Users,0,Low Stress Users,Light / Rested Users | Healthy Lifestyle Users | Low Activity Moderate Social Users | Low Stress Users
838,train,4.5,7.0,1.5,1.7,medium,3.16,0,Light / Rested Users,0,Healthy Lifestyle Users,2,Moderately Social Users,0,Low Stress Users,Light / Rested Users | Healthy Lifestyle Users | Moderately Social Users | Low Stress Users
1768,train,4.9,7.2,0.6,1.8,low,3.17,1,Heavy Daytime Social Media Users,0,Healthy Lifestyle Users,0,Socially Isolated Users,0,Low Stress Users,Heavy Daytime Social Media Users | Healthy Lifestyle Users | Socially Isolated Users | Low Stress Users
3511,train,4.9,6.3,1.1,1.1,high,2.54,1,Heavy Daytime Social Media Users,1,Lifestyle Risk Users,1,Low Activity Moderate Social Users,1,High Stress Users,Heavy Daytime Social Media Users | Lifestyle Risk Users | Low Activity Moderate Social Users | High Stress Users
1224,train,1.1,6.7,1.8,1.3,high,3.73,0,Light / Rested Users,0,Healthy Lifestyle Users,2,Moderately Social Users,0,Low Stress Users,Light / Rested Users | Healthy Lifestyle Users | Moderately Social Users | Low Stress Users
2625,train,1.1,7.1,2.6,1.2,high,3.59,0,Light / Rested Users,0,Healthy Lifestyle Users,2,Moderately Social Users,0,Low Stress Users,Light / Rested Users | Healthy Lifestyle Users | Moderately Social Users | Low Stress Users
2832,train,5.3,5.6,2.2,0.4,low,2.55,2,Heavy Night Social Media Users,1,Lifestyle Risk Users,0,Socially Isolated Users,1,High Stress Users,Heavy Night Social Media Users | Lifestyle Risk Users | Socially Isolated Users | High Stress Users
2125,train,7.6,4.6,1.6,0.4,medium,2.25,1,Heavy Daytime Social Media Users,1,Lifestyle Risk Users,1,Low Activity Moderate Social Users,1,High Stress Users,Heavy Daytime Social Media Users | Lifestyle Risk Users | Low Activity Moderate Social Users | High Stress Users
2847,train,6.9,5.4,1.6,0.5,low,2.06,1,Heavy Daytime Social Media Users,1,Lifestyle Risk Users,0,Socially Isolated Users,1,High Stress Users,Heavy Daytime Social Media Users | Lifestyle Risk Users | Socially Isolated Users | High Stress Users
1446,train,1.7,6.8,2.4,1.0,high,3.36,0,Light / Rested Users,0,Healthy Lifestyle Users,2,Moderately Social Users,0,Low Stress Users,Light / Rested Users | Healthy Lifestyle Users | Moderately Social Users | Low Stress Users
45,train,4.5,4.8,0.9,0.8,low,2.22,1,Heavy Daytime Social Media Users,1,Lifestyle Risk Users,0,Socially Isolated Users,0,Low Stress Users,Heavy Daytime Social Media Users | Lifestyle Risk Users | Socially Isolated Users | Low Stress Users
101,train,2.4,6.3,1.3,1.7,low,3.05,0,Light / Rested Users,0,Healthy Lifestyle Users,0,Socially Isolated Users,0,Low Stress Users,Light / Rested Users | Healthy Lifestyle Users | Socially Isolated Users | Low Stress Users
2045,train,7.0,5.0,1.0,0.2,medium,2.09,1,Heavy Daytime Social Media Users,1,Lifestyle Risk Users,1,Low Activity Moderate Social Users,1,High Stress Users,Heavy Daytime Social Media Users | Lifestyle Risk Users | Low Activity Moderate Social Users | High Stress Users
168,train,3.4,5.0,1.8,1.5,medium,3.2,2,Heavy Night Social Media Users,0,Healthy Lifestyle Users,2,Moderately Social Users,0,Low Stress Users,Heavy Night Social Media Users | Healthy Lifestyle Users | Moderately Social Users | Low Stress Users
2144,train,5.4,5.7,1.4,0.3,high,2.5,1,Heavy Daytime Social Media Users,1,Lifestyle Risk Users,1,Low Activity Moderate Social Users,1,High Stress Users,Heavy Daytime Social Media Users | Lifestyle Risk Users | Low Activity Moderate Social Users | High Stress Users
2496,train,6.2,5.5,2.8,1.0,high,2.65,2,Heavy Night Social Media Users,1,Lifestyle Risk Users,1,Low Activity Moderate Social Users,1,High Stress Users,Heavy Night Social Media Users | Lifestyle Risk Users | Low Activity Moderate Social Users | High Stress Users
3503,train,1.7,6.5,2.7,0.6,high,3.46,0,Light / Rested Users,0,Healthy Lifestyle Users,2,Moderately Social Users,0,Low Stress Users,Light / Rested Users | Healthy Lifestyle Users | Moderately Social Users | Low Stress Users
1219,train,6.3,5.6,1.2,0.0,high,2.08,1,Heavy Daytime Social Media Users,1,Lifestyle Risk Users,1,Low Activity Moderate Social Users,1,High Stress Users,Heavy Daytime Social Media Users | Lifestyle Risk Users | Low Activity Moderate Social Users | High Stress Users
1278,train,2.1,6.0,2.5,0.9,high,3.12,2,Heavy Night Social Media Users,0,Healthy Lifestyle Users,2,Moderately Social Users,0,Low Stress Users,Heavy Night Social Media Users | Healthy Lifestyle Users | Moderately Social Users | Low Stress Users
1915,train,3.3,6.9,2.7,1.8,low,3.85,0,Light / Rested Users,0,Healthy Lifestyle Users,0,Socially Isolated Users,0,Low Stress Users,Light / Rested Users | Healthy Lifestyle Users | Socially Isolated Users | Low Stress Users
3548,train,5.5,6.5,0.9,0.8,medium,2.98,1,Heavy Daytime Social Media Users,0,Healthy Lifestyle Users,1,Low Activity Moderate Social Users,1,High Stress Users,Heavy Daytime Social Media Users | Healthy Lifestyle Users | Low Activity Moderate Social Users | High Stress Users
466,train,3.0,8.3,2.7,0.7,high,3.9,0,Light / Rested Users,0,Healthy Lifestyle Users,2,Moderately Social Users,0,Low Stress Users,Light / Rested Users | Healthy Lifestyle Users | Moderately Social Users | Low Stress Users
826,train,7.5,5.1,2.6,0.7,low,3.82,2,Heavy Night Social Media Users,1,Lifestyle Risk Users,0,Socially Isolated Users,1,High Stress Users,Heavy Night Social Media Users | Lifestyle Risk Users | Socially Isolated Users | High Stress Users
2067,train,4.5,5.3,2.9,0.0,high,2.18,2,Heavy Night Social Media Users,1,Lifestyle Risk Users,1,Low Activity Moderate Social Users,1,High Stress Users,Heavy Night Social Media Users | Lifestyle Risk Users | Low Activity Moderate Social Users | High Stress Users
3178,train,4.7,5.7,2.9,0.6,medium,2.71,2,Heavy Night Social Media Users,1,Lifestyle Risk Users,1,Low Activity Moderate Social Users,1,High Stress Users,Heavy Night Social Media Users | Lifestyle Risk Users | Low Activity Moderate Social Users | High Stress Users
1754,train,4.4,6.7,1.6,1.5,high,3.34,0,Light / Rested Users,0,Healthy Lifestyle Users,2,Moderately Social Users,0,Low Stress Users,Light / Rested Users | Healthy Lifestyle Users | Moderately Social Users | Low Stress Users
2498,train,1.4,6.4,3.0,1.9,medium,3.64,0,Light / Rested Users,0,Healthy Lifestyle Users,2,Moderately Social Users,0,Low Stress Users,Light / Rested Users | Healthy Lifestyle Users | Moderately Social Users | Low Stress Users
1111,train,1.7,7.0,2.7,0.5,high,2.07,0,Light / Rested Users,1,Lifestyle Risk Users,2,Moderately Social Users,0,Low Stress Users,Light / Rested Users | Lifestyle Risk Users | Moderately Social Users | Low Stress Users
1257,train,1.4,8.1,1.8,0.6,high,3.75,0,Light / Rested Users,0,Healthy Lifestyle Users,2,Moderately Social Users,0,Low Stress Users,Light / Rested Users | Healthy Lifestyle Users | Moderately Social Users | Low Stress Users
1210,train,2.3,6.9,2.9,0.0,high,3.17,0,Light / Rested Users,0,Healthy Lifestyle Users,1,Low Activity Moderate Social Users,0,Low Stress Users,Light / Rested Users | Healthy Lifestyle Users | Low Activity Moderate Social Users | Low Stress Users
1128,train,7.2,6.9,2.1,1.1,low,2.32,1,Heavy Daytime Social Media Users,1,Lifestyle Risk Users,0,Socially Isolated Users,0,Low Stress Users,Heavy Daytime Social Media Users | Lifestyle Risk Users | Socially Isolated Users | Low Stress Users
1432,train,3.5,7.1,0.9,1.7,high,3.3,0,Light / Rested Users,0,Healthy Lifestyle Users,2,Moderately Social Users,0,Low Stress Users,Light / Rested Users | Healthy Lifestyle Users | Moderately Social Users | Low Stress Users
3451,train,1.4,6.7,1.7,0.7,low,3.7,0,Light / Rested Users,0,Healthy Lifestyle Users,0,Socially Isolated Users,0,Low Stress Users,Light / Rested Users | Healthy Lifestyle Users | Socially Isolated Users | Low Stress Users
774,train,4.0,4.5,1.9,0.2,medium,3.22,2,Heavy Night Social Media Users,1,Lifestyle Risk Users,1,Low Activity Moderate Social Users,1,High Stress Users,Heavy Night Social Media Users | Lifestyle Risk Users | Low Activity Moderate Social Users | High Stress Users
1421,train,1.7,7.5,1.7,0.3,high,3.6,0,Light / Rested Users,0,Healthy Lifestyle Users,2,Moderately Social Users,0,Low Stress Users,Light / Rested Users | Healthy Lifestyle Users | Moderately Social Users | Low Stress Users
1720,train,6.8,4.5,2.7,0.0,low,2.0,2,Heavy Night Social Media Users,1,Lifestyle Risk Users,0,Socially Isolated Users,1,High Stress Users,Heavy Night Social Media Users | Lifestyle Risk Users | Socially Isolated Users | High Stress Users
2995,train,2.3,6.7,1.9,0.1,low,3.2,0,Light / Rested Users,0,Healthy Lifestyle Users,0,Socially Isolated Users,0,Low Stress Users,Light / Rested Users | Healthy Lifestyle Users | Socially Isolated Users | Low Stress Users
1806,train,7.4,4.0,3.0,0.4,low,2.24,2,Heavy Night Social Media Users,1,Lifestyle Risk Users,0,Socially Isolated Users,1,High Stress Users,Heavy Night Social Media Users | Lifestyle Risk Users | Socially Isolated Users | High Stress Users
2588,train,7.3,5.1,0.6,1.7,high,2.27,1,Heavy Daytime Social Media Users,1,Lifestyle Risk Users,1,Low Activity Moderate Social Users,1,High Stress Users,Heavy Daytime Social Media Users | Lifestyle Risk Users | Low Activity Moderate Social Users | High Stress Users
3219,train,3.9,6.2,1.2,1.8,low,3.11,1,Heavy Daytime Social Media Users,0,Healthy Lifestyle Users,0,Socially Isolated Users,0,Low Stress Users,Heavy Daytime Social Media Users | Healthy Lifestyle Users | Socially Isolated Users | Low Stress Users
1472,train,6.1,5.6,2.5,2.0,high,2.75,2,Heavy Night Social Media Users,1,Lifestyle Risk Users,2,Moderately Social Users,1,High Stress Users,Heavy Night Social Media Users | Lifestyle Risk Users | Moderately Social Users | High Stress Users
3481,train,7.4,5.7,1.3,1.9,medium,2.53,1,Heavy Daytime Social Media Users,1,Lifestyle Risk Users,1,Low Activity Moderate Social Users,1,High Stress Users,Heavy Daytime Social Media Users | Lifestyle Risk Users | Low Activity Moderate Social Users | High Stress Users
494,train,5.8,7.5,1.9,0.1,high,2.08,0,Light / Rested Users,1,Lifestyle Risk Users,1,Low Activity Moderate Social Users,0,Low Stress Users,Light / Rested Users | Lifestyle Risk Users | Low Activity Moderate Social Users | Low Stress Users
3276,train,6.4,5.4,1.9,1.7,medium,2.1,2,Heavy Night Social Media Users,1,Lifestyle Risk Users,2,Moderately Social Users,1,High Stress Users,Heavy Night Social Media Users | Lifestyle Risk Users | Moderately Social Users | High Stress Users
3070,train,5.6,4.7,2.2,1.2,low,2.81,2,Heavy Night Social Media Users,1,Lifestyle Risk Users,0,Socially Isolated Users,1,High Stress Users,Heavy Night Social Media Users | Lifestyle Risk Users | Socially Isolated Users | High Stress Users
2224,train,7.6,4.3,2.3,1.2,medium,2.0,2,Heavy Night Social Media Users,1,Lifestyle Risk Users,1,Low Activity Moderate Social Users,1,High Stress Users,Heavy Night Social Media Users | Lifestyle Risk Users | Low Activity Moderate Social Users | High Stress Users
735,train,4.7,8.2,2.6,1.0,medium,3.05,0,Light / Rested Users,0,Healthy Lifestyle Users,1,Low Activity Moderate Social Users,0,Low Stress Users,Light / Rested Users | Healthy Lifestyle Users | Low Activity Moderate Social Users | Low Stress Users
2043,train,4.8,5.9,2.5,0.4,medium,2.49,2,Heavy Night Social Media Users,1,Lifestyle Risk Users,1,Low Activity Moderate Social Users,1,High Stress Users,Heavy Night Social Media Users | Lifestyle Risk Users | Low Activity Moderate Social Users | High Stress Users
3565,train,7.1,5.3,1.7,0.1,medium,2.0,1,Heavy Daytime Social Media Users,1,Lifestyle Risk Users,1,Low Activity Moderate Social Users,1,High Stress Users,Heavy Daytime Social Media Users | Lifestyle Risk Users | Low Activity Moderate Social Users | High Stress Users
2906,train,3.4,6.0,2.8,0.3,low,2.7,2,Heavy Night Social Media Users,1,Lifestyle Risk Users,0,Socially Isolated Users,1,High Stress Users,Heavy Night Social Media Users | Lifestyle Risk Users | Socially Isolated Users | High Stress Users
70,train,5.2,6.7,2.0,1.0,medium,3.48,2,Heavy Night Social Media Users,0,Healthy Lifestyle Users,1,Low Activity Moderate Social Users,0,Low Stress Users,Heavy Night Social Media Users | Healthy Lifestyle Users | Low Activity Moderate Social Users | Low Stress Users
2578,train,1.2,7.6,1.2,1.1,medium,3.76,0,Light / Rested Users,0,Healthy Lifestyle Users,2,Moderately Social Users,0,Low Stress Users,Light / Rested Users | Healthy Lifestyle Users | Moderately Social Users | Low Stress Users
419,train,5.1,7.4,0.7,0.2,medium,2.64,1,Heavy Daytime Social Media Users,0,Healthy Lifestyle Users,1,Low Activity Moderate Social Users,1,High Stress Users,Heavy Daytime Social Media Users | Healthy Lifestyle Users | Low Activity Moderate Social Users | High Stress Users
910,train,6.1,6.8,0.8,0.9,low,2.61,1,Heavy Daytime Social Media Users,1,Lifestyle Risk Users,0,Socially Isolated Users,1,High Stress Users,Heavy Daytime Social Media Users | Lifestyle Risk Users | Socially Isolated Users | High Stress Users
26,train,5.7,8.7,0.6,0.1,low,2.64,0,Light / Rested Users,0,Healthy Lifestyle Users,0,Socially Isolated Users,1,High Stress Users,Light / Rested Users | Healthy Lifestyle Users | Socially Isolated Users | High Stress Users
3524,train,5.2,5.7,1.8,1.5,low,2.26,2,Heavy Night Social Media Users,1,Lifestyle Risk Users,0,Socially Isolated Users,1,High Stress Users,Heavy Night Social Media Users | Lifestyle Risk Users | Socially Isolated Users | High Stress Users
186,train,3.5,6.3,0.8,1.8,high,2.71,1,Heavy Daytime Social Media Users,0,Healthy Lifestyle Users,2,Moderately Social Users,0,Low Stress Users,Heavy Daytime Social Media Users | Healthy Lifestyle Users | Moderately Social Users | Low Stress Users
3585,train,3.6,6.6,1.5,1.8,low,2.98,0,Light / Rested Users,0,Healthy Lifestyle Users,0,Socially Isolated Users,0,Low Stress Users,Light / Rested Users | Healthy Lifestyle Users | Socially Isolated Users | Low Stress Users
1508,train,2.3,7.5,2.5,0.0,high,3.69,0,Light / Rested Users,0,Healthy Lifestyle Users,1,Low Activity Moderate Social Users,0,Low Stress Users,Light / Rested Users | Healthy Lifestyle Users | Low Activity Moderate Social Users | Low Stress Users
2377,train,4.0,6.1,3.0,1.0,medium,3.02,2,Heavy Night Social Media Users,1,Lifestyle Risk Users,2,Moderately Social Users,1,High Stress Users,Heavy Night Social Media Users | Lifestyle Risk Users | Moderately Social Users | High Stress Users
810,train,3.9,4.8,2.8,1.9,medium,3.98,2,Heavy Night Social Media Users,0,Healthy Lifestyle Users,2,Moderately Social Users,1,High Stress Users,Heavy Night Social Media Users | Healthy Lifestyle Users | Moderately Social Users | High Stress Users
380,train,3.2,6.2,2.2,1.6,low,2.96,0,Light / Rested Users,0,Healthy Lifestyle Users,0,Socially Isolated Users,1,High Stress Users,Light / Rested Users | Healthy Lifestyle Users | Socially Isolated Users | High Stress Users
2680,train,7.8,5.5,1.1,0.8,high,2.57,1,Heavy Daytime Social Media Users,1,Lifestyle Risk Users,1,Low Activity Moderate Social Users,1,High Stress Users,Heavy Daytime Social Media Users | Lifestyle Risk Users | Low Activity Moderate Social Users | High Stress Users
1350,train,5.7,6.0,0.5,0.6,low,2.72,1,Heavy Daytime Social Media Users,1,Lifestyle Risk Users,0,Socially Isolated Users,1,High Stress Users,Heavy Daytime Social Media Users | Lifestyle Risk Users | Socially Isolated Users | High Stress Users
2935,train,5.7,6.4,2.3,1.3,medium,2.59,2,Heavy Night Social Media Users,1,Lifestyle Risk Users,1,Low Activity Moderate Social Users,1,High Stress Users,Heavy Night Social Media Users | Lifestyle Risk Users | Low Activity Moderate Social Users | High Stress Users
938,train,7.3,5.8,2.9,0.9,medium,3.93,2,Heavy Night Social Media Users,1,Lifestyle Risk Users,1,Low Activity Moderate Social Users,1,High Stress Users,Heavy Night Social Media Users | Lifestyle Risk Users | Low Activity Moderate Social Users | High Stress Users
1118,train,7.9,8.7,2.5,0.7,high,2.29,0,Light / Rested Users,1,Lifestyle Risk Users,1,Low Activity Moderate Social Users,1,High Stress Users,Light / Rested Users | Lifestyle Risk Users | Low Activity Moderate Social Users | High Stress Users
302,train,4.8,6.8,0.8,0.9,low,3.0,1,Heavy Daytime Social Media Users,0,Healthy Lifestyle Users,0,Socially Isolated Users,0,Low Stress Users,Heavy Daytime Social Media Users | Healthy Lifestyle Users | Socially Isolated Users | Low Stress Users
2514,train,1.1,7.6,2.1,1.2,medium,3.96,0,Light / Rested Users,0,Healthy Lifestyle Users,2,Moderately Social Users,0,Low Stress Users,Light / Rested Users | Healthy Lifestyle Users | Moderately Social Users | Low Stress Users
2223,train,6.6,5.8,1.3,1.1,high,2.71,1,Heavy Daytime Social Media Users,1,Lifestyle Risk Users,1,Low Activity Moderate Social Users,1,High Stress Users,Heavy Daytime Social Media Users | Lifestyle Risk Users | Low Activity Moderate Social Users | High Stress Users
2407,train,3.4,5.7,2.8,1.1,high,2.95,2,Heavy Night Social Media Users,1,Lifestyle Risk Users,2,Moderately Social Users,0,Low Stress Users,Heavy Night Social Media Users | Lifestyle Risk Users | Moderately Social Users | Low Stress Users
1728,train,6.1,5.6,0.6,0.7,high,2.0,1,Heavy Daytime Social Media Users,1,Lifestyle Risk Users,1,Low Activity Moderate Social Users,1,High Stress Users,Heavy Daytime Social Media Users | Lifestyle Risk Users | Low Activity Moderate Social Users | High Stress Users
2289,train,2.2,6.1,2.6,0.8,high,3.15,2,Heavy Night Social Media Users,0,Healthy Lifestyle Users,2,Moderately Social Users,0,Low Stress Users,Heavy Night Social Media Users | Healthy Lifestyle Users | Moderately Social Users | Low Stress Users
3113,train,6.6,5.6,2.5,1.3,low,2.45,2,Heavy Night Social Media Users,1,Lifestyle Risk Users,0,Socially Isolated Users,1,High Stress Users,Heavy Night Social Media Users | Lifestyle Risk Users | Socially Isolated Users | High Stress Users
346,train,4.2,8.4,1.2,0.0,medium,2.61,0,Light / Rested Users,0,Healthy Lifestyle Users,1,Low Activity Moderate Social Users,0,Low Stress Users,Light / Rested Users | Healthy Lifestyle Users | Low Activity Moderate Social Users | Low Stress Users
727,train,3.1,6.8,2.0,1.4,low,3.77,0,Light / Rested Users,0,Healthy Lifestyle Users,0,Socially Isolated Users,0,Low Stress Users,Light / Rested Users | Healthy Lifestyle Users | Socially Isolated Users | Low Stress Users
1633,train,4.8,7.0,0.5,1.9,medium,3.29,1,Heavy Daytime Social Media Users,0,Healthy Lifestyle Users,2,Moderately Social Users,0,Low Stress Users,Heavy Daytime Social Media Users | Healthy Lifestyle Users | Moderately Social Users | Low Stress Users
763,train,3.7,7.0,1.4,0.4,medium,2.05,0,Light / Rested Users,1,Lifestyle Risk Users,1,Low Activity Moderate Social Users,1,High Stress Users,Light / Rested Users | Lifestyle Risk Users | Low Activity Moderate Social Users | High Stress Users
3145,train,6.1,5.5,1.6,1.9,high,2.41,1,Heavy Daytime Social Media Users,1,Lifestyle Risk Users,2,Moderately Social Users,1,High Stress Users,Heavy Daytime Social Media Users | Lifestyle Risk Users | Moderately Social Users | High Stress Users
2776,train,7.2,5.0,1.6,0.2,high,2.2,1,Heavy Daytime Social Media Users,1,Lifestyle Risk Users,1,Low Activity Moderate Social Users,1,High Stress Users,Heavy Daytime Social Media Users | Lifestyle Risk Users | Low Activity Moderate Social Users | High Stress Users
2583,train,4.0,6.8,0.8,0.8,low,3.16,1,Heavy Daytime Social Media Users,0,Healthy Lifestyle Users,0,Socially Isolated Users,0,Low Stress Users,Heavy Daytime Social Media Users | Healthy Lifestyle Users | Socially Isolated Users | Low Stress Users
697,train,6.7,4.3,0.6,0.0,low,3.76,1,Heavy Daytime Social Media Users,1,Lifestyle Risk Users,0,Socially Isolated Users,0,Low Stress Users,Heavy Daytime Social Media Users | Lifestyle Risk Users | Socially Isolated Users | Low Stress Users
603,train,6.9,6.8,1.1,1.0,medium,3.33,1,Heavy Daytime Social Media Users,0,Healthy Lifestyle Users,1,Low Activity Moderate Social Users,1,High Stress Users,Heavy Daytime Social Media Users | Healthy Lifestyle Users | Low Activity Moderate Social Users | High Stress Users
177,train,3.2,8.0,1.3,1.1,high,2.5,0,Light / Rested Users,0,Healthy Lifestyle Users,2,Moderately Social Users,0,Low Stress Users,Light / Rested Users | Healthy Lifestyle Users | Moderately Social Users | Low Stress Users
2042,train,2.7,7.6,0.5,1.5,low,3.69,0,Light / Rested Users,0,Healthy Lifestyle Users,0,Socially Isolated Users,0,Low Stress Users,Light / Rested Users | Healthy Lifestyle Users | Socially Isolated Users | Low Stress Users
1294,train,2.8,7.5,1.1,2.0,high,3.22,0,Light / Rested Users,0,Healthy Lifestyle Users,2,Moderately Social Users,0,Low Stress Users,Light / Rested Users | Healthy Lifestyle Users | Moderately Social Users | Low Stress Users
1743,train,5.7,5.6,1.2,1.5,medium,2.56,1,Heavy Daytime Social Media Users,1,Lifestyle Risk Users,2,Moderately Social Users,1,High Stress Users,Heavy Daytime Social Media Users | Lifestyle Risk Users | Moderately Social Users | High Stress Users
2416,train,1.6,7.1,2.1,1.3,low,3.66,0,Light / Rested Users,0,Healthy Lifestyle Users,0,Socially Isolated Users,0,Low Stress Users,Light / Rested Users | Healthy Lifestyle Users | Socially Isolated Users | Low Stress Users
1625,train,6.6,5.3,1.5,1.4,medium,2.13,1,Heavy Daytime Social Media Users,1,Lifestyle Risk Users,1,Low Activity Moderate Social Users,1,High Stress Users,Heavy Daytime Social Media Users | Lifestyle Risk Users | Low Activity Moderate Social Users | High Stress Users
2803,train,4.7,5.8,1.1,0.5,low,2.92,1,Heavy Daytime Social Media Users,1,Lifestyle Risk Users,0,Socially Isolated Users,1,High Stress Users,Heavy Daytime Social Media Users | Lifestyle Risk Users | Socially Isolated Users | High Stress Users
210,train,3.7,7.9,2.7,0.3,medium,3.11,0,Light / Rested Users,0,Healthy Lifestyle Users,1,Low Activity Moderate Social Users,0,Low Stress Users,Light / Rested Users | Healthy Lifestyle Users | Low Activity Moderate Social Users | Low Stress Users
2035,train,1.1,8.5,0.6,1.6,low,3.84,0,Light / Rested Users,0,Healthy Lifestyle Users,0,Socially Isolated Users,0,Low Stress Users,Light / Rested Users | Healthy Lifestyle Users | Socially Isolated Users | Low Stress Users
3563,train,2.5,6.1,1.9,1.5,low,3.43,0,Light / Rested Users,0,Healthy Lifestyle Users,0,Socially Isolated Users,0,Low Stress Users,Light / Rested Users | Healthy Lifestyle Users | Socially Isolated Users | Low Stress Users
919,train,5.4,4.2,1.5,0.4,high,2.72,1,Heavy Daytime Social Media Users,1,Lifestyle Risk Users,1,Low Activity Moderate Social Users,1,High Stress Users,Heavy Daytime Social Media Users | Lifestyle Risk Users | Low Activity Moderate Social Users | High Stress Users
1978,train,7.9,4.0,2.9,1.0,high,2.0,2,Heavy Night Social Media Users,1,Lifestyle Risk Users,1,Low Activity Moderate Social Users,1,High Stress Users,Heavy Night Social Media Users | Lifestyle Risk Users | Low Activity Moderate Social Users | High Stress Users
1699,train,1.7,6.8,2.8,1.4,low,3.27,0,Light / Rested Users,0,Healthy Lifestyle Users,0,Socially Isolated Users,0,Low Stress Users,Light / Rested Users | Healthy Lifestyle Users | Socially Isolated Users | Low Stress Users
1522,train,4.2,5.1,2.7,0.6,low,2.13,2,Heavy Night Social Media Users,1,Lifestyle Risk Users,0,Socially Isolated Users,1,High Stress Users,Heavy Night Social Media Users | Lifestyle Risk Users | Socially Isolated Users | High Stress Users
2329,train,2.4,6.9,2.9,0.0,low,3.32,0,Light / Rested Users,0,Healthy Lifestyle Users,0,Socially Isolated Users,0,Low Stress Users,Light / Rested Users | Healthy Lifestyle Users | Socially Isolated Users | Low Stress Users
3221,train,1.1,7.2,2.1,1.7,medium,3.25,0,Light / Rested Users,0,Healthy Lifestyle Users,2,Moderately Social Users,0,Low Stress Users,Light / Rested Users | Healthy Lifestyle Users | Moderately Social Users | Low Stress Users
1689,train,1.5,7.6,1.5,0.7,low,3.84,0,Light / Rested Users,0,Healthy Lifestyle Users,0,Socially Isolated Users,0,Low Stress Users,Light / Rested Users | Healthy Lifestyle Users | Socially Isolated Users | Low Stress Users
2130,train,3.7,6.7,0.6,1.1,low,3.25,1,Heavy Daytime Social Media Users,0,Healthy Lifestyle Users,0,Socially Isolated Users,0,Low Stress Users,Heavy Daytime Social Media Users | Healthy Lifestyle Users | Socially Isolated Users | Low Stress Users
130,train,4.7,6.8,1.7,1.4,low,3.27,0,Light / Rested Users,0,Healthy Lifestyle Users,0,Socially Isolated Users,0,Low Stress Users,Light / Rested Users | Healthy Lifestyle Users | Socially Isolated Users | Low Stress Users
761,train,6.0,4.8,2.6,1.6,high,2.74,2,Heavy Night Social Media Users,1,Lifestyle Risk Users,2,Moderately Social Users,1,High Stress Users,Heavy Night Social Media Users | Lifestyle Risk Users | Moderately Social Users | High Stress Users
1322,train,5.3,5.0,1.2,1.6,high,2.71,1,Heavy Daytime Social Media Users,1,Lifestyle Risk Users,2,Moderately Social Users,1,High Stress Users,Heavy Daytime Social Media Users | Lifestyle Risk Users | Moderately Social Users | High Stress Users
2418,train,7.5,5.0,0.6,1.4,high,2.11,1,Heavy Daytime Social Media Users,1,Lifestyle Risk Users,1,Low Activity Moderate Social Users,1,High Stress Users,Heavy Daytime Social Media Users | Lifestyle Risk Users | Low Activity Moderate Social Users | High Stress Users
3029,train,2.7,5.8,2.8,1.9,medium,3.51,2,Heavy Night Social Media Users,0,Healthy Lifestyle Users,2,Moderately Social Users,0,Low Stress Users,Heavy Night Social Media Users | Healthy Lifestyle Users | Moderately Social Users | Low Stress Users
586,train,5.0,7.6,1.8,1.4,high,2.52,0,Light / Rested Users,0,Healthy Lifestyle Users,2,Moderately Social Users,0,Low Stress Users,Light / Rested Users | Healthy Lifestyle Users | Moderately Social Users | Low Stress Users
993,train,4.4,5.1,2.8,0.5,high,2.22,2,Heavy Night Social Media Users,1,Lifestyle Risk Users,1,Low Activity Moderate Social Users,1,High Stress Users,Heavy Night Social Media Users | Lifestyle Risk Users | Low Activity Moderate Social Users | High Stress Users
1434,train,1.1,8.2,1.5,0.8,medium,3.57,0,Light / Rested Users,0,Healthy Lifestyle Users,2,Moderately Social Users,0,Low Stress Users,Light / Rested Users | Healthy Lifestyle Users | Moderately Social Users | Low Stress Users
329,train,7.5,6.7,1.1,0.6,high,3.77,1,Heavy Daytime Social Media Users,0,Healthy Lifestyle Users,1,Low Activity Moderate Social Users,1,High Stress Users,Heavy Daytime Social Media Users | Healthy Lifestyle Users | Low Activity Moderate Social Users | High Stress Users
3220,train,2.6,7.2,1.0,1.2,high,3.48,0,Light / Rested Users,0,Healthy Lifestyle Users,2,Moderately Social Users,0,Low Stress Users,Light / Rested Users | Healthy Lifestyle Users | Moderately Social Users | Low Stress Users
2564,train,6.0,6.6,1.7,1.3,medium,2.86,1,Heavy Daytime Social Media Users,1,Lifestyle Risk Users,1,Low Activity Moderate Social Users,1,High Stress Users,Heavy Daytime Social Media Users | Lifestyle Risk Users | Low Activity Moderate Social Users | High Stress Users
967,train,2.1,4.6,2.0,1.8,high,2.55,2,Heavy Night Social Media Users,1,Lifestyle Risk Users,2,Moderately Social Users,0,Low Stress Users,Heavy Night Social Media Users | Lifestyle Risk Users | Moderately Social Users | Low Stress Users
968,train,7.3,7.3,2.8,0.4,low,3.3,2,Heavy Night Social Media Users,1,Lifestyle Risk Users,0,Socially Isolated Users,1,High Stress Users,Heavy Night Social Media Users | Lifestyle Risk Users | Socially Isolated Users | High Stress Users
1697,train,3.3,6.0,2.0,1.4,high,3.21,0,Light / Rested Users,0,Healthy Lifestyle Users,2,Moderately Social Users,0,Low Stress Users,Light / Rested Users | Healthy Lifestyle Users | Moderately Social Users | Low Stress Users
1642,train,4.7,7.4,0.7,0.2,high,3.42,1,Heavy Daytime Social Media Users,0,Healthy Lifestyle Users,1,Low Activity Moderate Social Users,0,Low Stress Users,Heavy Daytime Social Media Users | Healthy Lifestyle Users | Low Activity Moderate Social Users | Low Stress Users
1377,train,2.8,5.2,2.8,1.4,medium,2.87,2,Heavy Night Social Media Users,1,Lifestyle Risk Users,2,Moderately Social Users,0,Low Stress Users,Heavy Night Social Media Users | Lifestyle Risk Users | Moderately Social Users | Low Stress Users
1839,train,6.0,5.0,2.9,0.4,medium,2.31,2,Heavy Night Social Media Users,1,Lifestyle Risk Users,1,Low Activity Moderate Social Users,1,High Stress Users,Heavy Night Social Media Users | Lifestyle Risk Users | Low Activity Moderate Social Users | High Stress Users
3631,train,1.3,8.5,0.6,1.5,medium,3.85,0,Light / Rested Users,0,Healthy Lifestyle Users,2,Moderately Social Users,0,Low Stress Users,Light / Rested Users | Healthy Lifestyle Users | Moderately Social Users | Low Stress Users
1781,train,3.0,6.2,2.6,1.4,high,2.8,2,Heavy Night Social Media Users,0,Healthy Lifestyle Users,2,Moderately Social Users,0,Low Stress Users,Heavy Night Social Media Users | Healthy Lifestyle Users | Moderately Social Users | Low Stress Users
1238,train,1.3,8.1,1.4,1.4,medium,3.56,0,Light / Rested Users,0,Healthy Lifestyle Users,2,Moderately Social Users,0,Low Stress Users,Light / Rested Users | Healthy Lifestyle Users | Moderately Social Users | Low Stress Users
3052,train,6.0,5.4,2.0,0.2,low,2.14,2,Heavy Night Social Media Users,1,Lifestyle Risk Users,0,Socially Isolated Users,1,High Stress Users,Heavy Night Social Media Users | Lifestyle Risk Users | Socially Isolated Users | High Stress Users
3116,train,3.9,6.1,1.7,1.2,low,2.84,0,Light / Rested Users,0,Healthy Lifestyle Users,0,Socially Isolated Users,0,Low Stress Users,Light / Rested Users | Healthy Lifestyle Users | Socially Isolated Users | Low Stress Users
1987,train,6.7,5.2,1.5,0.9,low,2.08,1,Heavy Daytime Social Media Users,1,Lifestyle Risk Users,0,Socially Isolated Users,1,High Stress Users,Heavy Daytime Social Media Users | Lifestyle Risk Users | Socially Isolated Users | High Stress Users
1942,train,6.8,5.5,2.2,0.4,high,2.68,2,Heavy Night Social Media Users,1,Lifestyle Risk Users,1,Low Activity Moderate Social Users,1,High Stress Users,Heavy Night Social Media Users | Lifestyle Risk Users | Low Activity Moderate Social Users | High Stress Users
789,train,1.8,4.5,2.8,1.6,medium,3.22,2,Heavy Night Social Media Users,0,Healthy Lifestyle Users,2,Moderately Social Users,0,Low Stress Users,Heavy Night Social Media Users | Healthy Lifestyle Users | Moderately Social Users | Low Stress Users
1833,train,4.2,5.8,1.7,1.4,medium,2.77,1,Heavy Daytime Social Media Users,1,Lifestyle Risk Users,2,Moderately Social Users,0,Low Stress Users,Heavy Daytime Social Media Users | Lifestyle Risk Users | Moderately Social Users | Low Stress Users
782,train,3.8,5.7,2.0,1.0,low,3.01,2,Heavy Night Social Media Users,1,Lifestyle Risk Users,0,Socially Isolated Users,0,Low Stress Users,Heavy Night Social Media Users | Lifestyle Risk Users | Socially Isolated Users | Low Stress Users
3061,train,5.2,4.9,2.7,0.8,low,2.0,2,Heavy Night Social Media Users,1,Lifestyle Risk Users,0,Socially Isolated Users,1,High Stress Users,Heavy Night Social Media Users | Lifestyle Risk Users | Socially Isolated Users | High Stress Users
1060,train,3.3,9.0,0.7,0.6,medium,2.49,0,Light / Rested Users,0,Healthy Lifestyle Users,1,Low Activity Moderate Social Users,0,Low Stress Users,Light / Rested Users | Healthy Lifestyle Users | Low Activity Moderate Social Users | Low Stress Users
764,train,8.0,4.3,0.8,0.8,medium,3.44,1,Heavy Daytime Social Media Users,1,Lifestyle Risk Users,1,Low Activity Moderate Social Users,1,High Stress Users,Heavy Daytime Social Media Users | Lifestyle Risk Users | Low Activity Moderate Social Users | High Stress Users
1702,train,6.1,4.4,1.9,1.5,high,2.0,2,Heavy Night Social Media Users,1,Lifestyle Risk Users,1,Low Activity Moderate Social Users,1,High Stress Users,Heavy Night Social Media Users | Lifestyle Risk Users | Low Activity Moderate Social Users | High Stress Users
2815,train,2.0,7.0,1.2,0.5,low,3.55,0,Light / Rested Users,0,Healthy Lifestyle Users,0,Socially Isolated Users,0,Low Stress Users,Light / Rested Users | Healthy Lifestyle Users | Socially Isolated Users | Low Stress Users
881,train,3.2,5.6,0.7,1.5,high,3.1,1,Heavy Daytime Social Media Users,0,Healthy Lifestyle Users,2,Moderately Social Users,0,Low Stress Users,Heavy Daytime Social Media Users | Healthy Lifestyle Users | Moderately Social Users | Low Stress Users
2234,train,6.2,5.2,3.0,0.9,medium,2.27,2,Heavy Night Social Media Users,1,Lifestyle Risk Users,1,Low Activity Moderate Social Users,1,High Stress Users,Heavy Night Social Media Users | Lifestyle Risk Users | Low Activity Moderate Social Users | High Stress Users
1114,train,1.2,6.8,2.6,1.8,medium,2.85,0,Light / Rested Users,0,Healthy Lifestyle Users,2,Moderately Social Users,0,Low Stress Users,Light / Rested Users | Healthy Lifestyle Users | Moderately Social Users | Low Stress Users
1701,train,5.2,5.7,1.0,0.8,high,3.13,1,Heavy Daytime Social Media Users,1,Lifestyle Risk Users,1,Low Activity Moderate Social Users,0,Low Stress Users,Heavy Daytime Social Media Users | Lifestyle Risk Users | Low Activity Moderate Social Users | Low Stress Users
441,train,6.6,8.6,1.5,1.1,low,2.63,0,Light / Rested Users,0,Healthy Lifestyle Users,0,Socially Isolated Users,0,Low Stress Users,Light / Rested Users | Healthy Lifestyle Users | Socially Isolated Users | Low Stress Users
2887,train,4.1,5.1,2.4,1.2,high,2.53,2,Heavy Night Social Media Users,1,Lifestyle Risk Users,2,Moderately Social Users,1,High Stress Users,Heavy Night Social Media Users | Lifestyle Risk Users | Moderately Social Users | High Stress Users
1476,train,3.0,7.2,1.4,1.9,low,3.39,0,Light / Rested Users,0,Healthy Lifestyle Users,0,Socially Isolated Users,0,Low Stress Users,Light / Rested Users | Healthy Lifestyle Users | Socially Isolated Users | Low Stress Users
1385,train,7.8,4.6,0.8,0.3,low,2.11,1,Heavy Daytime Social Media Users,1,Lifestyle Risk Users,0,Socially Isolated Users,1,High Stress Users,Heavy Daytime Social Media Users | Lifestyle Risk Users | Socially Isolated Users | High Stress Users
448,train,5.0,4.9,2.6,1.9,medium,3.82,2,Heavy Night Social Media Users,0,Healthy Lifestyle Users,2,Moderately Social Users,1,High Stress Users,Heavy Night Social Media Users | Healthy Lifestyle Users | Moderately Social Users | High Stress Users
3230,train,2.1,7.9,0.8,1.7,low,4.0,0,Light / Rested Users,0,Healthy Lifestyle Users,0,Socially Isolated Users,0,Low Stress Users,Light / Rested Users | Healthy Lifestyle Users | Socially Isolated Users | Low Stress Users
3373,train,2.4,6.4,2.4,0.5,medium,3.11,0,Light / Rested Users,0,Healthy Lifestyle Users,2,Moderately Social Users,0,Low Stress Users,Light / Rested Users | Healthy Lifestyle Users | Moderately Social Users | Low Stress Users
1550,train,7.7,4.5,2.7,0.1,medium,2.33,2,Heavy Night Social Media Users,1,Lifestyle Risk Users,1,Low Activity Moderate Social Users,1,High Stress Users,Heavy Night Social Media Users | Lifestyle Risk Users | Low Activity Moderate Social Users | High Stress Users
357,train,5.4,4.4,2.3,0.4,high,3.34,2,Heavy Night Social Media Users,1,Lifestyle Risk Users,1,Low Activity Moderate Social Users,1,High Stress Users,Heavy Night Social Media Users | Lifestyle Risk Users | Low Activity Moderate Social Users | High Stress Users
671,train,3.4,4.6,2.0,1.9,high,2.27,2,Heavy Night Social Media Users,1,Lifestyle Risk Users,2,Moderately Social Users,1,High Stress Users,Heavy Night Social Media Users | Lifestyle Risk Users | Moderately Social Users | High Stress Users
1088,train,1.4,4.7,0.5,1.7,high,3.57,1,Heavy Daytime Social Media Users,0,Healthy Lifestyle Users,2,Moderately Social Users,0,Low Stress Users,Heavy Daytime Social Media Users | Healthy Lifestyle Users | Moderately Social Users | Low Stress Users
1762,train,5.0,5.3,2.6,0.3,medium,2.81,2,Heavy Night Social Media Users,1,Lifestyle Risk Users,1,Low Activity Moderate Social Users,1,High Stress Users,Heavy Night Social Media Users | Lifestyle Risk Users | Low Activity Moderate Social Users | High Stress Users
1990,train,4.2,7.1,0.9,1.0,medium,3.09,0,Light / Rested Users,0,Healthy Lifestyle Users,2,Moderately Social Users,0,Low Stress Users,Light / Rested Users | Healthy Lifestyle Users | Moderately Social Users | Low Stress Users
849,train,5.4,4.9,0.6,0.0,low,3.17,1,Heavy Daytime Social Media Users,1,Lifestyle Risk Users,0,Socially Isolated Users,1,High Stress Users,Heavy Daytime Social Media Users | Lifestyle Risk Users | Socially Isolated Users | High Stress Users
1340,train,2.5,7.3,1.3,1.2,medium,3.37,0,Light / Rested Users,0,Healthy Lifestyle Users,2,Moderately Social Users,0,Low Stress Users,Light / Rested Users | Healthy Lifestyle Users | Moderately Social Users | Low Stress Users
554,train,6.0,5.0,2.5,1.8,high,2.55,2,Heavy Night Social Media Users,1,Lifestyle Risk Users,2,Moderately Social Users,1,High Stress Users,Heavy Night Social Media Users | Lifestyle Risk Users | Moderately Social Users | High Stress Users
1951,train,6.1,5.7,1.4,1.9,high,2.86,1,Heavy Daytime Social Media Users,1,Lifestyle Risk Users,2,Moderately Social Users,1,High Stress Users,Heavy Daytime Social Media Users | Lifestyle Risk Users | Moderately Social Users | High Stress Users
1974,train,7.2,5.1,1.9,1.9,low,2.6,2,Heavy Night Social Media Users,1,Lifestyle Risk Users,0,Socially Isolated Users,1,High Stress Users,Heavy Night Social Media Users | Lifestyle Risk Users | Socially Isolated Users | High Stress Users
366,train,6.4,7.7,0.5,1.2,low,3.05,1,Heavy Daytime Social Media Users,0,Healthy Lifestyle Users,0,Socially Isolated Users,0,Low Stress Users,Heavy Daytime Social Media Users | Healthy Lifestyle Users | Socially Isolated Users | Low Stress Users
2053,train,3.4,6.8,1.6,1.8,low,3.74,0,Light / Rested Users,0,Healthy Lifestyle Users,0,Socially Isolated Users,0,Low Stress Users,Light / Rested Users | Healthy Lifestyle Users | Socially Isolated Users | Low Stress Users
960,train,3.8,4.7,1.2,1.4,high,3.7,1,Heavy Daytime Social Media Users,0,Healthy Lifestyle Users,2,Moderately Social Users,0,Low Stress Users,Heavy Daytime Social Media Users | Healthy Lifestyle Users | Moderately Social Users | Low Stress Users
1721,train,2.6,7.2,2.2,1.1,medium,2.99,0,Light / Rested Users,0,Healthy Lifestyle Users,2,Moderately Social Users,0,Low Stress Users,Light / Rested Users | Healthy Lifestyle Users | Moderately Social Users | Low Stress Users
884,train,2.5,7.1,1.9,1.1,low,2.35,0,Light / Rested Users,0,Healthy Lifestyle Users,0,Socially Isolated Users,0,Low Stress Users,Light / Rested Users | Healthy Lifestyle Users | Socially Isolated Users | Low Stress Users
2981,train,5.0,5.4,2.8,1.9,medium,2.27,2,Heavy Night Social Media Users,1,Lifestyle Risk Users,2,Moderately Social Users,1,High Stress Users,Heavy Night Social Media Users | Lifestyle Risk Users | Moderately Social Users | High Stress Users
2258,train,1.3,7.7,1.6,1.7,high,3.56,0,Light / Rested Users,0,Healthy Lifestyle Users,2,Moderately Social Users,0,Low Stress Users,Light / Rested Users | Healthy Lifestyle Users | Moderately Social Users | Low Stress Users
303,train,7.5,8.6,1.9,0.9,medium,3.33,1,Heavy Daytime Social Media Users,0,Healthy Lifestyle Users,1,Low Activity Moderate Social Users,0,Low Stress Users,Heavy Daytime Social Media Users | Healthy Lifestyle Users | Low Activity Moderate Social Users | Low Stress Users
1521,train,6.3,5.6,1.9,0.8,high,2.97,2,Heavy Night Social Media Users,1,Lifestyle Risk Users,1,Low Activity Moderate Social Users,1,High Stress Users,Heavy Night Social Media Users | Lifestyle Risk Users | Low Activity Moderate Social Users | High Stress Users
2576,train,5.2,6.2,0.9,1.5,low,2.78,1,Heavy Daytime Social Media Users,1,Lifestyle Risk Users,0,Socially Isolated Users,1,High Stress Users,Heavy Daytime Social Media Users | Lifestyle Risk Users | Socially Isolated Users | High Stress Users
3686,train,3.2,6.8,2.1,1.8,low,4.0,0,Light / Rested Users,0,Healthy Lifestyle Users,0,Socially Isolated Users,0,Low Stress Users,Light / Rested Users | Healthy Lifestyle Users | Socially Isolated Users | Low Stress Users
1742,train,1.9,6.4,2.1,0.5,medium,3.3,0,Light / Rested Users,0,Healthy Lifestyle Users,2,Moderately Social Users,0,Low Stress Users,Light / Rested Users | Healthy Lifestyle Users | Moderately Social Users | Low Stress Users
619,train,5.2,5.4,0.8,2.0,low,2.39,1,Heavy Daytime Social Media Users,1,Lifestyle Risk Users,0,Socially Isolated Users,1,High Stress Users,Heavy Daytime Social Media Users | Lifestyle Risk Users | Socially Isolated Users | High Stress Users
3498,train,2.1,7.1,1.7,0.7,high,3.53,0,Light / Rested Users,0,Healthy Lifestyle Users,2,Moderately Social Users,0,Low Stress Users,Light / Rested Users | Healthy Lifestyle Users | Moderately Social Users | Low Stress Users
1523,train,3.9,6.0,1.7,0.3,low,2.43,0,Light / Rested Users,1,Lifestyle Risk Users,0,Socially Isolated Users,1,High Stress Users,Light / Rested Users | Lifestyle Risk Users | Socially Isolated Users | High Stress Users
2082,train,2.3,6.5,2.7,2.0,medium,3.31,0,Light / Rested Users,0,Healthy Lifestyle Users,2,Moderately Social Users,0,Low Stress Users,Light / Rested Users | Healthy Lifestyle Users | Moderately Social Users | Low Stress Users
3411,train,4.8,6.2,0.6,0.4,high,2.82,1,Heavy Daytime Social Media Users,1,Lifestyle Risk Users,1,Low Activity Moderate Social Users,1,High Stress Users,Heavy Daytime Social Media Users | Lifestyle Risk Users | Low Activity Moderate Social Users | High Stress Users
141,train,2.3,6.9,2.3,1.6,medium,2.17,0,Light / Rested Users,0,Healthy Lifestyle Users,2,Moderately Social Users,0,Low Stress Users,Light / Rested Users | Healthy Lifestyle Users | Moderately Social Users | Low Stress Users
2712,train,1.4,8.4,1.3,1.4,low,3.98,0,Light / Rested Users,0,Healthy Lifestyle Users,0,Socially Isolated Users,0,Low Stress Users,Light / Rested Users | Healthy Lifestyle Users | Socially Isolated Users | Low Stress Users
3557,train,6.9,4.7,2.4,1.4,medium,2.0,2,Heavy Night Social Media Users,1,Lifestyle Risk Users,1,Low Activity Moderate Social Users,1,High Stress Users,Heavy Night Social Media Users | Lifestyle Risk Users | Low Activity Moderate Social Users | High Stress Users
1883,train,6.3,5.6,1.2,0.3,high,2.19,1,Heavy Daytime Social Media Users,1,Lifestyle Risk Users,1,Low Activity Moderate Social Users,1,High Stress Users,Heavy Daytime Social Media Users | Lifestyle Risk Users | Low Activity Moderate Social Users | High Stress Users
1209,train,7.6,4.3,2.3,0.1,medium,2.0,2,Heavy Night Social Media Users,1,Lifestyle Risk Users,1,Low Activity Moderate Social Users,1,High Stress Users,Heavy Night Social Media Users | Lifestyle Risk Users | Low Activity Moderate Social Users | High Stress Users
1671,train,5.5,5.1,2.8,1.7,medium,2.16,2,Heavy Night Social Media Users,1,Lifestyle Risk Users,2,Moderately Social Users,1,High Stress Users,Heavy Night Social Media Users | Lifestyle Risk Users | Moderately Social Users | High Stress Users
939,train,2.9,4.5,0.9,0.1,low,3.71,1,Heavy Daytime Social Media Users,0,Healthy Lifestyle Users,0,Socially Isolated Users,0,Low Stress Users,Heavy Daytime Social Media Users | Healthy Lifestyle Users | Socially Isolated Users | Low Stress Users
3356,train,4.8,6.5,0.9,0.1,medium,2.33,1,Heavy Daytime Social Media Users,1,Lifestyle Risk Users,1,Low Activity Moderate Social Users,1,High Stress Users,Heavy Daytime Social Media Users | Lifestyle Risk Users | Low Activity Moderate Social Users | High Stress Users
2075,train,2.2,7.9,0.9,1.5,low,3.29,0,Light / Rested Users,0,Healthy Lifestyle Users,0,Socially Isolated Users,0,Low Stress Users,Light / Rested Users | Healthy Lifestyle Users | Socially Isolated Users | Low Stress Users
1621,train,6.7,5.4,0.8,1.8,low,2.04,1,Heavy Daytime Social Media Users,1,Lifestyle Risk Users,0,Socially Isolated Users,1,High Stress Users,Heavy Daytime Social Media Users | Lifestyle Risk Users | Socially Isolated Users | High Stress Users
31,train,1.6,8.7,2.5,0.4,high,3.69,0,Light / Rested Users,0,Healthy Lifestyle Users,2,Moderately Social Users,0,Low Stress Users,Light / Rested Users | Healthy Lifestyle Users | Moderately Social Users | Low Stress Users
231,train,2.7,5.1,2.4,1.8,high,2.17,2,Heavy Night Social Media Users,1,Lifestyle Risk Users,2,Moderately Social Users,1,High Stress Users,Heavy Night Social Media Users | Lifestyle Risk Users | Moderately Social Users | High Stress Users
438,train,5.6,8.8,0.9,2.0,low,3.03,0,Light / Rested Users,0,Healthy Lifestyle Users,0,Socially Isolated Users,1,High Stress Users,Light / Rested Users | Healthy Lifestyle Users | Socially Isolated Users | High Stress Users
3112,train,4.0,6.7,1.6,0.0,medium,2.61,0,Light / Rested Users,1,Lifestyle Risk Users,1,Low Activity Moderate Social Users,1,High Stress Users,Light / Rested Users | Lifestyle Risk Users | Low Activity Moderate Social Users | High Stress Users
930,train,4.8,5.6,1.6,1.3,low,2.0,1,Heavy Daytime Social Media Users,1,Lifestyle Risk Users,0,Socially Isolated Users,1,High Stress Users,Heavy Daytime Social Media Users | Lifestyle Risk Users | Socially Isolated Users | High Stress Users
641,train,6.0,4.2,0.9,0.8,medium,2.41,1,Heavy Daytime Social Media Users,1,Lifestyle Risk Users,1,Low Activity Moderate Social Users,1,High Stress Users,Heavy Daytime Social Media Users | Lifestyle Risk Users | Low Activity Moderate Social Users | High Stress Users
1995,train,5.2,5.6,1.9,1.1,high,2.92,2,Heavy Night Social Media Users,1,Lifestyle Risk Users,1,Low Activity Moderate Social Users,1,High Stress Users,Heavy Night Social Media Users | Lifestyle Risk Users | Low Activity Moderate Social Users | High Stress Users
1691,train,5.7,6.1,1.0,1.2,low,2.22,1,Heavy Daytime Social Media Users,1,Lifestyle Risk Users,0,Socially Isolated Users,1,High Stress Users,Heavy Daytime Social Media Users | Lifestyle Risk Users | Socially Isolated Users | High Stress Users
3641,train,2.7,6.4,2.7,0.3,medium,3.28,2,Heavy Night Social Media Users,0,Healthy Lifestyle Users,1,Low Activity Moderate Social Users,0,Low Stress Users,Heavy Night Social Media Users | Healthy Lifestyle Users | Low Activity Moderate Social Users | Low Stress Users
552,train,3.5,6.8,1.5,1.8,medium,2.35,0,Light / Rested Users,0,Healthy Lifestyle Users,2,Moderately Social Users,0,Low Stress Users,Light / Rested Users | Healthy Lifestyle Users | Moderately Social Users | Low Stress Users
639,train,2.4,8.7,1.6,0.1,medium,2.4,0,Light / Rested Users,0,Healthy Lifestyle Users,1,Low Activity Moderate Social Users,0,Low Stress Users,Light / Rested Users | Healthy Lifestyle Users | Low Activity Moderate Social Users | Low Stress Users
844,train,8.0,8.1,2.5,1.7,medium,2.7,2,Heavy Night Social Media Users,1,Lifestyle Risk Users,1,Low Activity Moderate Social Users,0,Low Stress Users,Heavy Night Social Media Users | Lifestyle Risk Users | Low Activity Moderate Social Users | Low Stress Users
1730,train,5.0,5.7,1.7,1.5,medium,3.47,1,Heavy Daytime Social Media Users,0,Healthy Lifestyle Users,2,Moderately Social Users,1,High Stress Users,Heavy Daytime Social Media Users | Healthy Lifestyle Users | Moderately Social Users | High Stress Users
2070,train,7.7,5.3,0.7,1.9,high,2.55,1,Heavy Daytime Social Media Users,1,Lifestyle Risk Users,1,Low Activity Moderate Social Users,1,High Stress Users,Heavy Daytime Social Media Users | Lifestyle Risk Users | Low Activity Moderate Social Users | High Stress Users
1015,train,7.4,4.4,1.4,1.1,low,3.78,1,Heavy Daytime Social Media Users,1,Lifestyle Risk Users,0,Socially Isolated Users,1,High Stress Users,Heavy Daytime Social Media Users | Lifestyle Risk Users | Socially Isolated Users | High Stress Users
2413,train,7.7,4.3,2.2,1.8,high,2.08,2,Heavy Night Social Media Users,1,Lifestyle Risk Users,1,Low Activity Moderate Social Users,1,High Stress Users,Heavy Night Social Media Users | Lifestyle Risk Users | Low Activity Moderate Social Users | High Stress Users
1368,train,1.3,7.8,2.5,0.5,medium,3.73,0,Light / Rested Users,0,Healthy Lifestyle Users,2,Moderately Social Users,0,Low Stress Users,Light / Rested Users | Healthy Lifestyle Users | Moderately Social Users | Low Stress Users
2589,train,3.4,6.9,1.1,1.7,high,2.81,0,Light / Rested Users,0,Healthy Lifestyle Users,2,Moderately Social Users,0,Low Stress Users,Light / Rested Users | Healthy Lifestyle Users | Moderately Social Users | Low Stress Users
2599,train,3.0,6.4,1.4,0.7,low,3.43,0,Light / Rested Users,0,Healthy Lifestyle Users,0,Socially Isolated Users,0,Low Stress Users,Light / Rested Users | Healthy Lifestyle Users | Socially Isolated Users | Low Stress Users
895,train,1.8,4.9,2.3,1.4,medium,2.67,2,Heavy Night Social Media Users,1,Lifestyle Risk Users,2,Moderately Social Users,0,Low Stress Users,Heavy Night Social Media Users | Lifestyle Risk Users | Moderately Social Users | Low Stress Users
984,train,7.6,7.3,2.9,1.2,high,2.99,2,Heavy Night Social Media Users,1,Lifestyle Risk Users,1,Low Activity Moderate Social Users,1,High Stress Users,Heavy Night Social Media Users | Lifestyle Risk Users | Low Activity Moderate Social Users | High Stress Users
3570,train,3.7,6.8,0.6,0.7,low,3.3,1,Heavy Daytime Social Media Users,0,Healthy Lifestyle Users,0,Socially Isolated Users,0,Low Stress Users,Heavy Daytime Social Media Users | Healthy Lifestyle Users | Socially Isolated Users | Low Stress Users
1346,train,7.9,4.4,1.9,0.8,medium,2.13,2,Heavy Night Social Media Users,1,Lifestyle Risk Users,1,Low Activity Moderate Social Users,1,High Stress Users,Heavy Night Social Media Users | Lifestyle Risk Users | Low Activity Moderate Social Users | High Stress Users
228,train,6.0,7.1,0.9,0.1,low,2.98,1,Heavy Daytime Social Media Users,0,Healthy Lifestyle Users,0,Socially Isolated Users,0,Low Stress Users,Heavy Daytime Social Media Users | Healthy Lifestyle Users | Socially Isolated Users | Low Stress Users
3561,train,6.3,5.8,1.3,0.7,medium,2.07,1,Heavy Daytime Social Media Users,1,Lifestyle Risk Users,1,Low Activity Moderate Social Users,1,High Stress Users,Heavy Daytime Social Media Users | Lifestyle Risk Users | Low Activity Moderate Social Users | High Stress Users
1051,train,5.5,6.0,2.8,0.0,medium,3.4,2,Heavy Night Social Media Users,1,Lifestyle Risk Users,1,Low Activity Moderate Social Users,0,Low Stress Users,Heavy Night Social Media Users | Lifestyle Risk Users | Low Activity Moderate Social Users | Low Stress Users
3639,train,1.5,8.0,1.8,2.0,high,3.87,0,Light / Rested Users,0,Healthy Lifestyle Users,2,Moderately Social Users,0,Low Stress Users,Light / Rested Users | Healthy Lifestyle Users | Moderately Social Users | Low Stress Users
1872,train,3.2,6.8,0.8,1.2,low,3.03,0,Light / Rested Users,0,Healthy Lifestyle Users,0,Socially Isolated Users,0,Low Stress Users,Light / Rested Users | Healthy Lifestyle Users | Socially Isolated Users | Low Stress Users
2622,train,2.1,5.8,1.7,1.0,medium,2.98,0,Light / Rested Users,0,Healthy Lifestyle Users,2,Moderately Social Users,0,Low Stress Users,Light / Rested Users | Healthy Lifestyle Users | Moderately Social Users | Low Stress Users
1869,train,5.0,6.1,0.7,0.5,medium,2.86,1,Heavy Daytime Social Media Users,1,Lifestyle Risk Users,1,Low Activity Moderate Social Users,0,Low Stress Users,Heavy Daytime Social Media Users | Lifestyle Risk Users | Low Activity Moderate Social Users | Low Stress Users
2127,train,6.3,5.2,2.3,0.7,medium,2.52,2,Heavy Night Social Media Users,1,Lifestyle Risk Users,1,Low Activity Moderate Social Users,1,High Stress Users,Heavy Night Social Media Users | Lifestyle Risk Users | Low Activity Moderate Social Users | High Stress Users
121,train,4.0,8.1,2.1,0.4,medium,2.01,0,Light / Rested Users,1,Lifestyle Risk Users,1,Low Activity Moderate Social Users,0,Low Stress Users,Light / Rested Users | Lifestyle Risk Users | Low Activity Moderate Social Users | Low Stress Users
1481,train,1.9,7.4,1.4,1.6,medium,3.8,0,Light / Rested Users,0,Healthy Lifestyle Users,2,Moderately Social Users,0,Low Stress Users,Light / Rested Users | Healthy Lifestyle Users | Moderately Social Users | Low Stress Users
2328,train,4.6,5.0,2.3,1.9,low,2.76,2,Heavy Night Social Media Users,1,Lifestyle Risk Users,0,Socially Isolated Users,1,High Stress Users,Heavy Night Social Media Users | Lifestyle Risk Users | Socially Isolated Users | High Stress Users
2880,train,3.2,5.9,3.0,1.0,high,3.36,2,Heavy Night Social Media Users,0,Healthy Lifestyle Users,2,Moderately Social Users,0,Low Stress Users,Heavy Night Social Media Users | Healthy Lifestyle Users | Moderately Social Users | Low Stress Users
2785,train,4.5,5.8,2.4,0.4,low,2.42,2,Heavy Night Social Media Users,1,Lifestyle Risk Users,0,Socially Isolated Users,1,High Stress Users,Heavy Night Social Media Users | Lifestyle Risk Users | Socially Isolated Users | High Stress Users
1462,train,3.2,6.9,1.3,0.5,medium,3.06,0,Light / Rested Users,0,Healthy Lifestyle Users,1,Low Activity Moderate Social Users,0,Low Stress Users,Light / Rested Users | Healthy Lifestyle Users | Low Activity Moderate Social Users | Low Stress Users
686,train,2.6,4.2,0.7,1.6,low,3.02,1,Heavy Daytime Social Media Users,0,Healthy Lifestyle Users,0,Socially Isolated Users,1,High Stress Users,Heavy Daytime Social Media Users | Healthy Lifestyle Users | Socially Isolated Users | High Stress Users
3048,train,7.4,5.1,2.2,0.8,medium,2.2,2,Heavy Night Social Media Users,1,Lifestyle Risk Users,1,Low Activity Moderate Social Users,1,High Stress Users,Heavy Night Social Media Users | Lifestyle Risk Users | Low Activity Moderate Social Users | High Stress Users
1054,train,7.9,7.1,0.7,0.3,medium,2.8,1,Heavy Daytime Social Media Users,1,Lifestyle Risk Users,1,Low Activity Moderate Social Users,1,High Stress Users,Heavy Daytime Social Media Users | Lifestyle Risk Users | Low Activity Moderate Social Users | High Stress Users
2877,train,5.6,5.9,1.6,1.2,low,2.76,1,Heavy Daytime Social Media Users,1,Lifestyle Risk Users,0,Socially Isolated Users,1,High Stress Users,Heavy Daytime Social Media Users | Lifestyle Risk Users | Socially Isolated Users | High Stress Users
703,train,7.2,5.0,1.4,1.1,low,3.65,1,Heavy Daytime Social Media Users,1,Lifestyle Risk Users,0,Socially Isolated Users,1,High Stress Users,Heavy Daytime Social Media Users | Lifestyle Risk Users | Socially Isolated Users | High Stress Users
2217,train,6.3,6.4,1.2,0.5,medium,2.7,1,Heavy Daytime Social Media Users,1,Lifestyle Risk Users,1,Low Activity Moderate Social Users,1,High Stress Users,Heavy Daytime Social Media Users | Lifestyle Risk Users | Low Activity Moderate Social Users | High Stress Users
2694,train,3.7,6.7,1.1,0.2,low,2.59,0,Light / Rested Users,0,Healthy Lifestyle Users,0,Socially Isolated Users,0,Low Stress Users,Light / Rested Users | Healthy Lifestyle Users | Socially Isolated Users | Low Stress Users
2539,train,2.4,7.4,2.0,0.2,low,3.4,0,Light / Rested Users,0,Healthy Lifestyle Users,0,Socially Isolated Users,0,Low Stress Users,Light / Rested Users | Healthy Lifestyle Users | Socially Isolated Users | Low Stress Users
3237,train,6.4,5.3,2.9,1.9,high,2.37,2,Heavy Night Social Media Users,1,Lifestyle Risk Users,2,Moderately Social Users,1,High Stress Users,Heavy Night Social Media Users | Lifestyle Risk Users | Moderately Social Users | High Stress Users
630,train,2.0,6.6,0.9,1.5,high,3.34,0,Light / Rested Users,0,Healthy Lifestyle Users,2,Moderately Social Users,0,Low Stress Users,Light / Rested Users | Healthy Lifestyle Users | Moderately Social Users | Low Stress Users
829,train,4.6,5.1,2.5,1.0,medium,2.13,2,Heavy Night Social Media Users,1,Lifestyle Risk Users,1,Low Activity Moderate Social Users,0,Low Stress Users,Heavy Night Social Media Users | Lifestyle Risk Users | Low Activity Moderate Social Users | Low Stress Users
1011,train,6.6,8.1,2.0,1.6,low,3.59,0,Light / Rested Users,0,Healthy Lifestyle Users,0,Socially Isolated Users,1,High Stress Users,Light / Rested Users | Healthy Lifestyle Users | Socially Isolated Users | High Stress Users
2500,train,4.3,5.6,2.8,1.6,high,2.83,2,Heavy Night Social Media Users,1,Lifestyle Risk Users,2,Moderately Social Users,0,Low Stress Users,Heavy Night Social Media Users | Lifestyle Risk Users | Moderately Social Users | Low Stress Users
2483,train,7.8,5.8,0.6,1.9,high,2.26,1,Heavy Daytime Social Media Users,1,Lifestyle Risk Users,1,Low Activity Moderate Social Users,1,High Stress Users,Heavy Daytime Social Media Users | Lifestyle Risk Users | Low Activity Moderate Social Users | High Stress Users
3144,train,4.1,6.2,2.4,1.6,high,3.41,2,Heavy Night Social Media Users,0,Healthy Lifestyle Users,2,Moderately Social Users,0,Low Stress Users,Heavy Night Social Media Users | Healthy Lifestyle Users | Moderately Social Users | Low Stress Users
1498,train,2.8,7.1,1.2,1.9,medium,3.27,0,Light / Rested Users,0,Healthy Lifestyle Users,2,Moderately Social Users,0,Low Stress Users,Light / Rested Users | Healthy Lifestyle Users | Moderately Social Users | Low Stress Users
3653,train,2.5,6.3,2.8,1.5,medium,3.49,2,Heavy Night Social Media Users,0,Healthy Lifestyle Users,2,Moderately Social Users,0,Low Stress Users,Heavy Night Social Media Users | Healthy Lifestyle Users | Moderately Social Users | Low Stress Users
2488,train,2.3,6.3,2.6,1.6,high,3.49,0,Light / Rested Users,0,Healthy Lifestyle Users,2,Moderately Social Users,0,Low Stress Users,Light / Rested Users | Healthy Lifestyle Users | Moderately Social Users | Low Stress Users
1910,train,3.2,6.2,1.7,1.8,low,3.18,0,Light / Rested Users,0,Healthy Lifestyle Users,0,Socially Isolated Users,0,Low Stress Users,Light / Rested Users | Healthy Lifestyle Users | Socially Isolated Users | Low Stress Users
196,train,2.3,4.1,0.8,1.7,medium,3.18,1,Heavy Daytime Social Media Users,0,Healthy Lifestyle Users,2,Moderately Social Users,0,Low Stress Users,Heavy Daytime Social Media Users | Healthy Lifestyle Users | Moderately Social Users | Low Stress Users
1673,train,7.6,5.3,1.7,0.5,medium,2.24,1,Heavy Daytime Social Media Users,1,Lifestyle Risk Users,1,Low Activity Moderate Social Users,1,High Stress Users,Heavy Daytime Social Media Users | Lifestyle Risk Users | Low Activity Moderate Social Users | High Stress Users
447,train,3.3,6.5,0.8,0.8,low,2.54,0,Light / Rested Users,0,Healthy Lifestyle Users,0,Socially Isolated Users,0,Low Stress Users,Light / Rested Users | Healthy Lifestyle Users | Socially Isolated Users | Low Stress Users
0,train,7.9,7.4,2.9,1.5,low,3.01,2,Heavy Night Social Media Users,1,Lifestyle Risk Users,0,Socially Isolated Users,0,Low Stress Users,Heavy Night Social Media Users | Lifestyle Risk Users | Socially Isolated Users | Low Stress Users
2638,train,4.5,6.5,1.0,1.6,medium,3.22,1,Heavy Daytime Social Media Users,0,Healthy Lifestyle Users,2,Moderately Social Users,0,Low Stress Users,Heavy Daytime Social Media Users | Healthy Lifestyle Users | Moderately Social Users | Low Stress Users
3258,train,5.0,5.2,2.9,0.1,low,2.19,2,Heavy Night Social Media Users,1,Lifestyle Risk Users,0,Socially Isolated Users,1,High Stress Users,Heavy Night Social Media Users | Lifestyle Risk Users | Socially Isolated Users | High Stress Users
2521,train,4.5,6.1,2.3,2.0,low,2.74,2,Heavy Night Social Media Users,1,Lifestyle Risk Users,0,Socially Isolated Users,0,Low Stress Users,Heavy Night Social Media Users | Lifestyle Risk Users | Socially Isolated Users | Low Stress Users
3370,train,6.4,5.7,0.5,0.4,medium,2.13,1,Heavy Daytime Social Media Users,1,Lifestyle Risk Users,1,Low Activity Moderate Social Users,1,High Stress Users,Heavy Daytime Social Media Users | Lifestyle Risk Users | Low Activity Moderate Social Users | High Stress Users
2553,train,4.3,6.6,1.3,1.7,medium,2.78,1,Heavy Daytime Social Media Users,0,Healthy Lifestyle Users,2,Moderately Social Users,0,Low Stress Users,Heavy Daytime Social Media Users | Healthy Lifestyle Users | Moderately Social Users | Low Stress Users
2871,train,1.5,6.4,2.0,0.6,medium,3.32,0,Light / Rested Users,0,Healthy Lifestyle Users,2,Moderately Social Users,0,Low Stress Users,Light / Rested Users | Healthy Lifestyle Users | Moderately Social Users | Low Stress Users
1387,train,7.2,5.5,2.8,0.4,medium,2.94,2,Heavy Night Social Media Users,1,Lifestyle Risk Users,1,Low Activity Moderate Social Users,1,High Stress Users,Heavy Night Social Media Users | Lifestyle Risk Users | Low Activity Moderate Social Users | High Stress Users
825,train,1.5,8.0,0.5,0.4,medium,3.01,0,Light / Rested Users,0,Healthy Lifestyle Users,2,Moderately Social Users,0,Low Stress Users,Light / Rested Users | Healthy Lifestyle Users | Moderately Social Users | Low Stress Users
531,train,2.2,7.2,0.5,1.2,medium,2.38,0,Light / Rested Users,0,Healthy Lifestyle Users,2,Moderately Social Users,0,Low Stress Users,Light / Rested Users | Healthy Lifestyle Users | Moderately Social Users | Low Stress Users
3059,train,5.6,5.3,1.3,1.8,high,2.84,1,Heavy Daytime Social Media Users,1,Lifestyle Risk Users,2,Moderately Social Users,1,High Stress Users,Heavy Daytime Social Media Users | Lifestyle Risk Users | Moderately Social Users | High Stress Users
584,train,1.1,4.9,2.6,1.3,high,2.43,2,Heavy Night Social Media Users,1,Lifestyle Risk Users,2,Moderately Social Users,1,High Stress Users,Heavy Night Social Media Users | Lifestyle Risk Users | Moderately Social Users | High Stress Users
3248,train,6.8,6.1,0.5,0.9,high,2.63,1,Heavy Daytime Social Media Users,1,Lifestyle Risk Users,1,Low Activity Moderate Social Users,1,High Stress Users,Heavy Daytime Social Media Users | Lifestyle Risk Users | Low Activity Moderate Social Users | High Stress Users
2573,train,6.4,5.3,2.3,1.0,high,2.76,2,Heavy Night Social Media Users,1,Lifestyle Risk Users,1,Low Activity Moderate Social Users,1,High Stress Users,Heavy Night Social Media Users | Lifestyle Risk Users | Low Activity Moderate Social Users | High Stress Users
1779,train,5.2,6.4,0.6,0.1,low,2.46,1,Heavy Daytime Social Media Users,1,Lifestyle Risk Users,0,Socially Isolated Users,1,High Stress Users,Heavy Daytime Social Media Users | Lifestyle Risk Users | Socially Isolated Users | High Stress Users
3499,train,6.6,6.2,1.3,1.4,low,2.09,1,Heavy Daytime Social Media Users,1,Lifestyle Risk Users,0,Socially Isolated Users,1,High Stress Users,Heavy Daytime Social Media Users | Lifestyle Risk Users | Socially Isolated Users | High Stress Users
2969,train,2.6,7.1,2.7,1.8,high,3.71,0,Light / Rested Users,0,Healthy Lifestyle Users,2,Moderately Social Users,0,Low Stress Users,Light / Rested Users | Healthy Lifestyle Users | Moderately Social Users | Low Stress Users
716,train,2.7,7.8,1.8,1.4,low,3.9,0,Light / Rested Users,0,Healthy Lifestyle Users,0,Socially Isolated Users,0,Low Stress Users,Light / Rested Users | Healthy Lifestyle Users | Socially Isolated Users | Low Stress Users
3207,train,5.3,5.3,1.3,1.0,low,2.59,1,Heavy Daytime Social Media Users,1,Lifestyle Risk Users,0,Socially Isolated Users,1,High Stress Users,Heavy Daytime Social Media Users | Lifestyle Risk Users | Socially Isolated Users | High Stress Users
2212,train,4.1,6.4,1.0,1.5,high,3.23,1,Heavy Daytime Social Media Users,0,Healthy Lifestyle Users,2,Moderately Social Users,0,Low Stress Users,Heavy Daytime Social Media Users | Healthy Lifestyle Users | Moderately Social Users | Low Stress Users
424,train,1.1,6.4,3.0,0.1,medium,2.51,0,Light / Rested Users,0,Healthy Lifestyle Users,0,Socially Isolated Users,0,Low Stress Users,Light / Rested Users | Healthy Lifestyle Users | Socially Isolated Users | Low Stress Users
398,train,1.2,8.0,2.8,1.1,high,2.18,0,Light / Rested Users,0,Healthy Lifestyle Users,2,Moderately Social Users,0,Low Stress Users,Light / Rested Users | Healthy Lifestyle Users | Moderately Social Users | Low Stress Users
3515,train,5.5,5.6,1.5,0.9,low,2.15,1,Heavy Daytime Social Media Users,1,Lifestyle Risk Users,0,Socially Isolated Users,1,High Stress Users,Heavy Daytime Social Media Users | Lifestyle Risk Users | Socially Isolated Users | High Stress Users
1172,train,5.2,7.3,1.7,0.9,low,3.33,0,Light / Rested Users,0,Healthy Lifestyle Users,0,Socially Isolated Users,0,Low Stress Users,Light / Rested Users | Healthy Lifestyle Users | Socially Isolated Users | Low Stress Users
3101,train,6.0,6.8,1.0,1.0,high,2.99,1,Heavy Daytime Social Media Users,0,Healthy Lifestyle Users,1,Low Activity Moderate Social Users,0,Low Stress Users,Heavy Daytime Social Media Users | Healthy Lifestyle Users | Low Activity Moderate Social Users | Low Stress Users
3572,train,3.2,6.3,2.3,1.3,medium,3.09,0,Light / Rested Users,0,Healthy Lifestyle Users,2,Moderately Social Users,0,Low Stress Users,Light / Rested Users | Healthy Lifestyle Users | Moderately Social Users | Low Stress Users
1419,train,3.4,6.7,2.4,1.6,low,3.03,0,Light / Rested Users,0,Healthy Lifestyle Users,0,Socially Isolated Users,0,Low Stress Users,Light / Rested Users | Healthy Lifestyle Users | Socially Isolated Users | Low Stress Users
2605,train,1.6,6.0,2.9,0.1,medium,3.19,2,Heavy Night Social Media Users,0,Healthy Lifestyle Users,0,Socially Isolated Users,0,Low Stress Users,Heavy Night Social Media Users | Healthy Lifestyle Users | Socially Isolated Users | Low Stress Users
3507,train,6.5,5.1,1.4,0.7,high,2.4,1,Heavy Daytime Social Media Users,1,Lifestyle Risk Users,1,Low Activity Moderate Social Users,1,High Stress Users,Heavy Daytime Social Media Users | Lifestyle Risk Users | Low Activity Moderate Social Users | High Stress Users
608,train,7.2,5.0,2.2,0.7,high,2.5,2,Heavy Night Social Media Users,1,Lifestyle Risk Users,1,Low Activity Moderate Social Users,1,High Stress Users,Heavy Night Social Media Users | Lifestyle Risk Users | Low Activity Moderate Social Users | High Stress Users
1315,train,7.8,4.0,2.2,1.6,medium,2.04,2,Heavy Night Social Media Users,1,Lifestyle Risk Users,1,Low Activity Moderate Social Users,1,High Stress Users,Heavy Night Social Media Users | Lifestyle Risk Users | Low Activity Moderate Social Users | High Stress Users
756,train,7.6,5.8,1.9,1.7,high,3.49,1,Heavy Daytime Social Media Users,1,Lifestyle Risk Users,1,Low Activity Moderate Social Users,1,High Stress Users,Heavy Daytime Social Media Users | Lifestyle Risk Users | Low Activity Moderate Social Users | High Stress Users
437,train,1.3,8.3,1.0,1.2,medium,3.95,0,Light / Rested Users,0,Healthy Lifestyle Users,2,Moderately Social Users,0,Low Stress Users,Light / Rested Users | Healthy Lifestyle Users | Moderately Social Users | Low Stress Users
1483,train,1.8,7.6,1.6,2.0,high,3.74,0,Light / Rested Users,0,Healthy Lifestyle Users,2,Moderately Social Users,0,Low Stress Users,Light / Rested Users | Healthy Lifestyle Users | Moderately Social Users | Low Stress Users
2548,train,3.1,6.6,2.3,2.0,medium,3.14,0,Light / Rested Users,0,Healthy Lifestyle Users,2,Moderately Social Users,0,Low Stress Users,Light / Rested Users | Healthy Lifestyle Users | Moderately Social Users | Low Stress Users
2034,train,7.1,4.1,1.9,1.9,medium,2.23,2,Heavy Night Social Media Users,1,Lifestyle Risk Users,2,Moderately Social Users,1,High Stress Users,Heavy Night Social Media Users | Lifestyle Risk Users | Moderately Social Users | High Stress Users
109,train,7.7,8.5,1.2,0.0,medium,3.56,1,Heavy Daytime Social Media Users,0,Healthy Lifestyle Users,1,Low Activity Moderate Social Users,1,High Stress Users,Heavy Daytime Social Media Users | Healthy Lifestyle Users | Low Activity Moderate Social Users | High Stress Users
538,train,3.1,8.8,1.5,0.6,medium,3.91,0,Light / Rested Users,0,Healthy Lifestyle Users,1,Low Activity Moderate Social Users,0,Low Stress Users,Light / Rested Users | Healthy Lifestyle Users | Low Activity Moderate Social Users | Low Stress Users
2741,train,1.5,7.6,0.8,0.9,medium,3.61,0,Light / Rested Users,0,Healthy Lifestyle Users,2,Moderately Social Users,0,Low Stress Users,Light / Rested Users | Healthy Lifestyle Users | Moderately Social Users | Low Stress Users
2478,train,3.0,6.6,1.2,0.9,high,3.5,0,Light / Rested Users,0,Healthy Lifestyle Users,2,Moderately Social Users,0,Low Stress Users,Light / Rested Users | Healthy Lifestyle Users | Moderately Social Users | Low Stress Users
2011,train,6.1,5.9,0.6,1.8,high,2.6,1,Heavy Daytime Social Media Users,1,Lifestyle Risk Users,2,Moderately Social Users,1,High Stress Users,Heavy Daytime Social Media Users | Lifestyle Risk Users | Moderately Social Users | High Stress Users
1068,train,7.2,5.7,2.7,0.4,low,2.76,2,Heavy Night Social Media Users,1,Lifestyle Risk Users,0,Socially Isolated Users,1,High Stress Users,Heavy Night Social Media Users | Lifestyle Risk Users | Socially Isolated Users | High Stress Users
1082,train,5.0,6.2,1.0,1.5,low,2.0,1,Heavy Daytime Social Media Users,1,Lifestyle Risk Users,0,Socially Isolated Users,1,High Stress Users,Heavy Daytime Social Media Users | Lifestyle Risk Users | Socially Isolated Users | High Stress Users
418,train,7.9,4.1,0.7,1.2,medium,2.33,1,Heavy Daytime Social Media Users,1,Lifestyle Risk Users,1,Low Activity Moderate Social Users,1,High Stress Users,Heavy Daytime Social Media Users | Lifestyle Risk Users | Low Activity Moderate Social Users | High Stress Users
1562,train,1.4,7.4,1.3,1.7,medium,3.8,0,Light / Rested Users,0,Healthy Lifestyle Users,2,Moderately Social Users,0,Low Stress Users,Light / Rested Users | Healthy Lifestyle Users | Moderately Social Users | Low Stress Users
1290,train,3.7,5.9,2.5,0.2,high,2.87,2,Heavy Night Social Media Users,1,Lifestyle Risk Users,1,Low Activity Moderate Social Users,0,Low Stress Users,Heavy Night Social Media Users | Lifestyle Risk Users | Low Activity Moderate Social Users | Low Stress Users
3124,train,2.7,6.9,2.4,1.9,medium,3.67,0,Light / Rested Users,0,Healthy Lifestyle Users,2,Moderately Social Users,0,Low Stress Users,Light / Rested Users | Healthy Lifestyle Users | Moderately Social Users | Low Stress Users
2087,train,2.7,6.2,2.5,1.1,low,3.49,2,Heavy Night Social Media Users,0,Healthy Lifestyle Users,0,Socially Isolated Users,0,Low Stress Users,Heavy Night Social Media Users | Healthy Lifestyle Users | Socially Isolated Users | Low Stress Users
2767,train,5.3,4.9,2.5,0.9,medium,2.2,2,Heavy Night Social Media Users,1,Lifestyle Risk Users,1,Low Activity Moderate Social Users,1,High Stress Users,Heavy Night Social Media Users | Lifestyle Risk Users | Low Activity Moderate Social Users | High Stress Users
288,train,7.2,8.8,2.5,1.9,low,3.97,0,Light / Rested Users,0,Healthy Lifestyle Users,0,Socially Isolated Users,0,Low Stress Users,Light / Rested Users | Healthy Lifestyle Users | Socially Isolated Users | Low Stress Users
2320,train,5.1,6.1,0.7,0.7,medium,2.92,1,Heavy Daytime Social Media Users,1,Lifestyle Risk Users,1,Low Activity Moderate Social Users,1,High Stress Users,Heavy Daytime Social Media Users | Lifestyle Risk Users | Low Activity Moderate Social Users | High Stress Users
2905,train,4.1,6.5,0.8,0.6,high,2.99,1,Heavy Daytime Social Media Users,0,Healthy Lifestyle Users,1,Low Activity Moderate Social Users,0,Low Stress Users,Heavy Daytime Social Media Users | Healthy Lifestyle Users | Low Activity Moderate Social Users | Low Stress Users
3094,train,1.4,8.4,1.2,1.6,medium,4.0,0,Light / Rested Users,0,Healthy Lifestyle Users,2,Moderately Social Users,0,Low Stress Users,Light / Rested Users | Healthy Lifestyle Users | Moderately Social Users | Low Stress Users
572,train,2.3,5.7,2.8,1.9,medium,2.79,2,Heavy Night Social Media Users,0,Healthy Lifestyle Users,2,Moderately Social Users,0,Low Stress Users,Heavy Night Social Media Users | Healthy Lifestyle Users | Moderately Social Users | Low Stress Users
256,train,3.2,5.1,1.2,1.3,low,3.54,1,Heavy Daytime Social Media Users,0,Healthy Lifestyle Users,0,Socially Isolated Users,0,Low Stress Users,Heavy Daytime Social Media Users | Healthy Lifestyle Users | Socially Isolated Users | Low Stress Users
2161,train,6.6,4.1,3.0,0.7,medium,2.27,2,Heavy Night Social Media Users,1,Lifestyle Risk Users,1,Low Activity Moderate Social Users,1,High Stress Users,Heavy Night Social Media Users | Lifestyle Risk Users | Low Activity Moderate Social Users | High Stress Users
1986,train,2.4,6.3,1.5,1.9,low,3.54,0,Light / Rested Users,0,Healthy Lifestyle Users,0,Socially Isolated Users,0,Low Stress Users,Light / Rested Users | Healthy Lifestyle Users | Socially Isolated Users | Low Stress Users
1526,train,1.8,8.3,0.7,1.6,high,3.66,0,Light / Rested Users,0,Healthy Lifestyle Users,2,Moderately Social Users,0,Low Stress Users,Light / Rested Users | Healthy Lifestyle Users | Moderately Social Users | Low Stress Users
1084,train,2.6,8.6,2.7,0.8,high,3.28,0,Light / Rested Users,0,Healthy Lifestyle Users,2,Moderately Social Users,0,Low Stress Users,Light / Rested Users | Healthy Lifestyle Users | Moderately Social Users | Low Stress Users
612,train,6.6,8.8,0.9,0.3,high,3.84,1,Heavy Daytime Social Media Users,0,Healthy Lifestyle Users,1,Low Activity Moderate Social Users,1,High Stress Users,Heavy Daytime Social Media Users | Healthy Lifestyle Users | Low Activity Moderate Social Users | High Stress Users
649,train,3.4,4.5,0.5,1.0,medium,3.71,1,Heavy Daytime Social Media Users,0,Healthy Lifestyle Users,2,Moderately Social Users,1,High Stress Users,Heavy Daytime Social Media Users | Healthy Lifestyle Users | Moderately Social Users | High Stress Users
1439,train,4.6,6.0,1.9,0.1,medium,2.67,2,Heavy Night Social Media Users,1,Lifestyle Risk Users,1,Low Activity Moderate Social Users,1,High Stress Users,Heavy Night Social Media Users | Lifestyle Risk Users | Low Activity Moderate Social Users | High Stress Users
3197,train,3.0,5.3,2.4,1.4,low,3.0,2,Heavy Night Social Media Users,0,Healthy Lifestyle Users,0,Socially Isolated Users,0,Low Stress Users,Heavy Night Social Media Users | Healthy Lifestyle Users | Socially Isolated Users | Low Stress Users
2110,train,6.2,4.5,2.7,1.1,low,2.0,2,Heavy Night Social Media Users,1,Lifestyle Risk Users,0,Socially Isolated Users,1,High Stress Users,Heavy Night Social Media Users | Lifestyle Risk Users | Socially Isolated Users | High Stress Users
2293,train,2.4,6.1,2.0,0.1,medium,2.7,0,Light / Rested Users,0,Healthy Lifestyle Users,1,Low Activity Moderate Social Users,0,Low Stress Users,Light / Rested Users | Healthy Lifestyle Users | Low Activity Moderate Social Users | Low Stress Users
3224,train,3.4,7.0,2.2,0.2,medium,3.33,0,Light / Rested Users,0,Healthy Lifestyle Users,1,Low Activity Moderate Social Users,0,Low Stress Users,Light / Rested Users | Healthy Lifestyle Users | Low Activity Moderate Social Users | Low Stress Users
2569,train,3.0,6.4,1.9,1.1,medium,3.61,0,Light / Rested Users,0,Healthy Lifestyle Users,2,Moderately Social Users,0,Low Stress Users,Light / Rested Users | Healthy Lifestyle Users | Moderately Social Users | Low Stress Users
1751,train,2.5,7.9,0.7,1.4,low,3.53,0,Light / Rested Users,0,Healthy Lifestyle Users,0,Socially Isolated Users,0,Low Stress Users,Light / Rested Users | Healthy Lifestyle Users | Socially Isolated Users | Low Stress Users
184,train,1.4,6.9,2.4,1.9,medium,3.06,0,Light / Rested Users,0,Healthy Lifestyle Users,2,Moderately Social Users,0,Low Stress Users,Light / Rested Users | Healthy Lifestyle Users | Moderately Social Users | Low Stress Users
1876,train,2.6,7.9,0.6,0.1,medium,3.59,0,Light / Rested Users,0,Healthy Lifestyle Users,1,Low Activity Moderate Social Users,0,Low Stress Users,Light / Rested Users | Healthy Lifestyle Users | Low Activity Moderate Social Users | Low Stress Users
321,train,5.1,4.1,2.8,0.8,medium,3.79,2,Heavy Night Social Media Users,1,Lifestyle Risk Users,1,Low Activity Moderate Social Users,1,High Stress Users,Heavy Night Social Media Users | Lifestyle Risk Users | Low Activity Moderate Social Users | High Stress Users
2353,train,7.8,5.6,0.5,1.1,low,2.3,1,Heavy Daytime Social Media Users,1,Lifestyle Risk Users,0,Socially Isolated Users,1,High Stress Users,Heavy Daytime Social Media Users | Lifestyle Risk Users | Socially Isolated Users | High Stress Users
1913,train,2.0,7.5,1.7,0.5,low,3.87,0,Light / Rested Users,0,Healthy Lifestyle Users,0,Socially Isolated Users,0,Low Stress Users,Light / Rested Users | Healthy Lifestyle Users | Socially Isolated Users | Low Stress Users
1168,train,7.3,7.0,2.2,1.0,medium,2.07,2,Heavy Night Social Media Users,1,Lifestyle Risk Users,1,Low Activity Moderate Social Users,1,High Stress Users,Heavy Night Social Media Users | Lifestyle Risk Users | Low Activity Moderate Social Users | High Stress Users
2963,train,2.0,7.5,1.2,0.5,high,3.27,0,Light / Rested Users,0,Healthy Lifestyle Users,2,Moderately Social Users,0,Low Stress Users,Light / Rested Users | Healthy Lifestyle Users | Moderately Social Users | Low Stress Users
1136,train,6.5,6.2,1.2,0.0,medium,3.19,1,Heavy Daytime Social Media Users,1,Lifestyle Risk Users,1,Low Activity Moderate Social Users,1,High Stress Users,Heavy Daytime Social Media Users | Lifestyle Risk Users | Low Activity Moderate Social Users | High Stress Users
830,train,5.9,6.6,2.6,1.6,medium,3.58,2,Heavy Night Social Media Users,0,Healthy Lifestyle Users,2,Moderately Social Users,1,High Stress Users,Heavy Night Social Media Users | Healthy Lifestyle Users | Moderately Social Users | High Stress Users
3533,train,3.8,5.2,2.9,1.8,medium,2.86,2,Heavy Night Social Media Users,1,Lifestyle Risk Users,2,Moderately Social Users,0,Low Stress Users,Heavy Night Social Media Users | Lifestyle Risk Users | Moderately Social Users | Low Stress Users
3338,train,6.8,5.0,2.6,0.4,medium,2.0,2,Heavy Night Social Media Users,1,Lifestyle Risk Users,1,Low Activity Moderate Social Users,1,High Stress Users,Heavy Night Social Media Users | Lifestyle Risk Users | Low Activity Moderate Social Users | High Stress Users
325,train,1.5,7.3,2.7,0.9,low,2.61,0,Light / Rested Users,0,Healthy Lifestyle Users,0,Socially Isolated Users,0,Low Stress Users,Light / Rested Users | Healthy Lifestyle Users | Socially Isolated Users | Low Stress Users
858,train,4.4,6.0,0.5,0.7,medium,3.33,1,Heavy Daytime Social Media Users,0,Healthy Lifestyle Users,1,Low Activity Moderate Social Users,0,Low Stress Users,Heavy Daytime Social Media Users | Healthy Lifestyle Users | Low Activity Moderate Social Users | Low Stress Users
2619,train,6.7,5.0,1.9,0.4,medium,2.02,2,Heavy Night Social Media Users,1,Lifestyle Risk Users,1,Low Activity Moderate Social Users,1,High Stress Users,Heavy Night Social Media Users | Lifestyle Risk Users | Low Activity Moderate Social Users | High Stress Users
3574,train,7.2,5.1,1.5,1.5,medium,2.2,1,Heavy Daytime Social Media Users,1,Lifestyle Risk Users,1,Low Activity Moderate Social Users,1,High Stress Users,Heavy Daytime Social Media Users | Lifestyle Risk Users | Low Activity Moderate Social Users | High Stress Users
692,train,5.7,8.4,1.3,0.9,high,2.48,0,Light / Rested Users,0,Healthy Lifestyle Users,1,Low Activity Moderate Social Users,0,Low Stress Users,Light / Rested Users | Healthy Lifestyle Users | Low Activity Moderate Social Users | Low Stress Users
1542,train,3.7,6.4,1.2,0.2,low,3.27,0,Light / Rested Users,0,Healthy Lifestyle Users,0,Socially Isolated Users,0,Low Stress Users,Light / Rested Users | Healthy Lifestyle Users | Socially Isolated Users | Low Stress Users
24,train,2.4,6.7,1.9,0.4,high,2.53,0,Light / Rested Users,0,Healthy Lifestyle Users,2,Moderately Social Users,1,High Stress Users,Light / Rested Users | Healthy Lifestyle Users | Moderately Social Users | High Stress Users
879,train,2.7,7.2,2.9,0.8,medium,3.27,0,Light / Rested Users,0,Healthy Lifestyle Users,2,Moderately Social Users,0,Low Stress Users,Light / Rested Users | Healthy Lifestyle Users | Moderately Social Users | Low Stress Users
2715,train,2.5,7.4,1.8,0.0,low,3.68,0,Light / Rested Users,0,Healthy Lifestyle Users,0,Socially Isolated Users,0,Low Stress Users,Light / Rested Users | Healthy Lifestyle Users | Socially Isolated Users | Low Stress Users
3250,train,2.4,7.4,1.2,1.9,low,3.82,0,Light / Rested Users,0,Healthy Lifestyle Users,0,Socially Isolated Users,0,Low Stress Users,Light / Rested Users | Healthy Lifestyle Users | Socially Isolated Users | Low Stress Users
193,train,7.7,6.1,0.8,1.5,medium,3.47,1,Heavy Daytime Social Media Users,1,Lifestyle Risk Users,1,Low Activity Moderate Social Users,1,High Stress Users,Heavy Daytime Social Media Users | Lifestyle Risk Users | Low Activity Moderate Social Users | High Stress Users
663,train,2.5,4.6,1.6,0.9,medium,3.22,2,Heavy Night Social Media Users,0,Healthy Lifestyle Users,2,Moderately Social Users,0,Low Stress Users,Heavy Night Social Media Users | Healthy Lifestyle Users | Moderately Social Users | Low Stress Users
1478,train,5.3,6.1,1.2,0.2,high,2.12,1,Heavy Daytime Social Media Users,1,Lifestyle Risk Users,1,Low Activity Moderate Social Users,1,High Stress Users,Heavy Daytime Social Media Users | Lifestyle Risk Users | Low Activity Moderate Social Users | High Stress Users
3196,train,5.7,6.1,1.9,0.9,high,2.45,2,Heavy Night Social Media Users,1,Lifestyle Risk Users,1,Low Activity Moderate Social Users,1,High Stress Users,Heavy Night Social Media Users | Lifestyle Risk Users | Low Activity Moderate Social Users | High Stress Users
1560,train,6.1,5.4,1.7,1.1,high,2.51,1,Heavy Daytime Social Media Users,1,Lifestyle Risk Users,1,Low Activity Moderate Social Users,1,High Stress Users,Heavy Daytime Social Media Users | Lifestyle Risk Users | Low Activity Moderate Social Users | High Stress Users
1410,train,2.5,7.7,0.8,1.6,low,3.54,0,Light / Rested Users,0,Healthy Lifestyle Users,0,Socially Isolated Users,0,Low Stress Users,Light / Rested Users | Healthy Lifestyle Users | Socially Isolated Users | Low Stress Users
2491,train,3.3,6.9,1.1,0.5,low,2.86,0,Light / Rested Users,0,Healthy Lifestyle Users,0,Socially Isolated Users,0,Low Stress Users,Light / Rested Users | Healthy Lifestyle Users | Socially Isolated Users | Low Stress Users
3289,train,6.6,6.1,1.0,1.0,low,2.09,1,Heavy Daytime Social Media Users,1,Lifestyle Risk Users,0,Socially Isolated Users,1,High Stress Users,Heavy Daytime Social Media Users | Lifestyle Risk Users | Socially Isolated Users | High Stress Users
2380,train,5.0,6.6,0.9,1.0,medium,2.54,1,Heavy Daytime Social Media Users,1,Lifestyle Risk Users,1,Low Activity Moderate Social Users,1,High Stress Users,Heavy Daytime Social Media Users | Lifestyle Risk Users | Low Activity Moderate Social Users | High Stress Users
498,train,2.4,6.0,0.7,1.5,low,3.67,0,Light / Rested Users,0,Healthy Lifestyle Users,0,Socially Isolated Users,1,High Stress Users,Light / Rested Users | Healthy Lifestyle Users | Socially Isolated Users | High Stress Users
1528,train,7.8,5.7,1.5,0.5,low,2.15,1,Heavy Daytime Social Media Users,1,Lifestyle Risk Users,0,Socially Isolated Users,1,High Stress Users,Heavy Daytime Social Media Users | Lifestyle Risk Users | Socially Isolated Users | High Stress Users
3662,train,2.7,6.3,1.3,2.0,medium,3.71,0,Light / Rested Users,0,Healthy Lifestyle Users,2,Moderately Social Users,0,Low Stress Users,Light / Rested Users | Healthy Lifestyle Users | Moderately Social Users | Low Stress Users
2754,train,3.9,7.6,0.9,0.1,medium,3.12,0,Light / Rested Users,0,Healthy Lifestyle Users,1,Low Activity Moderate Social Users,0,Low Stress Users,Light / Rested Users | Healthy Lifestyle Users | Low Activity Moderate Social Users | Low Stress Users
2445,train,2.5,6.7,2.1,1.5,medium,3.2,0,Light / Rested Users,0,Healthy Lifestyle Users,2,Moderately Social Users,0,Low Stress Users,Light / Rested Users | Healthy Lifestyle Users | Moderately Social Users | Low Stress Users
1585,train,4.3,4.4,2.3,1.3,high,2.16,2,Heavy Night Social Media Users,1,Lifestyle Risk Users,2,Moderately Social Users,1,High Stress Users,Heavy Night Social Media Users | Lifestyle Risk Users | Moderately Social Users | High Stress Users
86,train,7.5,7.4,1.8,0.0,low,3.47,1,Heavy Daytime Social Media Users,0,Healthy Lifestyle Users,0,Socially Isolated Users,1,High Stress Users,Heavy Daytime Social Media Users | Healthy Lifestyle Users | Socially Isolated Users | High Stress Users
3274,train,5.8,5.1,2.9,1.9,medium,2.81,2,Heavy Night Social Media Users,1,Lifestyle Risk Users,2,Moderately Social Users,1,High Stress Users,Heavy Night Social Media Users | Lifestyle Risk Users | Moderately Social Users | High Stress Users
1988,train,5.5,5.4,2.5,0.7,low,2.25,2,Heavy Night Social Media Users,1,Lifestyle Risk Users,0,Socially Isolated Users,1,High Stress Users,Heavy Night Social Media Users | Lifestyle Risk Users | Socially Isolated Users | High Stress Users
2495,train,4.1,6.8,1.1,0.6,high,3.02,0,Light / Rested Users,0,Healthy Lifestyle Users,1,Low Activity Moderate Social Users,0,Low Stress Users,Light / Rested Users | Healthy Lifestyle Users | Low Activity Moderate Social Users | Low Stress Users
58,train,7.3,4.2,1.3,1.0,high,2.16,1,Heavy Daytime Social Media Users,1,Lifestyle Risk Users,1,Low Activity Moderate Social Users,1,High Stress Users,Heavy Daytime Social Media Users | Lifestyle Risk Users | Low Activity Moderate Social Users | High Stress Users
2058,train,2.6,6.6,2.0,1.9,high,3.16,0,Light / Rested Users,0,Healthy Lifestyle Users,2,Moderately Social Users,0,Low Stress Users,Light / Rested Users | Healthy Lifestyle Users | Moderately Social Users | Low Stress Users
523,train,4.4,5.1,1.4,0.6,low,2.33,1,Heavy Daytime Social Media Users,1,Lifestyle Risk Users,0,Socially Isolated Users,1,High Stress Users,Heavy Daytime Social Media Users | Lifestyle Risk Users | Socially Isolated Users | High Stress Users
2164,train,7.2,5.5,1.3,0.6,low,2.0,1,Heavy Daytime Social Media Users,1,Lifestyle Risk Users,0,Socially Isolated Users,1,High Stress Users,Heavy Daytime Social Media Users | Lifestyle Risk Users | Socially Isolated Users | High Stress Users
1217,train,2.2,6.7,0.8,1.2,high,3.45,0,Light / Rested Users,0,Healthy Lifestyle Users,2,Moderately Social Users,0,Low Stress Users,Light / Rested Users | Healthy Lifestyle Users | Moderately Social Users | Low Stress Users
1551,train,2.1,7.4,2.1,0.5,high,3.38,0,Light / Rested Users,0,Healthy Lifestyle Users,2,Moderately Social Users,0,Low Stress Users,Light / Rested Users | Healthy Lifestyle Users | Moderately Social Users | Low Stress Users
775,train,4.9,5.5,1.6,0.4,low,2.85,1,Heavy Daytime Social Media Users,1,Lifestyle Risk Users,0,Socially Isolated Users,1,High Stress Users,Heavy Daytime Social Media Users | Lifestyle Risk Users | Socially Isolated Users | High Stress Users
1696,train,1.2,7.9,2.8,1.1,low,4.0,0,Light / Rested Users,0,Healthy Lifestyle Users,0,Socially Isolated Users,0,Low Stress Users,Light / Rested Users | Healthy Lifestyle Users | Socially Isolated Users | Low Stress Users
1037,train,4.6,5.9,1.4,0.3,high,2.15,1,Heavy Daytime Social Media Users,1,Lifestyle Risk Users,1,Low Activity Moderate Social Users,1,High Stress Users,Heavy Daytime Social Media Users | Lifestyle Risk Users | Low Activity Moderate Social Users | High Stress Users
2368,train,1.8,7.8,0.7,1.3,high,4.0,0,Light / Rested Users,0,Healthy Lifestyle Users,2,Moderately Social Users,0,Low Stress Users,Light / Rested Users | Healthy Lifestyle Users | Moderately Social Users | Low Stress Users
3156,train,5.7,6.1,1.1,1.9,high,2.81,1,Heavy Daytime Social Media Users,1,Lifestyle Risk Users,2,Moderately Social Users,1,High Stress Users,Heavy Daytime Social Media Users | Lifestyle Risk Users | Moderately Social Users | High Stress Users
2813,train,2.1,6.8,2.5,0.2,high,3.1,0,Light / Rested Users,0,Healthy Lifestyle Users,1,Low Activity Moderate Social Users,0,Low Stress Users,Light / Rested Users | Healthy Lifestyle Users | Low Activity Moderate Social Users | Low Stress Users
2392,train,5.9,5.4,1.5,1.9,medium,2.53,1,Heavy Daytime Social Media Users,1,Lifestyle Risk Users,2,Moderately Social Users,1,High Stress Users,Heavy Daytime Social Media Users | Lifestyle Risk Users | Moderately Social Users | High Stress Users
275,train,7.2,7.7,2.5,1.7,high,2.56,2,Heavy Night Social Media Users,1,Lifestyle Risk Users,1,Low Activity Moderate Social Users,1,High Stress Users,Heavy Night Social Media Users | Lifestyle Risk Users | Low Activity Moderate Social Users | High Stress Users
3404,train,6.5,5.9,2.0,0.4,high,2.09,2,Heavy Night Social Media Users,1,Lifestyle Risk Users,1,Low Activity Moderate Social Users,1,High Stress Users,Heavy Night Social Media Users | Lifestyle Risk Users | Low Activity Moderate Social Users | High Stress Users
48,train,2.3,6.3,3.0,1.9,medium,3.24,2,Heavy Night Social Media Users,0,Healthy Lifestyle Users,2,Moderately Social Users,0,Low Stress Users,Heavy Night Social Media Users | Healthy Lifestyle Users | Moderately Social Users | Low Stress Users
3161,train,3.5,8.1,2.2,1.4,medium,3.51,0,Light / Rested Users,0,Healthy Lifestyle Users,2,Moderately Social Users,0,Low Stress Users,Light / Rested Users | Healthy Lifestyle Users | Moderately Social Users | Low Stress Users
747,train,4.8,5.1,2.1,1.6,low,2.49,2,Heavy Night Social Media Users,1,Lifestyle Risk Users,0,Socially Isolated Users,1,High Stress Users,Heavy Night Social Media Users | Lifestyle Risk Users | Socially Isolated Users | High Stress Users
2636,train,7.8,4.8,1.1,1.1,medium,2.0,1,Heavy Daytime Social Media Users,1,Lifestyle Risk Users,1,Low Activity Moderate Social Users,1,High Stress Users,Heavy Daytime Social Media Users | Lifestyle Risk Users | Low Activity Moderate Social Users | High Stress Users
807,train,1.3,7.5,1.4,1.6,medium,3.85,0,Light / Rested Users,0,Healthy Lifestyle Users,2,Moderately Social Users,0,Low Stress Users,Light / Rested Users | Healthy Lifestyle Users | Moderately Social Users | Low Stress Users
3176,train,3.3,6.6,1.6,1.1,low,3.39,0,Light / Rested Users,0,Healthy Lifestyle Users,0,Socially Isolated Users,0,Low Stress Users,Light / Rested Users | Healthy Lifestyle Users | Socially Isolated Users | Low Stress Users
1129,train,2.0,4.3,0.8,0.7,low,3.4,1,Heavy Daytime Social Media Users,0,Healthy Lifestyle Users,0,Socially Isolated Users,0,Low Stress Users,Heavy Daytime Social Media Users | Healthy Lifestyle Users | Socially Isolated Users | Low Stress Users
429,train,4.2,6.5,1.4,1.5,low,2.91,0,Light / Rested Users,0,Healthy Lifestyle Users,0,Socially Isolated Users,0,Low Stress Users,Light / Rested Users | Healthy Lifestyle Users | Socially Isolated Users | Low Stress Users
1975,train,4.5,6.5,0.8,2.0,high,3.32,1,Heavy Daytime Social Media Users,0,Healthy Lifestyle Users,2,Moderately Social Users,0,Low Stress Users,Heavy Daytime Social Media Users | Healthy Lifestyle Users | Moderately Social Users | Low Stress Users
3625,train,2.9,5.7,2.8,0.9,low,3.16,2,Heavy Night Social Media Users,0,Healthy Lifestyle Users,0,Socially Isolated Users,0,Low Stress Users,Heavy Night Social Media Users | Healthy Lifestyle Users | Socially Isolated Users | Low Stress Users
1005,train,7.3,4.1,2.1,0.4,low,2.87,2,Heavy Night Social Media Users,1,Lifestyle Risk Users,0,Socially Isolated Users,1,High Stress Users,Heavy Night Social Media Users | Lifestyle Risk Users | Socially Isolated Users | High Stress Users
1772,train,6.6,5.6,0.7,0.7,low,2.04,1,Heavy Daytime Social Media Users,1,Lifestyle Risk Users,0,Socially Isolated Users,1,High Stress Users,Heavy Daytime Social Media Users | Lifestyle Risk Users | Socially Isolated Users | High Stress Users
1681,train,2.7,6.9,0.6,0.3,medium,3.19,0,Light / Rested Users,0,Healthy Lifestyle Users,1,Low Activity Moderate Social Users,0,Low Stress Users,Light / Rested Users | Healthy Lifestyle Users | Low Activity Moderate Social Users | Low Stress Users
2779,train,4.6,5.7,2.3,1.1,medium,2.7,2,Heavy Night Social Media Users,1,Lifestyle Risk Users,2,Moderately Social Users,1,High Stress Users,Heavy Night Social Media Users | Lifestyle Risk Users | Moderately Social Users | High Stress Users
1977,train,2.0,6.8,2.8,1.7,medium,3.7,0,Light / Rested Users,0,Healthy Lifestyle Users,2,Moderately Social Users,0,Low Stress Users,Light / Rested Users | Healthy Lifestyle Users | Moderately Social Users | Low Stress Users
25,train,1.5,7.2,2.5,1.3,medium,2.15,0,Light / Rested Users,0,Healthy Lifestyle Users,2,Moderately Social Users,0,Low Stress Users,Light / Rested Users | Healthy Lifestyle Users | Moderately Social Users | Low Stress Users
1388,train,5.0,5.7,1.3,1.6,low,2.72,1,Heavy Daytime Social Media Users,1,Lifestyle Risk Users,0,Socially Isolated Users,1,High Stress Users,Heavy Daytime Social Media Users | Lifestyle Risk Users | Socially Isolated Users | High Stress Users
1014,train,5.3,8.2,1.9,1.9,low,3.87,0,Light / Rested Users,0,Healthy Lifestyle Users,0,Socially Isolated Users,0,Low Stress Users,Light / Rested Users | Healthy Lifestyle Users | Socially Isolated Users | Low Stress Users
189,train,2.5,8.3,1.6,0.6,high,2.91,0,Light / Rested Users,0,Healthy Lifestyle Users,2,Moderately Social Users,0,Low Stress Users,Light / Rested Users | Healthy Lifestyle Users | Moderately Social Users | Low Stress Users
1293,train,5.5,5.9,1.8,1.2,low,2.76,1,Heavy Daytime Social Media Users,1,Lifestyle Risk Users,0,Socially Isolated Users,1,High Stress Users,Heavy Daytime Social Media Users | Lifestyle Risk Users | Socially Isolated Users | High Stress Users
433,train,3.8,8.9,1.9,0.2,medium,2.77,0,Light / Rested Users,0,Healthy Lifestyle Users,1,Low Activity Moderate Social Users,0,Low Stress Users,Light / Rested Users | Healthy Lifestyle Users | Low Activity Moderate Social Users | Low Stress Users
840,train,3.8,7.7,0.7,1.0,low,3.45,0,Light / Rested Users,0,Healthy Lifestyle Users,0,Socially Isolated Users,0,Low Stress Users,Light / Rested Users | Healthy Lifestyle Users | Socially Isolated Users | Low Stress Users
3261,train,7.7,4.8,2.8,1.4,low,2.22,2,Heavy Night Social Media Users,1,Lifestyle Risk Users,0,Socially Isolated Users,1,High Stress Users,Heavy Night Social Media Users | Lifestyle Risk Users | Socially Isolated Users | High Stress Users
1650,train,3.7,6.9,0.7,1.5,low,2.93,0,Light / Rested Users,0,Healthy Lifestyle Users,0,Socially Isolated Users,0,Low Stress Users,Light / Rested Users | Healthy Lifestyle Users | Socially Isolated Users | Low Stress Users
3031,train,1.7,7.2,0.5,1.5,low,3.32,0,Light / Rested Users,0,Healthy Lifestyle Users,0,Socially Isolated Users,0,Low Stress Users,Light / Rested Users | Healthy Lifestyle Users | Socially Isolated Users | Low Stress Users
95,train,1.8,6.4,2.4,1.9,medium,2.16,0,Light / Rested Users,0,Healthy Lifestyle Users,2,Moderately Social Users,0,Low Stress Users,Light / Rested Users | Healthy Lifestyle Users | Moderately Social Users | Low Stress Users
440,train,2.0,7.8,2.8,0.6,medium,2.1,0,Light / Rested Users,0,Healthy Lifestyle Users,2,Moderately Social Users,0,Low Stress Users,Light / Rested Users | Healthy Lifestyle Users | Moderately Social Users | Low Stress Users
181,train,5.1,5.0,2.2,1.2,high,3.58,2,Heavy Night Social Media Users,1,Lifestyle Risk Users,1,Low Activity Moderate Social Users,1,High Stress Users,Heavy Night Social Media Users | Lifestyle Risk Users | Low Activity Moderate Social Users | High Stress Users
2951,train,5.5,6.4,1.7,0.4,high,2.34,1,Heavy Daytime Social Media Users,1,Lifestyle Risk Users,1,Low Activity Moderate Social Users,1,High Stress Users,Heavy Daytime Social Media Users | Lifestyle Risk Users | Low Activity Moderate Social Users | High Stress Users
2714,train,6.2,5.7,0.8,0.5,medium,2.94,1,Heavy Daytime Social Media Users,1,Lifestyle Risk Users,1,Low Activity Moderate Social Users,1,High Stress Users,Heavy Daytime Social Media Users | Lifestyle Risk Users | Low Activity Moderate Social Users | High Stress Users
2216,train,5.0,6.6,1.1,0.7,medium,2.61,1,Heavy Daytime Social Media Users,1,Lifestyle Risk Users,1,Low Activity Moderate Social Users,0,Low Stress Users,Heavy Daytime Social Media Users | Lifestyle Risk Users | Low Activity Moderate Social Users | Low Stress Users
3681,train,2.4,6.5,2.5,1.6,medium,3.37,0,Light / Rested Users,0,Healthy Lifestyle Users,2,Moderately Social Users,0,Low Stress Users,Light / Rested Users | Healthy Lifestyle Users | Moderately Social Users | Low Stress Users
2943,train,5.3,6.0,1.4,1.0,medium,2.13,1,Heavy Daytime Social Media Users,1,Lifestyle Risk Users,1,Low Activity Moderate Social Users,1,High Stress Users,Heavy Daytime Social Media Users | Lifestyle Risk Users | Low Activity Moderate Social Users | High Stress Users
3698,train,4.5,6.7,1.9,0.4,medium,2.9,0,Light / Rested Users,0,Healthy Lifestyle Users,1,Low Activity Moderate Social Users,1,High Stress Users,Light / Rested Users | Healthy Lifestyle Users | Low Activity Moderate Social Users | High Stress Users
1826,train,5.5,5.7,0.6,1.2,medium,2.79,1,Heavy Daytime Social Media Users,1,Lifestyle Risk Users,1,Low Activity Moderate Social Users,1,High Stress Users,Heavy Daytime Social Media Users | Lifestyle Risk Users | Low Activity Moderate Social Users | High Stress Users
937,train,4.6,5.3,3.0,0.2,low,3.25,2,Heavy Night Social Media Users,1,Lifestyle Risk Users,0,Socially Isolated Users,1,High Stress Users,Heavy Night Social Media Users | Lifestyle Risk Users | Socially Isolated Users | High Stress Users
1033,train,2.2,7.5,1.4,1.8,low,3.19,0,Light / Rested Users,0,Healthy Lifestyle Users,0,Socially Isolated Users,0,Low Stress Users,Light / Rested Users | Healthy Lifestyle Users | Socially Isolated Users | Low Stress Users
3068,train,2.5,7.0,1.8,1.8,high,3.51,0,Light / Rested Users,0,Healthy Lifestyle Users,2,Moderately Social Users,0,Low Stress Users,Light / Rested Users | Healthy Lifestyle Users | Moderately Social Users | Low Stress Users
1919,train,7.6,4.0,2.9,1.6,medium,2.1,2,Heavy Night Social Media Users,1,Lifestyle Risk Users,1,Low Activity Moderate Social Users,1,High Stress Users,Heavy Night Social Media Users | Lifestyle Risk Users | Low Activity Moderate Social Users | High Stress Users
2859,train,1.3,7.6,1.3,1.9,high,3.7,0,Light / Rested Users,0,Healthy Lifestyle Users,2,Moderately Social Users,0,Low Stress Users,Light / Rested Users | Healthy Lifestyle Users | Moderately Social Users | Low Stress Users
1463,train,1.9,7.9,2.2,1.5,low,3.71,0,Light / Rested Users,0,Healthy Lifestyle Users,0,Socially Isolated Users,0,Low Stress Users,Light / Rested Users | Healthy Lifestyle Users | Socially Isolated Users | Low Stress Users
2486,train,4.0,6.8,2.4,1.4,medium,3.16,0,Light / Rested Users,0,Healthy Lifestyle Users,2,Moderately Social Users,0,Low Stress Users,Light / Rested Users | Healthy Lifestyle Users | Moderately Social Users | Low Stress Users
3496,train,3.6,7.2,2.2,1.7,high,3.05,0,Light / Rested Users,0,Healthy Lifestyle Users,2,Moderately Social Users,0,Low Stress Users,Light / Rested Users | Healthy Lifestyle Users | Moderately Social Users | Low Stress Users
2142,train,3.3,6.4,2.6,1.9,high,3.63,2,Heavy Night Social Media Users,0,Healthy Lifestyle Users,2,Moderately Social Users,0,Low Stress Users,Heavy Night Social Media Users | Healthy Lifestyle Users | Moderately Social Users | Low Stress Users
3690,train,3.5,7.3,2.4,0.6,medium,2.8,0,Light / Rested Users,0,Healthy Lifestyle Users,1,Low Activity Moderate Social Users,0,Low Stress Users,Light / Rested Users | Healthy Lifestyle Users | Low Activity Moderate Social Users | Low Stress Users
2634,train,3.8,6.0,1.6,0.1,low,3.32,0,Light / Rested Users,0,Healthy Lifestyle Users,0,Socially Isolated Users,0,Low Stress Users,Light / Rested Users | Healthy Lifestyle Users | Socially Isolated Users | Low Stress Users
100,train,5.1,4.1,1.6,0.8,medium,3.32,2,Heavy Night Social Media Users,1,Lifestyle Risk Users,1,Low Activity Moderate Social Users,0,Low Stress Users,Heavy Night Social Media Users | Lifestyle Risk Users | Low Activity Moderate Social Users | Low Stress Users
3424,train,2.2,6.5,1.6,1.6,high,3.35,0,Light / Rested Users,0,Healthy Lifestyle Users,2,Moderately Social Users,0,Low Stress Users,Light / Rested Users | Healthy Lifestyle Users | Moderately Social Users | Low Stress Users
2507,train,2.1,6.3,2.8,0.5,low,3.08,2,Heavy Night Social Media Users,0,Healthy Lifestyle Users,0,Socially Isolated Users,0,Low Stress Users,Heavy Night Social Media Users | Healthy Lifestyle Users | Socially Isolated Users | Low Stress Users
1745,train,1.9,6.7,2.6,0.8,high,3.22,0,Light / Rested Users,0,Healthy Lifestyle Users,2,Moderately Social Users,0,Low Stress Users,Light / Rested Users | Healthy Lifestyle Users | Moderately Social Users | Low Stress Users
356,train,4.1,5.1,2.0,0.7,high,3.51,2,Heavy Night Social Media Users,0,Healthy Lifestyle Users,1,Low Activity Moderate Social Users,1,High Stress Users,Heavy Night Social Media Users | Healthy Lifestyle Users | Low Activity Moderate Social Users | High Stress Users
1640,train,5.2,5.9,2.8,1.1,high,2.42,2,Heavy Night Social Media Users,1,Lifestyle Risk Users,1,Low Activity Moderate Social Users,1,High Stress Users,Heavy Night Social Media Users | Lifestyle Risk Users | Low Activity Moderate Social Users | High Stress Users
3530,train,2.2,7.1,1.0,1.8,medium,3.66,0,Light / Rested Users,0,Healthy Lifestyle Users,2,Moderately Social Users,0,Low Stress Users,Light / Rested Users | Healthy Lifestyle Users | Moderately Social Users | Low Stress Users
1101,train,3.5,4.3,2.2,1.0,high,3.19,2,Heavy Night Social Media Users,1,Lifestyle Risk Users,2,Moderately Social Users,1,High Stress Users,Heavy Night Social Media Users | Lifestyle Risk Users | Moderately Social Users | High Stress Users
2640,train,2.6,8.2,1.0,1.0,high,3.8,0,Light / Rested Users,0,Healthy Lifestyle Users,2,Moderately Social Users,0,Low Stress Users,Light / Rested Users | Healthy Lifestyle Users | Moderately Social Users | Low Stress Users
300,train,7.8,5.0,1.8,1.5,medium,3.57,1,Heavy Daytime Social Media Users,1,Lifestyle Risk Users,1,Low Activity Moderate Social Users,1,High Stress Users,Heavy Daytime Social Media Users | Lifestyle Risk Users | Low Activity Moderate Social Users | High Stress Users
3051,train,2.8,6.5,0.7,0.2,low,3.17,0,Light / Rested Users,0,Healthy Lifestyle Users,0,Socially Isolated Users,0,Low Stress Users,Light / Rested Users | Healthy Lifestyle Users | Socially Isolated Users | Low Stress Users
611,train,1.2,4.1,1.1,1.6,low,3.04,1,Heavy Daytime Social Media Users,0,Healthy Lifestyle Users,0,Socially Isolated Users,0,Low Stress Users,Heavy Daytime Social Media Users | Healthy Lifestyle Users | Socially Isolated Users | Low Stress Users
1031,train,2.2,7.7,2.1,1.7,low,2.33,0,Light / Rested Users,0,Healthy Lifestyle Users,0,Socially Isolated Users,0,Low Stress Users,Light / Rested Users | Healthy Lifestyle Users | Socially Isolated Users | Low Stress Users
1248,train,3.8,6.5,2.4,1.4,high,3.26,2,Heavy Night Social Media Users,0,Healthy Lifestyle Users,2,Moderately Social Users,0,Low Stress Users,Heavy Night Social Media Users | Healthy Lifestyle Users | Moderately Social Users | Low Stress Users
3465,train,6.5,5.9,1.3,0.1,high,2.21,1,Heavy Daytime Social Media Users,1,Lifestyle Risk Users,1,Low Activity Moderate Social Users,1,High Stress Users,Heavy Daytime Social Media Users | Lifestyle Risk Users | Low Activity Moderate Social Users | High Stress Users
1491,train,4.8,5.8,2.3,0.5,low,2.77,2,Heavy Night Social Media Users,1,Lifestyle Risk Users,0,Socially Isolated Users,0,Low Stress Users,Heavy Night Social Media Users | Lifestyle Risk Users | Socially Isolated Users | Low Stress Users
427,train,2.7,6.5,1.6,0.4,high,2.14,0,Light / Rested Users,1,Lifestyle Risk Users,1,Low Activity Moderate Social Users,0,Low Stress Users,Light / Rested Users | Lifestyle Risk Users | Low Activity Moderate Social Users | Low Stress Users
1202,train,2.9,7.0,1.2,1.7,high,3.04,0,Light / Rested Users,0,Healthy Lifestyle Users,2,Moderately Social Users,0,Low Stress Users,Light / Rested Users | Healthy Lifestyle Users | Moderately Social Users | Low Stress Users
2057,train,2.7,5.4,2.4,0.8,low,2.58,2,Heavy Night Social Media Users,1,Lifestyle Risk Users,0,Socially Isolated Users,1,High Stress Users,Heavy Night Social Media Users | Lifestyle Risk Users | Socially Isolated Users | High Stress Users
539,train,1.7,4.9,0.6,1.1,medium,3.38,1,Heavy Daytime Social Media Users,0,Healthy Lifestyle Users,2,Moderately Social Users,1,High Stress Users,Heavy Daytime Social Media Users | Healthy Lifestyle Users | Moderately Social Users | High Stress Users
1631,train,3.9,4.8,2.8,1.2,high,2.33,2,Heavy Night Social Media Users,1,Lifestyle Risk Users,2,Moderately Social Users,1,High Stress Users,Heavy Night Social Media Users | Lifestyle Risk Users | Moderately Social Users | High Stress Users
285,train,3.9,7.7,1.0,1.8,high,2.1,0,Light / Rested Users,0,Healthy Lifestyle Users,2,Moderately Social Users,0,Low Stress Users,Light / Rested Users | Healthy Lifestyle Users | Moderately Social Users | Low Stress Users
1374,train,4.3,7.6,1.2,1.4,medium,3.09,0,Light / Rested Users,0,Healthy Lifestyle Users,2,Moderately Social Users,0,Low Stress Users,Light / Rested Users | Healthy Lifestyle Users | Moderately Social Users | Low Stress Users
1117,train,5.2,7.1,1.9,1.7,medium,2.87,0,Light / Rested Users,0,Healthy Lifestyle Users,2,Moderately Social Users,1,High Stress Users,Light / Rested Users | Healthy Lifestyle Users | Moderately Social Users | High Stress Users
1230,train,6.8,4.6,3.0,1.5,medium,2.0,2,Heavy Night Social Media Users,1,Lifestyle Risk Users,1,Low Activity Moderate Social Users,1,High Stress Users,Heavy Night Social Media Users | Lifestyle Risk Users | Low Activity Moderate Social Users | High Stress Users
710,train,6.2,8.6,1.8,0.7,high,2.19,0,Light / Rested Users,1,Lifestyle Risk Users,1,Low Activity Moderate Social Users,0,Low Stress Users,Light / Rested Users | Lifestyle Risk Users | Low Activity Moderate Social Users | Low Stress Users
2706,train,2.7,6.0,2.7,1.1,low,2.74,2,Heavy Night Social Media Users,0,Healthy Lifestyle Users,0,Socially Isolated Users,0,Low Stress Users,Heavy Night Social Media Users | Healthy Lifestyle Users | Socially Isolated Users | Low Stress Users
2140,train,6.7,5.5,1.6,1.3,medium,2.68,1,Heavy Daytime Social Media Users,1,Lifestyle Risk Users,1,Low Activity Moderate Social Users,1,High Stress Users,Heavy Daytime Social Media Users | Lifestyle Risk Users | Low Activity Moderate Social Users | High Stress Users
3339,train,3.8,7.0,0.9,0.4,medium,2.98,0,Light / Rested Users,0,Healthy Lifestyle Users,1,Low Activity Moderate Social Users,0,Low Stress Users,Light / Rested Users | Healthy Lifestyle Users | Low Activity Moderate Social Users | Low Stress Users
1422,train,6.8,4.8,2.7,0.9,medium,2.12,2,Heavy Night Social Media Users,1,Lifestyle Risk Users,1,Low Activity Moderate Social Users,1,High Stress Users,Heavy Night Social Media Users | Lifestyle Risk Users | Low Activity Moderate Social Users | High Stress Users
877,train,4.2,6.3,1.2,1.9,low,3.72,1,Heavy Daytime Social Media Users,0,Healthy Lifestyle Users,0,Socially Isolated Users,0,Low Stress Users,Heavy Daytime Social Media Users | Healthy Lifestyle Users | Socially Isolated Users | Low Stress Users
1547,train,6.7,4.5,2.7,1.5,low,2.34,2,Heavy Night Social Media Users,1,Lifestyle Risk Users,0,Socially Isolated Users,1,High Stress Users,Heavy Night Social Media Users | Lifestyle Risk Users | Socially Isolated Users | High Stress Users
2691,train,6.2,5.4,1.8,1.8,medium,2.87,1,Heavy Daytime Social Media Users,1,Lifestyle Risk Users,2,Moderately Social Users,1,High Stress Users,Heavy Daytime Social Media Users | Lifestyle Risk Users | Moderately Social Users | High Stress Users
1485,train,5.1,5.2,2.8,0.3,low,2.84,2,Heavy Night Social Media Users,1,Lifestyle Risk Users,0,Socially Isolated Users,1,High Stress Users,Heavy Night Social Media Users | Lifestyle Risk Users | Socially Isolated Users | High Stress Users
2897,train,4.9,5.5,0.9,0.8,low,2.47,1,Heavy Daytime Social Media Users,1,Lifestyle Risk Users,0,Socially Isolated Users,1,High Stress Users,Heavy Daytime Social Media Users | Lifestyle Risk Users | Socially Isolated Users | High Stress Users
3431,train,1.4,7.9,1.1,1.9,medium,3.4,0,Light / Rested Users,0,Healthy Lifestyle Users,2,Moderately Social Users,0,Low Stress Users,Light / Rested Users | Healthy Lifestyle Users | Moderately Social Users | Low Stress Users
2540,train,6.8,5.4,0.7,1.4,high,2.65,1,Heavy Daytime Social Media Users,1,Lifestyle Risk Users,1,Low Activity Moderate Social Users,1,High Stress Users,Heavy Daytime Social Media Users | Lifestyle Risk Users | Low Activity Moderate Social Users | High Stress Users
2464,train,7.6,5.2,2.4,1.3,high,2.46,2,Heavy Night Social Media Users,1,Lifestyle Risk Users,1,Low Activity Moderate Social Users,1,High Stress Users,Heavy Night Social Media Users | Lifestyle Risk Users | Low Activity Moderate Social Users | High Stress Users
790,train,6.6,6.2,1.8,1.7,high,2.36,1,Heavy Daytime Social Media Users,1,Lifestyle Risk Users,1,Low Activity Moderate Social Users,0,Low Stress Users,Heavy Daytime Social Media Users | Lifestyle Risk Users | Low Activity Moderate Social Users | Low Stress Users
2199,train,7.7,5.5,1.0,1.9,medium,2.26,1,Heavy Daytime Social Media Users,1,Lifestyle Risk Users,1,Low Activity Moderate Social Users,1,High Stress Users,Heavy Daytime Social Media Users | Lifestyle Risk Users | Low Activity Moderate Social Users | High Stress Users
103,train,5.8,6.7,1.9,1.9,low,3.0,1,Heavy Daytime Social Media Users,0,Healthy Lifestyle Users,0,Socially Isolated Users,1,High Stress Users,Heavy Daytime Social Media Users | Healthy Lifestyle Users | Socially Isolated Users | High Stress Users
1428,train,6.5,5.9,2.6,0.3,medium,2.29,2,Heavy Night Social Media Users,1,Lifestyle Risk Users,1,Low Activity Moderate Social Users,1,High Stress Users,Heavy Night Social Media Users | Lifestyle Risk Users | Low Activity Moderate Social Users | High Stress Users
620,train,7.0,4.5,2.3,1.7,high,3.26,2,Heavy Night Social Media Users,1,Lifestyle Risk Users,1,Low Activity Moderate Social Users,1,High Stress Users,Heavy Night Social Media Users | Lifestyle Risk Users | Low Activity Moderate Social Users | High Stress Users
506,train,5.8,7.1,1.1,1.5,low,3.72,1,Heavy Daytime Social Media Users,0,Healthy Lifestyle Users,0,Socially Isolated Users,1,High Stress Users,Heavy Daytime Social Media Users | Healthy Lifestyle Users | Socially Isolated Users | High Stress Users
3279,train,5.5,5.9,1.6,0.2,low,2.7,1,Heavy Daytime Social Media Users,1,Lifestyle Risk Users,0,Socially Isolated Users,1,High Stress Users,Heavy Daytime Social Media Users | Lifestyle Risk Users | Socially Isolated Users | High Stress Users
2029,train,3.4,5.4,2.6,0.9,low,3.37,2,Heavy Night Social Media Users,0,Healthy Lifestyle Users,0,Socially Isolated Users,0,Low Stress Users,Heavy Night Social Media Users | Healthy Lifestyle Users | Socially Isolated Users | Low Stress Users
1467,train,5.9,5.4,1.9,2.0,medium,2.63,2,Heavy Night Social Media Users,1,Lifestyle Risk Users,2,Moderately Social Users,1,High Stress Users,Heavy Night Social Media Users | Lifestyle Risk Users | Moderately Social Users | High Stress Users
803,train,3.1,4.2,2.4,0.2,low,3.41,2,Heavy Night Social Media Users,1,Lifestyle Risk Users,0,Socially Isolated Users,1,High Stress Users,Heavy Night Social Media Users | Lifestyle Risk Users | Socially Isolated Users | High Stress Users
1133,train,1.1,9.0,1.2,1.8,medium,2.9,0,Light / Rested Users,0,Healthy Lifestyle Users,2,Moderately Social Users,0,Low Stress Users,Light / Rested Users | Healthy Lifestyle Users | Moderately Social Users | Low Stress Users
1094,train,3.5,4.6,0.7,0.6,high,3.9,1,Heavy Daytime Social Media Users,0,Healthy Lifestyle Users,1,Low Activity Moderate Social Users,1,High Stress Users,Heavy Daytime Social Media Users | Healthy Lifestyle Users | Low Activity Moderate Social Users | High Stress Users
2970,train,2.1,7.1,1.5,0.1,high,3.1,0,Light / Rested Users,0,Healthy Lifestyle Users,1,Low Activity Moderate Social Users,0,Low Stress Users,Light / Rested Users | Healthy Lifestyle Users | Low Activity Moderate Social Users | Low Stress Users
1347,train,5.7,6.4,1.5,0.6,low,2.78,1,Heavy Daytime Social Media Users,1,Lifestyle Risk Users,0,Socially Isolated Users,1,High Stress Users,Heavy Daytime Social Media Users | Lifestyle Risk Users | Socially Isolated Users | High Stress Users
3425,train,4.6,6.6,1.6,1.3,medium,3.35,1,Heavy Daytime Social Media Users,0,Healthy Lifestyle Users,2,Moderately Social Users,0,Low Stress Users,Heavy Daytime Social Media Users | Healthy Lifestyle Users | Moderately Social Users | Low Stress Users
2235,train,3.5,6.2,2.0,0.8,low,3.14,0,Light / Rested Users,0,Healthy Lifestyle Users,0,Socially Isolated Users,0,Low Stress Users,Light / Rested Users | Healthy Lifestyle Users | Socially Isolated Users | Low Stress Users
921,train,3.3,6.5,1.3,0.3,medium,2.44,0,Light / Rested Users,1,Lifestyle Risk Users,1,Low Activity Moderate Social Users,0,Low Stress Users,Light / Rested Users | Lifestyle Risk Users | Low Activity Moderate Social Users | Low Stress Users
2158,train,6.8,6.3,0.7,2.0,medium,3.09,1,Heavy Daytime Social Media Users,0,Healthy Lifestyle Users,2,Moderately Social Users,1,High Stress Users,Heavy Daytime Social Media Users | Healthy Lifestyle Users | Moderately Social Users | High Stress Users
158,train,2.7,8.8,1.9,0.4,high,2.14,0,Light / Rested Users,0,Healthy Lifestyle Users,1,Low Activity Moderate Social Users,0,Low Stress Users,Light / Rested Users | Healthy Lifestyle Users | Low Activity Moderate Social Users | Low Stress Users
3262,train,1.3,7.1,2.8,1.1,high,3.74,0,Light / Rested Users,0,Healthy Lifestyle Users,2,Moderately Social Users,0,Low Stress Users,Light / Rested Users | Healthy Lifestyle Users | Moderately Social Users | Low Stress Users
1838,train,8.0,4.0,2.8,0.8,high,2.0,2,Heavy Night Social Media Users,1,Lifestyle Risk Users,1,Low Activity Moderate Social Users,1,High Stress Users,Heavy Night Social Media Users | Lifestyle Risk Users | Low Activity Moderate Social Users | High Stress Users
3001,train,6.6,5.8,0.7,0.9,medium,2.43,1,Heavy Daytime Social Media Users,1,Lifestyle Risk Users,1,Low Activity Moderate Social Users,1,High Stress Users,Heavy Daytime Social Media Users | Lifestyle Risk Users | Low Activity Moderate Social Users | High Stress Users
2111,train,5.5,4.7,2.9,2.0,medium,2.34,2,Heavy Night Social Media Users,1,Lifestyle Risk Users,2,Moderately Social Users,1,High Stress Users,Heavy Night Social Media Users | Lifestyle Risk Users | Moderately Social Users | High Stress Users
2651,train,4.0,6.5,2.9,0.0,low,2.39,2,Heavy Night Social Media Users,1,Lifestyle Risk Users,0,Socially Isolated Users,1,High Stress Users,Heavy Night Social Media Users | Lifestyle Risk Users | Socially Isolated Users | High Stress Users
1028,train,4.9,5.2,0.7,0.1,low,2.55,1,Heavy Daytime Social Media Users,1,Lifestyle Risk Users,0,Socially Isolated Users,1,High Stress Users,Heavy Daytime Social Media Users | Lifestyle Risk Users | Socially Isolated Users | High Stress Users
1430,train,1.0,7.4,2.7,0.7,high,3.51,0,Light / Rested Users,0,Healthy Lifestyle Users,2,Moderately Social Users,0,Low Stress Users,Light / Rested Users | Healthy Lifestyle Users | Moderately Social Users | Low Stress Users
125,train,6.5,8.1,2.3,0.4,high,2.21,0,Light / Rested Users,1,Lifestyle Risk Users,1,Low Activity Moderate Social Users,1,High Stress Users,Light / Rested Users | Lifestyle Risk Users | Low Activity Moderate Social Users | High Stress Users
1381,train,4.8,6.3,1.4,0.0,high,2.64,1,Heavy Daytime Social Media Users,1,Lifestyle Risk Users,1,Low Activity Moderate Social Users,1,High Stress Users,Heavy Daytime Social Media Users | Lifestyle Risk Users | Low Activity Moderate Social Users | High Stress Users
3257,train,4.8,5.9,2.1,0.2,high,2.73,2,Heavy Night Social Media Users,1,Lifestyle Risk Users,1,Low Activity Moderate Social Users,1,High Stress Users,Heavy Night Social Media Users | Lifestyle Risk Users | Low Activity Moderate Social Users | High Stress Users
1718,train,2.7,7.1,1.3,0.5,low,3.29,0,Light / Rested Users,0,Healthy Lifestyle Users,0,Socially Isolated Users,0,Low Stress Users,Light / Rested Users | Healthy Lifestyle Users | Socially Isolated Users | Low Stress Users
214,train,5.9,7.5,1.4,1.2,low,2.58,1,Heavy Daytime Social Media Users,1,Lifestyle Risk Users,0,Socially Isolated Users,0,Low Stress Users,Heavy Daytime Social Media Users | Lifestyle Risk Users | Socially Isolated Users | Low Stress Users
1252,train,6.0,5.5,2.9,0.9,low,2.7,2,Heavy Night Social Media Users,1,Lifestyle Risk Users,0,Socially Isolated Users,1,High Stress Users,Heavy Night Social Media Users | Lifestyle Risk Users | Socially Isolated Users | High Stress Users
2766,train,5.6,6.3,1.6,1.0,high,2.81,1,Heavy Daytime Social Media Users,1,Lifestyle Risk Users,1,Low Activity Moderate Social Users,1,High Stress Users,Heavy Daytime Social Media Users | Lifestyle Risk Users | Low Activity Moderate Social Users | High Stress Users
3635,train,4.8,6.4,1.0,1.1,low,3.02,1,Heavy Daytime Social Media Users,0,Healthy Lifestyle Users,0,Socially Isolated Users,0,Low Stress Users,Heavy Daytime Social Media Users | Healthy Lifestyle Users | Socially Isolated Users | Low Stress Users
217,train,4.9,4.5,2.9,0.8,low,3.88,2,Heavy Night Social Media Users,1,Lifestyle Risk Users,0,Socially Isolated Users,1,High Stress Users,Heavy Night Social Media Users | Lifestyle Risk Users | Socially Isolated Users | High Stress Users
2331,train,2.3,7.2,2.2,1.9,low,3.59,0,Light / Rested Users,0,Healthy Lifestyle Users,0,Socially Isolated Users,0,Low Stress Users,Light / Rested Users | Healthy Lifestyle Users | Socially Isolated Users | Low Stress Users
2482,train,6.0,6.2,1.4,1.5,medium,2.89,1,Heavy Daytime Social Media Users,1,Lifestyle Risk Users,1,Low Activity Moderate Social Users,1,High Stress Users,Heavy Daytime Social Media Users | Lifestyle Risk Users | Low Activity Moderate Social Users | High Stress Users
3482,train,5.6,6.3,1.1,0.4,medium,2.58,1,Heavy Daytime Social Media Users,1,Lifestyle Risk Users,1,Low Activity Moderate Social Users,1,High Stress Users,Heavy Daytime Social Media Users | Lifestyle Risk Users | Low Activity Moderate Social Users | High Stress Users
1233,train,2.6,6.6,2.8,0.7,high,2.83,0,Light / Rested Users,0,Healthy Lifestyle Users,2,Moderately Social Users,0,Low Stress Users,Light / Rested Users | Healthy Lifestyle Users | Moderately Social Users | Low Stress Users
1936,train,4.8,6.6,1.7,0.2,medium,2.91,1,Heavy Daytime Social Media Users,1,Lifestyle Risk Users,1,Low Activity Moderate Social Users,1,High Stress Users,Heavy Daytime Social Media Users | Lifestyle Risk Users | Low Activity Moderate Social Users | High Stress Users
749,train,6.0,6.3,2.8,2.0,medium,3.98,2,Heavy Night Social Media Users,0,Healthy Lifestyle Users,2,Moderately Social Users,0,Low Stress Users,Heavy Night Social Media Users | Healthy Lifestyle Users | Moderately Social Users | Low Stress Users
2562,train,7.2,5.2,0.5,1.4,high,2.64,1,Heavy Daytime Social Media Users,1,Lifestyle Risk Users,1,Low Activity Moderate Social Users,1,High Stress Users,Heavy Daytime Social Media Users | Lifestyle Risk Users | Low Activity Moderate Social Users | High Stress Users
1393,train,5.2,7.0,0.8,1.2,low,2.81,1,Heavy Daytime Social Media Users,0,Healthy Lifestyle Users,0,Socially Isolated Users,1,High Stress Users,Heavy Daytime Social Media Users | Healthy Lifestyle Users | Socially Isolated Users | High Stress Users
2411,train,1.7,7.7,1.3,0.9,high,3.81,0,Light / Rested Users,0,Healthy Lifestyle Users,2,Moderately Social Users,0,Low Stress Users,Light / Rested Users | Healthy Lifestyle Users | Moderately Social Users | Low Stress Users
1021,train,5.0,4.3,1.1,0.1,high,2.22,1,Heavy Daytime Social Media Users,1,Lifestyle Risk Users,1,Low Activity Moderate Social Users,1,High Stress Users,Heavy Daytime Social Media Users | Lifestyle Risk Users | Low Activity Moderate Social Users | High Stress Users
1444,train,3.7,6.3,2.4,1.1,high,3.39,2,Heavy Night Social Media Users,0,Healthy Lifestyle Users,2,Moderately Social Users,0,Low Stress Users,Heavy Night Social Media Users | Healthy Lifestyle Users | Moderately Social Users | Low Stress Users
2727,train,4.8,6.2,2.8,0.9,low,2.51,2,Heavy Night Social Media Users,1,Lifestyle Risk Users,0,Socially Isolated Users,1,High Stress Users,Heavy Night Social Media Users | Lifestyle Risk Users | Socially Isolated Users | High Stress Users
1203,train,7.9,5.0,1.6,1.2,medium,2.21,1,Heavy Daytime Social Media Users,1,Lifestyle Risk Users,1,Low Activity Moderate Social Users,1,High Stress Users,Heavy Daytime Social Media Users | Lifestyle Risk Users | Low Activity Moderate Social Users | High Stress Users
1418,train,4.9,6.6,1.6,0.4,medium,2.99,1,Heavy Daytime Social Media Users,0,Healthy Lifestyle Users,1,Low Activity Moderate Social Users,0,Low Stress Users,Heavy Daytime Social Media Users | Healthy Lifestyle Users | Low Activity Moderate Social Users | Low Stress Users
2425,train,5.5,5.3,1.8,0.7,medium,2.86,2,Heavy Night Social Media Users,1,Lifestyle Risk Users,1,Low Activity Moderate Social Users,1,High Stress Users,Heavy Night Social Media Users | Lifestyle Risk Users | Low Activity Moderate Social Users | High Stress Users
2977,train,7.9,4.0,1.9,0.9,high,2.0,2,Heavy Night Social Media Users,1,Lifestyle Risk Users,1,Low Activity Moderate Social Users,1,High Stress Users,Heavy Night Social Media Users | Lifestyle Risk Users | Low Activity Moderate Social Users | High Stress Users
2393,train,3.0,7.9,1.1,0.4,low,3.64,0,Light / Rested Users,0,Healthy Lifestyle Users,0,Socially Isolated Users,0,Low Stress Users,Light / Rested Users | Healthy Lifestyle Users | Socially Isolated Users | Low Stress Users
927,train,2.8,6.2,1.2,1.0,low,3.21,0,Light / Rested Users,0,Healthy Lifestyle Users,0,Socially Isolated Users,0,Low Stress Users,Light / Rested Users | Healthy Lifestyle Users | Socially Isolated Users | Low Stress Users
3576,train,1.6,6.5,1.8,0.5,low,3.33,0,Light / Rested Users,0,Healthy Lifestyle Users,0,Socially Isolated Users,0,Low Stress Users,Light / Rested Users | Healthy Lifestyle Users | Socially Isolated Users | Low Stress Users
1672,train,1.3,6.8,1.5,1.8,low,3.34,0,Light / Rested Users,0,Healthy Lifestyle Users,0,Socially Isolated Users,0,Low Stress Users,Light / Rested Users | Healthy Lifestyle Users | Socially Isolated Users | Low Stress Users
834,train,2.7,7.9,1.2,1.9,medium,2.75,0,Light / Rested Users,0,Healthy Lifestyle Users,2,Moderately Social Users,0,Low Stress Users,Light / Rested Users | Healthy Lifestyle Users | Moderately Social Users | Low Stress Users
3591,train,5.7,5.7,2.6,1.7,low,2.82,2,Heavy Night Social Media Users,1,Lifestyle Risk Users,0,Socially Isolated Users,1,High Stress Users,Heavy Night Social Media Users | Lifestyle Risk Users | Socially Isolated Users | High Stress Users
3684,train,7.2,4.8,2.1,0.7,low,2.0,2,Heavy Night Social Media Users,1,Lifestyle Risk Users,0,Socially Isolated Users,1,High Stress Users,Heavy Night Social Media Users | Lifestyle Risk Users | Socially Isolated Users | High Stress Users
200,train,7.9,5.8,0.8,1.6,medium,3.31,1,Heavy Daytime Social Media Users,1,Lifestyle Risk Users,1,Low Activity Moderate Social Users,1,High Stress Users,Heavy Daytime Social Media Users | Lifestyle Risk Users | Low Activity Moderate Social Users | High Stress Users
3214,train,6.1,6.1,1.1,1.7,high,2.3,1,Heavy Daytime Social Media Users,1,Lifestyle Risk Users,2,Moderately Social Users,1,High Stress Users,Heavy Daytime Social Media Users | Lifestyle Risk Users | Moderately Social Users | High Stress Users
2895,train,7.1,4.8,2.3,1.4,low,2.38,2,Heavy Night Social Media Users,1,Lifestyle Risk Users,0,Socially Isolated Users,1,High Stress Users,Heavy Night Social Media Users | Lifestyle Risk Users | Socially Isolated Users | High Stress Users
3030,train,6.6,5.1,2.9,1.9,medium,2.48,2,Heavy Night Social Media Users,1,Lifestyle Risk Users,2,Moderately Social Users,1,High Stress Users,Heavy Night Social Media Users | Lifestyle Risk Users | Moderately Social Users | High Stress Users
1113,train,3.3,6.4,1.0,1.0,low,2.49,0,Light / Rested Users,0,Healthy Lifestyle Users,0,Socially Isolated Users,0,Low Stress Users,Light / Rested Users | Healthy Lifestyle Users | Socially Isolated Users | Low Stress Users
709,train,7.0,4.4,0.9,0.4,low,3.67,1,Heavy Daytime Social Media Users,1,Lifestyle Risk Users,0,Socially Isolated Users,1,High Stress Users,Heavy Daytime Social Media Users | Lifestyle Risk Users | Socially Isolated Users | High Stress Users
2178,train,7.4,5.4,1.1,1.0,high,2.29,1,Heavy Daytime Social Media Users,1,Lifestyle Risk Users,1,Low Activity Moderate Social Users,1,High Stress Users,Heavy Daytime Social Media Users | Lifestyle Risk Users | Low Activity Moderate Social Users | High Stress Users
1566,train,5.0,5.8,2.5,1.3,low,2.54,2,Heavy Night Social Media Users,1,Lifestyle Risk Users,0,Socially Isolated Users,1,High Stress Users,Heavy Night Social Media Users | Lifestyle Risk Users | Socially Isolated Users | High Stress Users
1629,train,6.5,6.3,1.1,1.4,medium,2.85,1,Heavy Daytime Social Media Users,1,Lifestyle Risk Users,1,Low Activity Moderate Social Users,1,High Stress Users,Heavy Daytime Social Media Users | Lifestyle Risk Users | Low Activity Moderate Social Users | High Stress Users
2980,train,3.5,6.9,1.5,1.5,medium,3.28,0,Light / Rested Users,0,Healthy Lifestyle Users,2,Moderately Social Users,0,Low Stress Users,Light / Rested Users | Healthy Lifestyle Users | Moderately Social Users | Low Stress Users
3590,train,4.7,6.1,1.5,0.7,high,2.51,1,Heavy Daytime Social Media Users,1,Lifestyle Risk Users,1,Low Activity Moderate Social Users,1,High Stress Users,Heavy Daytime Social Media Users | Lifestyle Risk Users | Low Activity Moderate Social Users | High Stress Users
1786,train,1.2,9.0,0.5,1.8,high,3.89,0,Light / Rested Users,0,Healthy Lifestyle Users,2,Moderately Social Users,0,Low Stress Users,Light / Rested Users | Healthy Lifestyle Users | Moderately Social Users | Low Stress Users
3517,train,7.1,6.1,0.7,0.7,high,2.2,1,Heavy Daytime Social Media Users,1,Lifestyle Risk Users,1,Low Activity Moderate Social Users,1,High Stress Users,Heavy Daytime Social Media Users | Lifestyle Risk Users | Low Activity Moderate Social Users | High Stress Users
1719,train,7.1,5.2,2.5,1.5,low,2.47,2,Heavy Night Social Media Users,1,Lifestyle Risk Users,0,Socially Isolated Users,1,High Stress Users,Heavy Night Social Media Users | Lifestyle Risk Users | Socially Isolated Users | High Stress Users
277,train,3.8,5.4,1.7,1.9,medium,3.06,2,Heavy Night Social Media Users,0,Healthy Lifestyle Users,2,Moderately Social Users,1,High Stress Users,Heavy Night Social Media Users | Healthy Lifestyle Users | Moderately Social Users | High Stress Users
2107,train,3.2,7.5,1.0,0.9,medium,3.47,0,Light / Rested Users,0,Healthy Lifestyle Users,2,Moderately Social Users,0,Low Stress Users,Light / Rested Users | Healthy Lifestyle Users | Moderately Social Users | Low Stress Users
2922,train,3.4,6.2,1.4,0.8,high,3.08,0,Light / Rested Users,0,Healthy Lifestyle Users,2,Moderately Social Users,0,Low Stress Users,Light / Rested Users | Healthy Lifestyle Users | Moderately Social Users | Low Stress Users
1408,train,1.0,7.0,2.2,1.6,low,3.75,0,Light / Rested Users,0,Healthy Lifestyle Users,0,Socially Isolated Users,0,Low Stress Users,Light / Rested Users | Healthy Lifestyle Users | Socially Isolated Users | Low Stress Users
2278,train,5.2,5.5,2.2,0.9,medium,2.57,2,Heavy Night Social Media Users,1,Lifestyle Risk Users,1,Low Activity Moderate Social Users,1,High Stress Users,Heavy Night Social Media Users | Lifestyle Risk Users | Low Activity Moderate Social Users | High Stress Users
1635,train,2.5,6.6,2.1,0.2,high,3.2,0,Light / Rested Users,0,Healthy Lifestyle Users,1,Low Activity Moderate Social Users,0,Low Stress Users,Light / Rested Users | Healthy Lifestyle Users | Low Activity Moderate Social Users | Low Stress Users
3644,train,5.1,5.4,2.2,0.1,low,2.6,2,Heavy Night Social Media Users,1,Lifestyle Risk Users,0,Socially Isolated Users,1,High Stress Users,Heavy Night Social Media Users | Lifestyle Risk Users | Socially Isolated Users | High Stress Users
1579,train,1.6,7.1,0.6,0.9,medium,3.61,0,Light / Rested Users,0,Healthy Lifestyle Users,2,Moderately Social Users,0,Low Stress Users,Light / Rested Users | Healthy Lifestyle Users | Moderately Social Users | Low Stress Users
2805,train,5.5,5.7,2.6,1.3,high,2.24,2,Heavy Night Social Media Users,1,Lifestyle Risk Users,1,Low Activity Moderate Social Users,1,High Stress Users,Heavy Night Social Media Users | Lifestyle Risk Users | Low Activity Moderate Social Users | High Stress Users
2987,train,5.6,6.6,1.3,1.1,medium,2.63,1,Heavy Daytime Social Media Users,1,Lifestyle Risk Users,1,Low Activity Moderate Social Users,0,Low Stress Users,Heavy Daytime Social Media Users | Lifestyle Risk Users | Low Activity Moderate Social Users | Low Stress Users
1357,train,6.4,6.5,1.4,0.5,high,2.67,1,Heavy Daytime Social Media Users,1,Lifestyle Risk Users,1,Low Activity Moderate Social Users,1,High Stress Users,Heavy Daytime Social Media Users | Lifestyle Risk Users | Low Activity Moderate Social Users | High Stress Users
1980,train,1.5,8.3,0.8,1.2,low,4.0,0,Light / Rested Users,0,Healthy Lifestyle Users,0,Socially Isolated Users,0,Low Stress Users,Light / Rested Users | Healthy Lifestyle Users | Socially Isolated Users | Low Stress Users
112,train,5.7,6.6,2.4,1.7,high,3.99,2,Heavy Night Social Media Users,0,Healthy Lifestyle Users,2,Moderately Social Users,0,Low Stress Users,Heavy Night Social Media Users | Healthy Lifestyle Users | Moderately Social Users | Low Stress Users
1799,train,7.0,5.7,1.9,0.5,low,2.35,1,Heavy Daytime Social Media Users,1,Lifestyle Risk Users,0,Socially Isolated Users,1,High Stress Users,Heavy Daytime Social Media Users | Lifestyle Risk Users | Socially Isolated Users | High Stress Users
1247,train,5.1,5.6,2.8,0.1,high,2.51,2,Heavy Night Social Media Users,1,Lifestyle Risk Users,1,Low Activity Moderate Social Users,1,High Stress Users,Heavy Night Social Media Users | Lifestyle Risk Users | Low Activity Moderate Social Users | High Stress Users
3361,train,3.6,6.5,2.7,1.0,low,2.78,2,Heavy Night Social Media Users,0,Healthy Lifestyle Users,0,Socially Isolated Users,0,Low Stress Users,Heavy Night Social Media Users | Healthy Lifestyle Users | Socially Isolated Users | Low Stress Users
1479,train,6.9,4.6,1.9,0.2,medium,2.18,2,Heavy Night Social Media Users,1,Lifestyle Risk Users,1,Low Activity Moderate Social Users,1,High Stress Users,Heavy Night Social Media Users | Lifestyle Risk Users | Low Activity Moderate Social Users | High Stress Users
1970,train,3.5,7.1,1.7,1.6,high,3.22,0,Light / Rested Users,0,Healthy Lifestyle Users,2,Moderately Social Users,0,Low Stress Users,Light / Rested Users | Healthy Lifestyle Users | Moderately Social Users | Low Stress Users
581,train,7.2,4.2,2.5,1.6,low,2.65,2,Heavy Night Social Media Users,1,Lifestyle Risk Users,0,Socially Isolated Users,1,High Stress Users,Heavy Night Social Media Users | Lifestyle Risk Users | Socially Isolated Users | High Stress Users
1870,train,2.4,6.0,2.8,0.6,low,2.99,2,Heavy Night Social Media Users,0,Healthy Lifestyle Users,0,Socially Isolated Users,0,Low Stress Users,Heavy Night Social Media Users | Healthy Lifestyle Users | Socially Isolated Users | Low Stress Users
3126,train,6.2,5.6,0.6,0.9,low,2.0,1,Heavy Daytime Social Media Users,1,Lifestyle Risk Users,0,Socially Isolated Users,1,High Stress Users,Heavy Daytime Social Media Users | Lifestyle Risk Users | Socially Isolated Users | High Stress Users
1020,train,2.3,4.2,0.9,1.3,high,3.84,1,Heavy Daytime Social Media Users,0,Healthy Lifestyle Users,2,Moderately Social Users,1,High Stress Users,Heavy Daytime Social Media Users | Healthy Lifestyle Users | Moderately Social Users | High Stress Users
664,train,2.2,4.5,2.0,0.8,high,2.49,2,Heavy Night Social Media Users,1,Lifestyle Risk Users,2,Moderately Social Users,0,Low Stress Users,Heavy Night Social Media Users | Lifestyle Risk Users | Moderately Social Users | Low Stress Users
2264,train,2.1,5.9,2.2,1.0,low,3.57,0,Light / Rested Users,0,Healthy Lifestyle Users,0,Socially Isolated Users,0,Low Stress Users,Light / Rested Users | Healthy Lifestyle Users | Socially Isolated Users | Low Stress Users
3537,train,6.9,5.6,1.0,0.8,high,2.3,1,Heavy Daytime Social Media Users,1,Lifestyle Risk Users,1,Low Activity Moderate Social Users,1,High Stress Users,Heavy Daytime Social Media Users | Lifestyle Risk Users | Low Activity Moderate Social Users | High Stress Users
13,train,6.8,5.7,1.1,1.3,medium,3.29,1,Heavy Daytime Social Media Users,1,Lifestyle Risk Users,1,Low Activity Moderate Social Users,1,High Stress Users,Heavy Daytime Social Media Users | Lifestyle Risk Users | Low Activity Moderate Social Users | High Stress Users
3063,train,1.1,7.8,2.0,0.1,medium,3.2,0,Light / Rested Users,0,Healthy Lifestyle Users,0,Socially Isolated Users,0,Low Stress Users,Light / Rested Users | Healthy Lifestyle Users | Socially Isolated Users | Low Stress Users
2306,train,1.4,6.7,1.9,1.4,low,3.6,0,Light / Rested Users,0,Healthy Lifestyle Users,0,Socially Isolated Users,0,Low Stress Users,Light / Rested Users | Healthy Lifestyle Users | Socially Isolated Users | Low Stress Users
387,train,2.3,5.6,2.9,1.0,high,2.72,2,Heavy Night Social Media Users,1,Lifestyle Risk Users,2,Moderately Social Users,0,Low Stress Users,Heavy Night Social Media Users | Lifestyle Risk Users | Moderately Social Users | Low Stress Users
1164,train,7.9,4.7,1.5,0.0,low,3.3,1,Heavy Daytime Social Media Users,1,Lifestyle Risk Users,0,Socially Isolated Users,1,High Stress Users,Heavy Daytime Social Media Users | Lifestyle Risk Users | Socially Isolated Users | High Stress Users
503,train,3.9,6.4,1.7,1.8,high,2.87,0,Light / Rested Users,0,Healthy Lifestyle Users,2,Moderately Social Users,0,Low Stress Users,Light / Rested Users | Healthy Lifestyle Users | Moderately Social Users | Low Stress Users
811,train,7.4,8.9,2.4,1.1,low,2.29,0,Light / Rested Users,1,Lifestyle Risk Users,0,Socially Isolated Users,1,High Stress Users,Light / Rested Users | Lifestyle Risk Users | Socially Isolated Users | High Stress Users
2184,train,2.1,8.0,1.0,0.1,low,3.36,0,Light / Rested Users,0,Healthy Lifestyle Users,0,Socially Isolated Users,0,Low Stress Users,Light / Rested Users | Healthy Lifestyle Users | Socially Isolated Users | Low Stress Users
3375,train,1.4,7.4,1.8,1.3,high,3.71,0,Light / Rested Users,0,Healthy Lifestyle Users,2,Moderately Social Users,0,Low Stress Users,Light / Rested Users | Healthy Lifestyle Users | Moderately Social Users | Low Stress Users
928,train,1.2,7.4,2.7,1.4,low,2.92,0,Light / Rested Users,0,Healthy Lifestyle Users,0,Socially Isolated Users,0,Low Stress Users,Light / Rested Users | Healthy Lifestyle Users | Socially Isolated Users | Low Stress Users
2450,train,5.0,6.3,1.9,0.4,medium,2.24,2,Heavy Night Social Media Users,1,Lifestyle Risk Users,1,Low Activity Moderate Social Users,1,High Stress Users,Heavy Night Social Media Users | Lifestyle Risk Users | Low Activity Moderate Social Users | High Stress Users
1931,train,4.3,5.1,2.9,1.2,medium,2.39,2,Heavy Night Social Media Users,1,Lifestyle Risk Users,2,Moderately Social Users,1,High Stress Users,Heavy Night Social Media Users | Lifestyle Risk Users | Moderately Social Users | High Stress Users
1235,train,7.5,5.3,2.0,0.1,high,2.35,2,Heavy Night Social Media Users,1,Lifestyle Risk Users,1,Low Activity Moderate Social Users,1,High Stress Users,Heavy Night Social Media Users | Lifestyle Risk Users | Low Activity Moderate Social Users | High Stress Users
3578,train,3.2,7.0,1.7,0.3,medium,3.08,0,Light / Rested Users,0,Healthy Lifestyle Users,1,Low Activity Moderate Social Users,0,Low Stress Users,Light / Rested Users | Healthy Lifestyle Users | Low Activity Moderate Social Users | Low Stress Users
2153,train,3.1,6.6,0.8,0.4,low,2.96,0,Light / Rested Users,0,Healthy Lifestyle Users,0,Socially Isolated Users,0,Low Stress Users,Light / Rested Users | Healthy Lifestyle Users | Socially Isolated Users | Low Stress Users
2675,train,1.6,6.7,2.3,0.7,medium,3.09,0,Light / Rested Users,0,Healthy Lifestyle Users,2,Moderately Social Users,0,Low Stress Users,Light / Rested Users | Healthy Lifestyle Users | Moderately Social Users | Low Stress Users
700,train,5.0,4.3,0.7,1.2,low,3.68,1,Heavy Daytime Social Media Users,0,Healthy Lifestyle Users,0,Socially Isolated Users,1,High Stress Users,Heavy Daytime Social Media Users | Healthy Lifestyle Users | Socially Isolated Users | High Stress Users
2536,train,4.8,4.7,2.7,0.7,high,2.26,2,Heavy Night Social Media Users,1,Lifestyle Risk Users,1,Low Activity Moderate Social Users,1,High Stress Users,Heavy Night Social Media Users | Lifestyle Risk Users | Low Activity Moderate Social Users | High Stress Users
2816,train,7.1,5.2,2.6,0.5,low,2.41,2,Heavy Night Social Media Users,1,Lifestyle Risk Users,0,Socially Isolated Users,1,High Stress Users,Heavy Night Social Media Users | Lifestyle Risk Users | Socially Isolated Users | High Stress Users
1301,train,5.7,5.0,2.5,0.7,low,2.84,2,Heavy Night Social Media Users,1,Lifestyle Risk Users,0,Socially Isolated Users,1,High Stress Users,Heavy Night Social Media Users | Lifestyle Risk Users | Socially Isolated Users | High Stress Users
1121,train,1.8,6.1,2.7,1.1,low,2.86,2,Heavy Night Social Media Users,0,Healthy Lifestyle Users,0,Socially Isolated Users,0,Low Stress Users,Heavy Night Social Media Users | Healthy Lifestyle Users | Socially Isolated Users | Low Stress Users
931,train,6.4,4.2,1.1,0.3,high,2.68,1,Heavy Daytime Social Media Users,1,Lifestyle Risk Users,1,Low Activity Moderate Social Users,1,High Stress Users,Heavy Daytime Social Media Users | Lifestyle Risk Users | Low Activity Moderate Social Users | High Stress Users
751,train,5.8,4.8,2.6,0.8,medium,2.08,2,Heavy Night Social Media Users,1,Lifestyle Risk Users,1,Low Activity Moderate Social Users,1,High Stress Users,Heavy Night Social Media Users | Lifestyle Risk Users | Low Activity Moderate Social Users | High Stress Users
2627,train,4.1,7.4,0.8,0.8,low,3.15,0,Light / Rested Users,0,Healthy Lifestyle Users,0,Socially Isolated Users,0,Low Stress Users,Light / Rested Users | Healthy Lifestyle Users | Socially Isolated Users | Low Stress Users
151,train,3.0,8.6,1.5,0.3,high,2.84,0,Light / Rested Users,0,Healthy Lifestyle Users,1,Low Activity Moderate Social Users,0,Low Stress Users,Light / Rested Users | Healthy Lifestyle Users | Low Activity Moderate Social Users | Low Stress Users
2237,train,2.3,6.6,1.1,0.4,high,3.09,0,Light / Rested Users,0,Healthy Lifestyle Users,2,Moderately Social Users,0,Low Stress Users,Light / Rested Users | Healthy Lifestyle Users | Moderately Social Users | Low Stress Users
3188,train,2.2,8.2,1.4,1.5,low,3.7,0,Light / Rested Users,0,Healthy Lifestyle Users,0,Socially Isolated Users,0,Low Stress Users,Light / Rested Users | Healthy Lifestyle Users | Socially Isolated Users | Low Stress Users
1271,train,6.3,5.1,1.5,0.7,high,2.27,1,Heavy Daytime Social Media Users,1,Lifestyle Risk Users,1,Low Activity Moderate Social Users,1,High Stress Users,Heavy Daytime Social Media Users | Lifestyle Risk Users | Low Activity Moderate Social Users | High Stress Users
166,train,7.3,8.9,2.7,1.9,low,3.68,0,Light / Rested Users,0,Healthy Lifestyle Users,0,Socially Isolated Users,1,High Stress Users,Light / Rested Users | Healthy Lifestyle Users | Socially Isolated Users | High Stress Users
1103,train,4.7,7.2,2.7,1.4,low,2.06,2,Heavy Night Social Media Users,1,Lifestyle Risk Users,0,Socially Isolated Users,0,Low Stress Users,Heavy Night Social Media Users | Lifestyle Risk Users | Socially Isolated Users | Low Stress Users
3523,train,6.3,5.6,1.8,1.9,low,2.41,1,Heavy Daytime Social Media Users,1,Lifestyle Risk Users,0,Socially Isolated Users,1,High Stress Users,Heavy Daytime Social Media Users | Lifestyle Risk Users | Socially Isolated Users | High Stress Users
1497,train,5.8,6.0,1.1,0.5,high,2.55,1,Heavy Daytime Social Media Users,1,Lifestyle Risk Users,1,Low Activity Moderate Social Users,1,High Stress Users,Heavy Daytime Social Media Users | Lifestyle Risk Users | Low Activity Moderate Social Users | High Stress Users
430,train,4.4,5.5,2.7,0.3,low,3.17,2,Heavy Night Social Media Users,1,Lifestyle Risk Users,0,Socially Isolated Users,0,Low Stress Users,Heavy Night Social Media Users | Lifestyle Risk Users | Socially Isolated Users | Low Stress Users
985,train,4.4,7.4,2.8,1.5,medium,3.28,0,Light / Rested Users,0,Healthy Lifestyle Users,2,Moderately Social Users,0,Low Stress Users,Light / Rested Users | Healthy Lifestyle Users | Moderately Social Users | Low Stress Users
224,train,1.4,6.1,1.6,1.2,high,2.56,0,Light / Rested Users,0,Healthy Lifestyle Users,2,Moderately Social Users,0,Low Stress Users,Light / Rested Users | Healthy Lifestyle Users | Moderately Social Users | Low Stress Users
1636,train,5.4,5.8,1.2,0.2,high,2.63,1,Heavy Daytime Social Media Users,1,Lifestyle Risk Users,1,Low Activity Moderate Social Users,1,High Stress Users,Heavy Daytime Social Media Users | Lifestyle Risk Users | Low Activity Moderate Social Users | High Stress Users
1029,train,7.2,7.0,2.3,0.7,low,3.74,2,Heavy Night Social Media Users,0,Healthy Lifestyle Users,0,Socially Isolated Users,1,High Stress Users,Heavy Night Social Media Users | Healthy Lifestyle Users | Socially Isolated Users | High Stress Users
3209,train,1.6,8.5,1.0,1.3,high,3.59,0,Light / Rested Users,0,Healthy Lifestyle Users,2,Moderately Social Users,0,Low Stress Users,Light / Rested Users | Healthy Lifestyle Users | Moderately Social Users | Low Stress Users
2424,train,7.2,4.2,2.2,0.8,medium,2.25,2,Heavy Night Social Media Users,1,Lifestyle Risk Users,1,Low Activity Moderate Social Users,1,High Stress Users,Heavy Night Social Media Users | Lifestyle Risk Users | Low Activity Moderate Social Users | High Stress Users
3697,train,6.3,5.0,1.6,1.2,high,2.35,1,Heavy Daytime Social Media Users,1,Lifestyle Risk Users,1,Low Activity Moderate Social Users,1,High Stress Users,Heavy Daytime Social Media Users | Lifestyle Risk Users | Low Activity Moderate Social Users | High Stress Users
739,train,6.3,8.4,1.6,1.5,medium,2.03,0,Light / Rested Users,1,Lifestyle Risk Users,1,Low Activity Moderate Social Users,0,Low Stress Users,Light / Rested Users | Lifestyle Risk Users | Low Activity Moderate Social Users | Low Stress Users
3618,train,3.0,7.7,0.6,0.8,low,3.47,0,Light / Rested Users,0,Healthy Lifestyle Users,0,Socially Isolated Users,0,Low Stress Users,Light / Rested Users | Healthy Lifestyle Users | Socially Isolated Users | Low Stress Users
2670,train,5.0,5.8,1.8,1.4,high,2.91,2,Heavy Night Social Media Users,1,Lifestyle Risk Users,2,Moderately Social Users,0,Low Stress Users,Heavy Night Social Media Users | Lifestyle Risk Users | Moderately Social Users | Low Stress Users
1682,train,3.5,6.5,2.1,1.3,high,3.0,0,Light / Rested Users,0,Healthy Lifestyle Users,2,Moderately Social Users,0,Low Stress Users,Light / Rested Users | Healthy Lifestyle Users | Moderately Social Users | Low Stress Users
3597,train,5.5,5.8,1.9,1.5,high,2.85,2,Heavy Night Social Media Users,1,Lifestyle Risk Users,2,Moderately Social Users,1,High Stress Users,Heavy Night Social Media Users | Lifestyle Risk Users | Moderately Social Users | High Stress Users
94,train,4.0,4.4,2.5,1.4,medium,3.6,2,Heavy Night Social Media Users,1,Lifestyle Risk Users,2,Moderately Social Users,1,High Stress Users,Heavy Night Social Media Users | Lifestyle Risk Users | Moderately Social Users | High Stress Users
1041,train,7.5,7.6,1.8,1.7,high,3.19,1,Heavy Daytime Social Media Users,0,Healthy Lifestyle Users,1,Low Activity Moderate Social Users,0,Low Stress Users,Heavy Daytime Social Media Users | Healthy Lifestyle Users | Low Activity Moderate Social Users | Low Stress Users
974,train,6.2,6.4,1.4,0.9,high,3.34,1,Heavy Daytime Social Media Users,0,Healthy Lifestyle Users,1,Low Activity Moderate Social Users,1,High Stress Users,Heavy Daytime Social Media Users | Healthy Lifestyle Users | Low Activity Moderate Social Users | High Stress Users
798,train,1.8,7.4,2.3,0.8,low,3.76,0,Light / Rested Users,0,Healthy Lifestyle Users,0,Socially Isolated Users,0,Low Stress Users,Light / Rested Users | Healthy Lifestyle Users | Socially Isolated Users | Low Stress Users
1972,train,4.6,7.1,0.9,1.8,medium,3.5,1,Heavy Daytime Social Media Users,0,Healthy Lifestyle Users,2,Moderately Social Users,0,Low Stress Users,Heavy Daytime Social Media Users | Healthy Lifestyle Users | Moderately Social Users | Low Stress Users
2931,train,2.4,7.1,0.8,1.2,low,3.51,0,Light / Rested Users,0,Healthy Lifestyle Users,0,Socially Isolated Users,0,Low Stress Users,Light / Rested Users | Healthy Lifestyle Users | Socially Isolated Users | Low Stress Users
2916,train,6.9,5.3,2.9,0.2,high,2.13,2,Heavy Night Social Media Users,1,Lifestyle Risk Users,1,Low Activity Moderate Social Users,1,High Stress Users,Heavy Night Social Media Users | Lifestyle Risk Users | Low Activity Moderate Social Users | High Stress Users
2394,train,5.4,5.7,1.6,0.6,medium,2.17,1,Heavy Daytime Social Media Users,1,Lifestyle Risk Users,1,Low Activity Moderate Social Users,1,High Stress Users,Heavy Daytime Social Media Users | Lifestyle Risk Users | Low Activity Moderate Social Users | High Stress Users
1607,train,1.6,7.7,2.2,0.5,high,3.98,0,Light / Rested Users,0,Healthy Lifestyle Users,2,Moderately Social Users,0,Low Stress Users,Light / Rested Users | Healthy Lifestyle Users | Moderately Social Users | Low Stress Users
1882,train,3.6,7.0,2.0,1.0,high,3.22,0,Light / Rested Users,0,Healthy Lifestyle Users,2,Moderately Social Users,0,Low Stress Users,Light / Rested Users | Healthy Lifestyle Users | Moderately Social Users | Low Stress Users
3295,train,1.9,6.3,2.9,0.4,low,3.12,2,Heavy Night Social Media Users,0,Healthy Lifestyle Users,0,Socially Isolated Users,0,Low Stress Users,Heavy Night Social Media Users | Healthy Lifestyle Users | Socially Isolated Users | Low Stress Users
3050,train,6.0,6.4,0.8,0.6,low,2.55,1,Heavy Daytime Social Media Users,1,Lifestyle Risk Users,0,Socially Isolated Users,1,High Stress Users,Heavy Daytime Social Media Users | Lifestyle Risk Users | Socially Isolated Users | High Stress Users
1747,train,7.6,4.9,2.2,1.0,medium,2.23,2,Heavy Night Social Media Users,1,Lifestyle Risk Users,1,Low Activity Moderate Social Users,1,High Stress Users,Heavy Night Social Media Users | Lifestyle Risk Users | Low Activity Moderate Social Users | High Stress Users
2701,train,7.8,5.7,0.9,1.2,high,2.0,1,Heavy Daytime Social Media Users,1,Lifestyle Risk Users,1,Low Activity Moderate Social Users,1,High Stress Users,Heavy Daytime Social Media Users | Lifestyle Risk Users | Low Activity Moderate Social Users | High Stress Users
443,train,6.4,5.4,1.4,1.9,medium,2.42,1,Heavy Daytime Social Media Users,1,Lifestyle Risk Users,2,Moderately Social Users,1,High Stress Users,Heavy Daytime Social Media Users | Lifestyle Risk Users | Moderately Social Users | High Stress Users
973,train,1.3,4.5,2.3,1.0,low,2.28,2,Heavy Night Social Media Users,1,Lifestyle Risk Users,0,Socially Isolated Users,0,Low Stress Users,Heavy Night Social Media Users | Lifestyle Risk Users | Socially Isolated Users | Low Stress Users
3478,train,1.5,7.7,1.9,1.3,medium,3.76,0,Light / Rested Users,0,Healthy Lifestyle Users,2,Moderately Social Users,0,Low Stress Users,Light / Rested Users | Healthy Lifestyle Users | Moderately Social Users | Low Stress Users
2503,train,3.8,5.6,2.8,0.8,medium,2.62,2,Heavy Night Social Media Users,1,Lifestyle Risk Users,1,Low Activity Moderate Social Users,1,High Stress Users,Heavy Night Social Media Users | Lifestyle Risk Users | Low Activity Moderate Social Users | High Stress Users
3240,train,7.6,5.6,2.8,1.2,medium,2.12,2,Heavy Night Social Media Users,1,Lifestyle Risk Users,1,Low Activity Moderate Social Users,1,High Stress Users,Heavy Night Social Media Users | Lifestyle Risk Users | Low Activity Moderate Social Users | High Stress Users
1270,train,2.5,6.6,1.2,1.2,high,3.48,0,Light / Rested Users,0,Healthy Lifestyle Users,2,Moderately Social Users,0,Low Stress Users,Light / Rested Users | Healthy Lifestyle Users | Moderately Social Users | Low Stress Users
773,train,2.0,5.9,2.9,1.1,high,3.52,2,Heavy Night Social Media Users,0,Healthy Lifestyle Users,2,Moderately Social Users,1,High Stress Users,Heavy Night Social Media Users | Healthy Lifestyle Users | Moderately Social Users | High Stress Users
1311,train,1.6,6.3,2.8,0.4,low,2.91,0,Light / Rested Users,0,Healthy Lifestyle Users,0,Socially Isolated Users,0,Low Stress Users,Light / Rested Users | Healthy Lifestyle Users | Socially Isolated Users | Low Stress Users
3280,train,2.2,7.6,1.3,0.3,low,3.57,0,Light / Rested Users,0,Healthy Lifestyle Users,0,Socially Isolated Users,0,Low Stress Users,Light / Rested Users | Healthy Lifestyle Users | Socially Isolated Users | Low Stress Users
1025,train,1.8,4.9,2.7,0.2,low,2.12,2,Heavy Night Social Media Users,1,Lifestyle Risk Users,0,Socially Isolated Users,0,Low Stress Users,Heavy Night Social Media Users | Lifestyle Risk Users | Socially Isolated Users | Low Stress Users
1663,train,7.1,4.4,2.9,0.6,low,2.25,2,Heavy Night Social Media Users,1,Lifestyle Risk Users,0,Socially Isolated Users,1,High Stress Users,Heavy Night Social Media Users | Lifestyle Risk Users | Socially Isolated Users | High Stress Users
783,train,8.0,6.9,2.2,1.6,low,2.36,2,Heavy Night Social Media Users,1,Lifestyle Risk Users,0,Socially Isolated Users,0,Low Stress Users,Heavy Night Social Media Users | Lifestyle Risk Users | Socially Isolated Users | Low Stress Users
2346,train,3.4,7.0,0.6,0.5,low,2.95,0,Light / Rested Users,0,Healthy Lifestyle Users,0,Socially Isolated Users,0,Low Stress Users,Light / Rested Users | Healthy Lifestyle Users | Socially Isolated Users | Low Stress Users
2975,train,4.1,5.8,2.2,1.2,low,2.97,2,Heavy Night Social Media Users,1,Lifestyle Risk Users,0,Socially Isolated Users,0,Low Stress Users,Heavy Night Social Media Users | Lifestyle Risk Users | Socially Isolated Users | Low Stress Users
944,train,3.6,6.5,1.1,1.1,low,3.65,0,Light / Rested Users,0,Healthy Lifestyle Users,0,Socially Isolated Users,1,High Stress Users,Light / Rested Users | Healthy Lifestyle Users | Socially Isolated Users | High Stress Users
1108,train,3.5,6.9,1.6,0.7,low,2.08,0,Light / Rested Users,1,Lifestyle Risk Users,0,Socially Isolated Users,1,High Stress Users,Light / Rested Users | Lifestyle Risk Users | Socially Isolated Users | High Stress Users
1343,train,7.1,6.0,0.9,1.0,medium,2.12,1,Heavy Daytime Social Media Users,1,Lifestyle Risk Users,1,Low Activity Moderate Social Users,1,High Stress Users,Heavy Daytime Social Media Users | Lifestyle Risk Users | Low Activity Moderate Social Users | High Stress Users
369,train,8.0,8.9,2.2,1.2,low,3.82,1,Heavy Daytime Social Media Users,0,Healthy Lifestyle Users,0,Socially Isolated Users,1,High Stress Users,Heavy Daytime Social Media Users | Healthy Lifestyle Users | Socially Isolated Users | High Stress Users
2743,train,2.9,7.9,2.0,1.9,medium,3.68,0,Light / Rested Users,0,Healthy Lifestyle Users,2,Moderately Social Users,0,Low Stress Users,Light / Rested Users | Healthy Lifestyle Users | Moderately Social Users | Low Stress Users
560,train,2.7,7.2,0.6,1.7,low,3.98,0,Light / Rested Users,0,Healthy Lifestyle Users,0,Socially Isolated Users,0,Low Stress Users,Light / Rested Users | Healthy Lifestyle Users | Socially Isolated Users | Low Stress Users
1298,train,2.6,7.3,0.9,1.9,high,3.57,0,Light / Rested Users,0,Healthy Lifestyle Users,2,Moderately Social Users,0,Low Stress Users,Light / Rested Users | Healthy Lifestyle Users | Moderately Social Users | Low Stress Users
971,train,6.9,6.2,0.6,0.2,low,2.37,1,Heavy Daytime Social Media Users,1,Lifestyle Risk Users,0,Socially Isolated Users,0,Low Stress Users,Heavy Daytime Social Media Users | Lifestyle Risk Users | Socially Isolated Users | Low Stress Users
3500,train,6.0,4.9,2.4,0.9,low,2.23,2,Heavy Night Social Media Users,1,Lifestyle Risk Users,0,Socially Isolated Users,1,High Stress Users,Heavy Night Social Media Users | Lifestyle Risk Users | Socially Isolated Users | High Stress Users
2460,train,6.8,5.3,1.8,1.0,high,2.0,1,Heavy Daytime Social Media Users,1,Lifestyle Risk Users,1,Low Activity Moderate Social Users,1,High Stress Users,Heavy Daytime Social Media Users | Lifestyle Risk Users | Low Activity Moderate Social Users | High Stress Users
1807,train,5.0,6.9,1.5,1.8,low,3.5,1,Heavy Daytime Social Media Users,0,Healthy Lifestyle Users,0,Socially Isolated Users,0,Low Stress Users,Heavy Daytime Social Media Users | Healthy Lifestyle Users | Socially Isolated Users | Low Stress Users
3018,train,4.2,6.1,0.9,1.4,medium,2.91,1,Heavy Daytime Social Media Users,0,Healthy Lifestyle Users,2,Moderately Social Users,0,Low Stress Users,Heavy Daytime Social Media Users | Healthy Lifestyle Users | Moderately Social Users | Low Stress Users
1561,train,2.5,7.5,1.8,1.5,medium,2.91,0,Light / Rested Users,0,Healthy Lifestyle Users,2,Moderately Social Users,0,Low Stress Users,Light / Rested Users | Healthy Lifestyle Users | Moderately Social Users | Low Stress Users
2032,train,4.6,4.7,2.8,0.5,high,2.31,2,Heavy Night Social Media Users,1,Lifestyle Risk Users,1,Low Activity Moderate Social Users,1,High Stress Users,Heavy Night Social Media Users | Lifestyle Risk Users | Low Activity Moderate Social Users | High Stress Users
3283,train,2.1,8.3,0.9,1.4,high,4.0,0,Light / Rested Users,0,Healthy Lifestyle Users,2,Moderately Social Users,0,Low Stress Users,Light / Rested Users | Healthy Lifestyle Users | Moderately Social Users | Low Stress Users
2928,train,5.1,6.6,1.1,1.3,high,2.99,1,Heavy Daytime Social Media Users,0,Healthy Lifestyle Users,2,Moderately Social Users,0,Low Stress Users,Heavy Daytime Social Media Users | Healthy Lifestyle Users | Moderately Social Users | Low Stress Users
194,train,4.1,8.0,1.7,1.4,low,2.29,0,Light / Rested Users,0,Healthy Lifestyle Users,0,Socially Isolated Users,0,Low Stress Users,Light / Rested Users | Healthy Lifestyle Users | Socially Isolated Users | Low Stress Users
691,train,8.0,5.7,1.3,0.1,high,3.54,1,Heavy Daytime Social Media Users,1,Lifestyle Risk Users,1,Low Activity Moderate Social Users,1,High Stress Users,Heavy Daytime Social Media Users | Lifestyle Risk Users | Low Activity Moderate Social Users | High Stress Users
878,train,1.2,4.8,1.7,0.6,medium,2.16,0,Light / Rested Users,1,Lifestyle Risk Users,2,Moderately Social Users,1,High Stress Users,Light / Rested Users | Lifestyle Risk Users | Moderately Social Users | High Stress Users
1424,train,5.5,5.9,1.5,0.7,low,2.65,1,Heavy Daytime Social Media Users,1,Lifestyle Risk Users,0,Socially Isolated Users,1,High Stress Users,Heavy Daytime Social Media Users | Lifestyle Risk Users | Socially Isolated Users | High Stress Users
886,train,3.9,7.9,2.1,0.6,high,3.52,0,Light / Rested Users,0,Healthy Lifestyle Users,1,Low Activity Moderate Social Users,0,Low Stress Users,Light / Rested Users | Healthy Lifestyle Users | Low Activity Moderate Social Users | Low Stress Users
80,train,7.4,7.5,2.3,0.9,high,2.39,2,Heavy Night Social Media Users,1,Lifestyle Risk Users,1,Low Activity Moderate Social Users,0,Low Stress Users,Heavy Night Social Media Users | Lifestyle Risk Users | Low Activity Moderate Social Users | Low Stress Users
861,train,6.8,6.6,2.1,1.7,low,3.43,2,Heavy Night Social Media Users,0,Healthy Lifestyle Users,0,Socially Isolated Users,1,High Stress Users,Heavy Night Social Media Users | Healthy Lifestyle Users | Socially Isolated Users | High Stress Users
1069,train,2.9,5.3,1.0,1.7,high,3.89,1,Heavy Daytime Social Media Users,0,Healthy Lifestyle Users,2,Moderately Social Users,0,Low Stress Users,Heavy Daytime Social Media Users | Healthy Lifestyle Users | Moderately Social Users | Low Stress Users
779,train,7.8,6.8,0.6,1.7,medium,3.2,1,Heavy Daytime Social Media Users,0,Healthy Lifestyle Users,1,Low Activity Moderate Social Users,1,High Stress Users,Heavy Daytime Social Media Users | Healthy Lifestyle Users | Low Activity Moderate Social Users | High Stress Users
2295,train,1.3,7.0,1.2,1.7,high,3.76,0,Light / Rested Users,0,Healthy Lifestyle Users,2,Moderately Social Users,0,Low Stress Users,Light / Rested Users | Healthy Lifestyle Users | Moderately Social Users | Low Stress Users
284,train,1.8,8.2,2.2,1.7,high,3.36,0,Light / Rested Users,0,Healthy Lifestyle Users,2,Moderately Social Users,0,Low Stress Users,Light / Rested Users | Healthy Lifestyle Users | Moderately Social Users | Low Stress Users
1918,train,6.7,6.5,0.8,0.4,medium,2.48,1,Heavy Daytime Social Media Users,1,Lifestyle Risk Users,1,Low Activity Moderate Social Users,1,High Stress Users,Heavy Daytime Social Media Users | Lifestyle Risk Users | Low Activity Moderate Social Users | High Stress Users
3430,train,4.8,6.7,1.5,1.5,medium,3.21,1,Heavy Daytime Social Media Users,0,Healthy Lifestyle Users,2,Moderately Social Users,0,Low Stress Users,Heavy Daytime Social Media Users | Healthy Lifestyle Users | Moderately Social Users | Low Stress Users
3179,train,5.4,5.7,1.7,0.7,low,2.44,1,Heavy Daytime Social Media Users,1,Lifestyle Risk Users,0,Socially Isolated Users,1,High Stress Users,Heavy Daytime Social Media Users | Lifestyle Risk Users | Socially Isolated Users | High Stress Users
2790,train,7.5,5.3,1.6,1.6,low,2.46,1,Heavy Daytime Social Media Users,1,Lifestyle Risk Users,0,Socially Isolated Users,1,High Stress Users,Heavy Daytime Social Media Users | Lifestyle Risk Users | Socially Isolated Users | High Stress Users
1584,train,1.6,6.4,2.5,1.7,medium,3.85,0,Light / Rested Users,0,Healthy Lifestyle Users,2,Moderately Social Users,0,Low Stress Users,Light / Rested Users | Healthy Lifestyle Users | Moderately Social Users | Low Stress Users
3079,train,3.1,6.1,2.5,1.9,high,3.43,2,Heavy Night Social Media Users,0,Healthy Lifestyle Users,2,Moderately Social Users,0,Low Stress Users,Heavy Night Social Media Users | Healthy Lifestyle Users | Moderately Social Users | Low Stress Users
1520,train,3.8,6.6,0.8,0.9,high,2.85,1,Heavy Daytime Social Media Users,0,Healthy Lifestyle Users,2,Moderately Social Users,0,Low Stress Users,Heavy Daytime Social Media Users | Healthy Lifestyle Users | Moderately Social Users | Low Stress Users
124,train,5.7,5.8,2.8,0.5,medium,2.17,2,Heavy Night Social Media Users,1,Lifestyle Risk Users,1,Low Activity Moderate Social Users,1,High Stress Users,Heavy Night Social Media Users | Lifestyle Risk Users | Low Activity Moderate Social Users | High Stress Users
1215,train,3.9,6.7,1.9,0.3,low,2.88,0,Light / Rested Users,0,Healthy Lifestyle Users,0,Socially Isolated Users,0,Low Stress Users,Light / Rested Users | Healthy Lifestyle Users | Socially Isolated Users | Low Stress Users
2580,train,1.1,8.5,0.8,1.9,low,3.6,0,Light / Rested Users,0,Healthy Lifestyle Users,2,Moderately Social Users,0,Low Stress Users,Light / Rested Users | Healthy Lifestyle Users | Moderately Social Users | Low Stress Users
3399,train,1.4,6.1,3.0,1.2,low,3.68,2,Heavy Night Social Media Users,0,Healthy Lifestyle Users,0,Socially Isolated Users,0,Low Stress Users,Heavy Night Social Media Users | Healthy Lifestyle Users | Socially Isolated Users | Low Stress Users
3137,train,1.1,9.0,0.6,0.3,high,3.51,0,Light / Rested Users,0,Healthy Lifestyle Users,2,Moderately Social Users,0,Low Stress Users,Light / Rested Users | Healthy Lifestyle Users | Moderately Social Users | Low Stress Users
3488,train,1.4,7.2,2.3,1.5,high,3.42,0,Light / Rested Users,0,Healthy Lifestyle Users,2,Moderately Social Users,0,Low Stress Users,Light / Rested Users | Healthy Lifestyle Users | Moderately Social Users | Low Stress Users
2103,train,4.8,7.0,0.7,0.9,low,3.07,1,Heavy Daytime Social Media Users,0,Healthy Lifestyle Users,0,Socially Isolated Users,0,Low Stress Users,Heavy Daytime Social Media Users | Healthy Lifestyle Users | Socially Isolated Users | Low Stress Users
3696,train,7.4,4.0,2.6,1.4,medium,2.32,2,Heavy Night Social Media Users,1,Lifestyle Risk Users,1,Low Activity Moderate Social Users,1,High Stress Users,Heavy Night Social Media Users | Lifestyle Risk Users | Low Activity Moderate Social Users | High Stress Users
3555,train,2.8,5.5,2.9,0.4,low,2.64,2,Heavy Night Social Media Users,1,Lifestyle Risk Users,0,Socially Isolated Users,1,High Stress Users,Heavy Night Social Media Users | Lifestyle Risk Users | Socially Isolated Users | High Stress Users
2509,train,5.7,6.6,1.8,0.8,medium,2.66,1,Heavy Daytime Social Media Users,1,Lifestyle Risk Users,1,Low Activity Moderate Social Users,1,High Stress Users,Heavy Daytime Social Media Users | Lifestyle Risk Users | Low Activity Moderate Social Users | High Stress Users
229,train,1.9,7.8,2.1,0.3,high,2.26,0,Light / Rested Users,0,Healthy Lifestyle Users,2,Moderately Social Users,0,Low Stress Users,Light / Rested Users | Healthy Lifestyle Users | Moderately Social Users | Low Stress Users
2177,train,1.6,5.6,2.2,1.2,low,3.31,0,Light / Rested Users,0,Healthy Lifestyle Users,0,Socially Isolated Users,0,Low Stress Users,Light / Rested Users | Healthy Lifestyle Users | Socially Isolated Users | Low Stress Users
3593,train,2.9,6.4,2.1,1.0,high,2.75,0,Light / Rested Users,0,Healthy Lifestyle Users,2,Moderately Social Users,0,Low Stress Users,Light / Rested Users | Healthy Lifestyle Users | Moderately Social Users | Low Stress Users
2330,train,6.6,5.5,1.5,1.5,medium,2.59,1,Heavy Daytime Social Media Users,1,Lifestyle Risk Users,1,Low Activity Moderate Social Users,1,High Stress Users,Heavy Daytime Social Media Users | Lifestyle Risk Users | Low Activity Moderate Social Users | High Stress Users
403,train,7.6,5.9,2.0,1.5,medium,2.52,2,Heavy Night Social Media Users,1,Lifestyle Risk Users,1,Low Activity Moderate Social Users,1,High Stress Users,Heavy Night Social Media Users | Lifestyle Risk Users | Low Activity Moderate Social Users | High Stress Users
3332,train,3.8,6.5,1.5,0.6,medium,2.99,0,Light / Rested Users,0,Healthy Lifestyle Users,1,Low Activity Moderate Social Users,0,Low Stress Users,Light / Rested Users | Healthy Lifestyle Users | Low Activity Moderate Social Users | Low Stress Users
173,train,4.7,8.2,1.8,1.0,low,2.26,0,Light / Rested Users,0,Healthy Lifestyle Users,0,Socially Isolated Users,0,Low Stress Users,Light / Rested Users | Healthy Lifestyle Users | Socially Isolated Users | Low Stress Users
1390,train,4.5,5.1,2.4,0.2,medium,2.91,2,Heavy Night Social Media Users,1,Lifestyle Risk Users,1,Low Activity Moderate Social Users,1,High Stress Users,Heavy Night Social Media Users | Lifestyle Risk Users | Low Activity Moderate Social Users | High Stress Users
3689,train,1.3,7.7,2.3,0.7,low,3.86,0,Light / Rested Users,0,Healthy Lifestyle Users,0,Socially Isolated Users,0,Low Stress Users,Light / Rested Users | Healthy Lifestyle Users | Socially Isolated Users | Low Stress Users
1591,train,1.9,7.7,0.5,1.2,low,3.57,0,Light / Rested Users,0,Healthy Lifestyle Users,0,Socially Isolated Users,0,Low Stress Users,Light / Rested Users | Healthy Lifestyle Users | Socially Isolated Users | Low Stress Users
2942,train,5.1,6.1,1.7,1.9,low,3.13,1,Heavy Daytime Social Media Users,0,Healthy Lifestyle Users,0,Socially Isolated Users,0,Low Stress Users,Heavy Daytime Social Media Users | Healthy Lifestyle Users | Socially Isolated Users | Low Stress Users
2912,train,2.3,8.2,1.4,0.3,medium,3.3,0,Light / Rested Users,0,Healthy Lifestyle Users,0,Socially Isolated Users,0,Low Stress Users,Light / Rested Users | Healthy Lifestyle Users | Socially Isolated Users | Low Stress Users
172,train,1.3,5.8,1.3,1.9,medium,3.35,0,Light / Rested Users,0,Healthy Lifestyle Users,2,Moderately Social Users,0,Low Stress Users,Light / Rested Users | Healthy Lifestyle Users | Moderately Social Users | Low Stress Users
1415,train,6.1,4.8,2.8,0.5,low,2.0,2,Heavy Night Social Media Users,1,Lifestyle Risk Users,0,Socially Isolated Users,1,High Stress Users,Heavy Night Social Media Users | Lifestyle Risk Users | Socially Isolated Users | High Stress Users
1572,train,7.4,5.8,1.3,1.7,low,2.12,1,Heavy Daytime Social Media Users,1,Lifestyle Risk Users,0,Socially Isolated Users,1,High Stress Users,Heavy Daytime Social Media Users | Lifestyle Risk Users | Socially Isolated Users | High Stress Users
51,train,4.5,4.1,1.9,0.1,medium,3.42,2,Heavy Night Social Media Users,1,Lifestyle Risk Users,1,Low Activity Moderate Social Users,1,High Stress Users,Heavy Night Social Media Users | Lifestyle Risk Users | Low Activity Moderate Social Users | High Stress Users
1425,train,1.7,6.8,2.7,1.3,medium,3.93,0,Light / Rested Users,0,Healthy Lifestyle Users,2,Moderately Social Users,0,Low Stress Users,Light / Rested Users | Healthy Lifestyle Users | Moderately Social Users | Low Stress Users
647,train,5.3,6.0,1.0,0.7,high,2.92,1,Heavy Daytime Social Media Users,1,Lifestyle Risk Users,1,Low Activity Moderate Social Users,1,High Stress Users,Heavy Daytime Social Media Users | Lifestyle Risk Users | Low Activity Moderate Social Users | High Stress Users
294,train,3.7,5.3,0.7,0.8,high,2.09,1,Heavy Daytime Social Media Users,1,Lifestyle Risk Users,1,Low Activity Moderate Social Users,1,High Stress Users,Heavy Daytime Social Media Users | Lifestyle Risk Users | Low Activity Moderate Social Users | High Stress Users
1181,train,4.1,6.7,2.1,0.1,medium,2.5,0,Light / Rested Users,1,Lifestyle Risk Users,1,Low Activity Moderate Social Users,0,Low Stress Users,Light / Rested Users | Lifestyle Risk Users | Low Activity Moderate Social Users | Low Stress Users
1016,train,2.3,8.7,0.6,1.9,high,2.76,0,Light / Rested Users,0,Healthy Lifestyle Users,2,Moderately Social Users,0,Low Stress Users,Light / Rested Users | Healthy Lifestyle Users | Moderately Social Users | Low Stress Users
2347,train,7.4,4.5,2.6,1.1,low,2.0,2,Heavy Night Social Media Users,1,Lifestyle Risk Users,0,Socially Isolated Users,1,High Stress Users,Heavy Night Social Media Users | Lifestyle Risk Users | Socially Isolated Users | High Stress Users
65,train,2.7,8.0,2.6,1.9,high,3.53,0,Light / Rested Users,0,Healthy Lifestyle Users,2,Moderately Social Users,0,Low Stress Users,Light / Rested Users | Healthy Lifestyle Users | Moderately Social Users | Low Stress Users
164,train,6.8,7.2,2.5,0.5,medium,3.61,2,Heavy Night Social Media Users,0,Healthy Lifestyle Users,1,Low Activity Moderate Social Users,1,High Stress Users,Heavy Night Social Media Users | Healthy Lifestyle Users | Low Activity Moderate Social Users | High Stress Users
1571,train,5.0,5.6,1.5,0.4,high,2.64,1,Heavy Daytime Social Media Users,1,Lifestyle Risk Users,1,Low Activity Moderate Social Users,1,High Stress Users,Heavy Daytime Social Media Users | Lifestyle Risk Users | Low Activity Moderate Social Users | High Stress Users
1080,train,7.0,7.4,2.6,1.0,medium,2.92,2,Heavy Night Social Media Users,1,Lifestyle Risk Users,1,Low Activity Moderate Social Users,1,High Stress Users,Heavy Night Social Media Users | Lifestyle Risk Users | Low Activity Moderate Social Users | High Stress Users
2838,train,5.5,5.8,1.9,1.9,medium,3.03,2,Heavy Night Social Media Users,1,Lifestyle Risk Users,2,Moderately Social Users,1,High Stress Users,Heavy Night Social Media Users | Lifestyle Risk Users | Moderately Social Users | High Stress Users
2337,train,4.9,6.0,1.8,1.4,high,2.59,1,Heavy Daytime Social Media Users,1,Lifestyle Risk Users,2,Moderately Social Users,0,Low Stress Users,Heavy Daytime Social Media Users | Lifestyle Risk Users | Moderately Social Users | Low Stress Users
957,train,4.7,8.0,1.1,0.2,low,2.37,0,Light / Rested Users,0,Healthy Lifestyle Users,0,Socially Isolated Users,1,High Stress Users,Light / Rested Users | Healthy Lifestyle Users | Socially Isolated Users | High Stress Users
2401,train,1.4,9.0,0.9,0.8,medium,3.6,0,Light / Rested Users,0,Healthy Lifestyle Users,2,Moderately Social Users,0,Low Stress Users,Light / Rested Users | Healthy Lifestyle Users | Moderately Social Users | Low Stress Users
1059,train,1.1,6.7,2.0,0.2,medium,3.63,0,Light / Rested Users,0,Healthy Lifestyle Users,2,Moderately Social Users,0,Low Stress Users,Light / Rested Users | Healthy Lifestyle Users | Moderately Social Users | Low Stress Users
1206,train,5.6,5.3,2.4,0.4,medium,2.04,2,Heavy Night Social Media Users,1,Lifestyle Risk Users,1,Low Activity Moderate Social Users,1,High Stress Users,Heavy Night Social Media Users | Lifestyle Risk Users | Low Activity Moderate Social Users | High Stress Users
3408,train,3.0,5.6,2.2,0.1,high,3.16,2,Heavy Night Social Media Users,0,Healthy Lifestyle Users,1,Low Activity Moderate Social Users,0,Low Stress Users,Heavy Night Social Media Users | Healthy Lifestyle Users | Low Activity Moderate Social Users | Low Stress Users
1484,train,4.3,5.8,2.5,0.9,low,2.96,2,Heavy Night Social Media Users,1,Lifestyle Risk Users,0,Socially Isolated Users,1,High Stress Users,Heavy Night Social Media Users | Lifestyle Risk Users | Socially Isolated Users | High Stress Users
3609,train,1.3,6.7,1.4,1.0,low,3.62,0,Light / Rested Users,0,Healthy Lifestyle Users,0,Socially Isolated Users,0,Low Stress Users,Light / Rested Users | Healthy Lifestyle Users | Socially Isolated Users | Low Stress Users
2637,train,7.0,6.3,0.8,1.1,low,2.58,1,Heavy Daytime Social Media Users,1,Lifestyle Risk Users,0,Socially Isolated Users,1,High Stress Users,Heavy Daytime Social Media Users | Lifestyle Risk Users | Socially Isolated Users | High Stress Users
3130,train,7.7,6.1,0.6,0.6,low,2.19,1,Heavy Daytime Social Media Users,1,Lifestyle Risk Users,0,Socially Isolated Users,1,High Stress Users,Heavy Daytime Social Media Users | Lifestyle Risk Users | Socially Isolated Users | High Stress Users
1380,train,4.0,7.1,2.0,0.4,medium,3.18,0,Light / Rested Users,0,Healthy Lifestyle Users,1,Low Activity Moderate Social Users,0,Low Stress Users,Light / Rested Users | Healthy Lifestyle Users | Low Activity Moderate Social Users | Low Stress Users
487,train,6.4,7.8,0.7,0.7,high,2.6,1,Heavy Daytime Social Media Users,0,Healthy Lifestyle Users,1,Low Activity Moderate Social Users,0,Low Stress Users,Heavy Daytime Social Media Users | Healthy Lifestyle Users | Low Activity Moderate Social Users | Low Stress Users
3605,train,7.7,4.9,2.1,0.4,high,2.17,2,Heavy Night Social Media Users,1,Lifestyle Risk Users,1,Low Activity Moderate Social Users,1,High Stress Users,Heavy Night Social Media Users | Lifestyle Risk Users | Low Activity Moderate Social Users | High Stress Users
2772,train,2.9,7.9,1.3,1.6,low,3.09,0,Light / Rested Users,0,Healthy Lifestyle Users,0,Socially Isolated Users,0,Low Stress Users,Light / Rested Users | Healthy Lifestyle Users | Socially Isolated Users | Low Stress Users
156,train,1.3,4.5,0.7,0.8,low,2.51,1,Heavy Daytime Social Media Users,1,Lifestyle Risk Users,0,Socially Isolated Users,1,High Stress Users,Heavy Daytime Social Media Users | Lifestyle Risk Users | Socially Isolated Users | High Stress Users
3640,train,4.3,6.1,2.5,1.0,low,2.77,2,Heavy Night Social Media Users,1,Lifestyle Risk Users,0,Socially Isolated Users,1,High Stress Users,Heavy Night Social Media Users | Lifestyle Risk Users | Socially Isolated Users | High Stress Users
3225,train,3.4,6.2,1.9,1.4,high,3.27,0,Light / Rested Users,0,Healthy Lifestyle Users,2,Moderately Social Users,0,Low Stress Users,Light / Rested Users | Healthy Lifestyle Users | Moderately Social Users | Low Stress Users
2147,train,5.2,7.3,1.0,0.5,medium,2.98,1,Heavy Daytime Social Media Users,0,Healthy Lifestyle Users,1,Low Activity Moderate Social Users,0,Low Stress Users,Heavy Daytime Social Media Users | Healthy Lifestyle Users | Low Activity Moderate Social Users | Low Stress Users
2303,train,7.5,5.6,1.4,0.5,high,2.25,1,Heavy Daytime Social Media Users,1,Lifestyle Risk Users,1,Low Activity Moderate Social Users,1,High Stress Users,Heavy Daytime Social Media Users | Lifestyle Risk Users | Low Activity Moderate Social Users | High Stress Users
3076,train,7.8,4.0,2.1,1.5,medium,2.28,2,Heavy Night Social Media Users,1,Lifestyle Risk Users,1,Low Activity Moderate Social Users,1,High Stress Users,Heavy Night Social Media Users | Lifestyle Risk Users | Low Activity Moderate Social Users | High Stress Users
2297,train,4.9,5.9,2.5,1.4,medium,2.77,2,Heavy Night Social Media Users,1,Lifestyle Risk Users,2,Moderately Social Users,1,High Stress Users,Heavy Night Social Media Users | Lifestyle Risk Users | Moderately Social Users | High Stress Users
3231,train,6.5,5.5,2.2,0.3,high,2.44,2,Heavy Night Social Media Users,1,Lifestyle Risk Users,1,Low Activity Moderate Social Users,1,High Stress Users,Heavy Night Social Media Users | Lifestyle Risk Users | Low Activity Moderate Social Users | High Stress Users
1441,train,4.8,5.2,1.4,1.1,low,2.27,1,Heavy Daytime Social Media Users,1,Lifestyle Risk Users,0,Socially Isolated Users,1,High Stress Users,Heavy Daytime Social Media Users | Lifestyle Risk Users | Socially Isolated Users | High Stress Users
1344,train,1.7,8.1,1.4,2.0,medium,4.0,0,Light / Rested Users,0,Healthy Lifestyle Users,2,Moderately Social Users,0,Low Stress Users,Light / Rested Users | Healthy Lifestyle Users | Moderately Social Users | Low Stress Users
1331,train,6.8,4.9,2.0,1.2,medium,2.79,2,Heavy Night Social Media Users,1,Lifestyle Risk Users,1,Low Activity Moderate Social Users,1,High Stress Users,Heavy Night Social Media Users | Lifestyle Risk Users | Low Activity Moderate Social Users | High Stress Users
1279,train,5.0,6.8,1.0,1.0,high,2.71,1,Heavy Daytime Social Media Users,0,Healthy Lifestyle Users,1,Low Activity Moderate Social Users,0,Low Stress Users,Heavy Daytime Social Media Users | Healthy Lifestyle Users | Low Activity Moderate Social Users | Low Stress Users
2155,train,5.2,6.2,1.8,0.3,high,2.91,1,Heavy Daytime Social Media Users,1,Lifestyle Risk Users,1,Low Activity Moderate Social Users,1,High Stress Users,Heavy Daytime Social Media Users | Lifestyle Risk Users | Low Activity Moderate Social Users | High Stress Users
2499,train,3.1,6.5,1.9,0.7,high,2.88,0,Light / Rested Users,0,Healthy Lifestyle Users,2,Moderately Social Users,0,Low Stress Users,Light / Rested Users | Healthy Lifestyle Users | Moderately Social Users | Low Stress Users
3173,train,4.2,5.9,2.5,1.7,medium,3.16,2,Heavy Night Social Media Users,0,Healthy Lifestyle Users,2,Moderately Social Users,0,Low Stress Users,Heavy Night Social Media Users | Healthy Lifestyle Users | Moderately Social Users | Low Stress Users
1994,train,3.2,6.4,2.0,1.6,low,3.41,0,Light / Rested Users,0,Healthy Lifestyle Users,0,Socially Isolated Users,0,Low Stress Users,Light / Rested Users | Healthy Lifestyle Users | Socially Isolated Users | Low Stress Users
2530,train,7.8,4.3,2.2,1.7,high,2.39,2,Heavy Night Social Media Users,1,Lifestyle Risk Users,1,Low Activity Moderate Social Users,1,High Stress Users,Heavy Night Social Media Users | Lifestyle Risk Users | Low Activity Moderate Social Users | High Stress Users
827,train,3.5,4.6,0.7,1.0,low,2.74,1,Heavy Daytime Social Media Users,1,Lifestyle Risk Users,0,Socially Isolated Users,0,Low Stress Users,Heavy Daytime Social Media Users | Lifestyle Risk Users | Socially Isolated Users | Low Stress Users
599,train,7.9,8.0,1.6,1.5,high,3.47,1,Heavy Daytime Social Media Users,0,Healthy Lifestyle Users,1,Low Activity Moderate Social Users,0,Low Stress Users,Heavy Daytime Social Media Users | Healthy Lifestyle Users | Low Activity Moderate Social Users | Low Stress Users
216,train,7.5,8.1,2.5,1.2,medium,3.56,2,Heavy Night Social Media Users,0,Healthy Lifestyle Users,1,Low Activity Moderate Social Users,1,High Stress Users,Heavy Night Social Media Users | Healthy Lifestyle Users | Low Activity Moderate Social Users | High Stress Users
53,train,5.8,8.5,2.3,1.9,high,3.3,0,Light / Rested Users,0,Healthy Lifestyle Users,2,Moderately Social Users,0,Low Stress Users,Light / Rested Users | Healthy Lifestyle Users | Moderately Social Users | Low Stress Users
2501,train,2.2,7.9,0.5,1.7,low,3.64,0,Light / Rested Users,0,Healthy Lifestyle Users,0,Socially Isolated Users,0,Low Stress Users,Light / Rested Users | Healthy Lifestyle Users | Socially Isolated Users | Low Stress Users
730,train,4.0,7.4,2.7,1.4,medium,3.41,0,Light / Rested Users,0,Healthy Lifestyle Users,2,Moderately Social Users,0,Low Stress Users,Light / Rested Users | Healthy Lifestyle Users | Moderately Social Users | Low Stress Users
1973,train,4.1,6.3,2.5,1.1,medium,3.16,2,Heavy Night Social Media Users,0,Healthy Lifestyle Users,2,Moderately Social Users,0,Low Stress Users,Heavy Night Social Media Users | Healthy Lifestyle Users | Moderately Social Users | Low Stress Users
1515,train,1.4,6.7,2.9,0.0,low,3.37,0,Light / Rested Users,0,Healthy Lifestyle Users,0,Socially Isolated Users,0,Low Stress Users,Light / Rested Users | Healthy Lifestyle Users | Socially Isolated Users | Low Stress Users
2375,train,6.9,5.3,1.0,0.4,high,2.13,1,Heavy Daytime Social Media Users,1,Lifestyle Risk Users,1,Low Activity Moderate Social Users,1,High Stress Users,Heavy Daytime Social Media Users | Lifestyle Risk Users | Low Activity Moderate Social Users | High Stress Users
907,train,5.2,4.7,2.4,1.3,high,2.77,2,Heavy Night Social Media Users,1,Lifestyle Risk Users,2,Moderately Social Users,1,High Stress Users,Heavy Night Social Media Users | Lifestyle Risk Users | Moderately Social Users | High Stress Users
3227,train,5.8,6.9,0.8,1.0,low,2.76,1,Heavy Daytime Social Media Users,1,Lifestyle Risk Users,0,Socially Isolated Users,1,High Stress Users,Heavy Daytime Social Media Users | Lifestyle Risk Users | Socially Isolated Users | High Stress Users
571,train,7.2,6.6,2.9,0.3,medium,2.74,2,Heavy Night Social Media Users,1,Lifestyle Risk Users,1,Low Activity Moderate Social Users,1,High Stress Users,Heavy Night Social Media Users | Lifestyle Risk Users | Low Activity Moderate Social Users | High Stress Users
1850,train,5.7,6.7,1.6,2.0,high,2.89,1,Heavy Daytime Social Media Users,0,Healthy Lifestyle Users,2,Moderately Social Users,1,High Stress Users,Heavy Daytime Social Media Users | Healthy Lifestyle Users | Moderately Social Users | High Stress Users
1000,train,5.5,5.7,2.3,1.3,medium,3.05,2,Heavy Night Social Media Users,1,Lifestyle Risk Users,1,Low Activity Moderate Social Users,1,High Stress Users,Heavy Night Social Media Users | Lifestyle Risk Users | Low Activity Moderate Social Users | High Stress Users
3535,train,5.3,5.9,1.1,0.2,medium,2.6,1,Heavy Daytime Social Media Users,1,Lifestyle Risk Users,1,Low Activity Moderate Social Users,1,High Stress Users,Heavy Daytime Social Media Users | Lifestyle Risk Users | Low Activity Moderate Social Users | High Stress Users
860,train,3.5,4.5,2.7,1.4,low,2.47,2,Heavy Night Social Media Users,1,Lifestyle Risk Users,0,Socially Isolated Users,0,Low Stress Users,Heavy Night Social Media Users | Lifestyle Risk Users | Socially Isolated Users | Low Stress Users
1405,train,5.8,4.7,2.5,0.7,high,2.33,2,Heavy Night Social Media Users,1,Lifestyle Risk Users,1,Low Activity Moderate Social Users,1,High Stress Users,Heavy Night Social Media Users | Lifestyle Risk Users | Low Activity Moderate Social Users | High Stress Users
1935,train,6.9,5.3,1.8,0.7,high,2.0,1,Heavy Daytime Social Media Users,1,Lifestyle Risk Users,1,Low Activity Moderate Social Users,1,High Stress Users,Heavy Daytime Social Media Users | Lifestyle Risk Users | Low Activity Moderate Social Users | High Stress Users
1753,train,5.7,5.6,1.9,1.2,low,2.43,2,Heavy Night Social Media Users,1,Lifestyle Risk Users,0,Socially Isolated Users,1,High Stress Users,Heavy Night Social Media Users | Lifestyle Risk Users | Socially Isolated Users | High Stress Users
1626,train,4.9,5.8,1.6,1.8,low,2.89,1,Heavy Daytime Social Media Users,1,Lifestyle Risk Users,0,Socially Isolated Users,0,Low Stress Users,Heavy Daytime Social Media Users | Lifestyle Risk Users | Socially Isolated Users | Low Stress Users
2288,train,4.0,6.1,2.8,0.5,high,2.83,2,Heavy Night Social Media Users,1,Lifestyle Risk Users,1,Low Activity Moderate Social Users,0,Low Stress Users,Heavy Night Social Media Users | Lifestyle Risk Users | Low Activity Moderate Social Users | Low Stress Users
592,train,2.0,8.6,2.2,1.9,low,3.53,0,Light / Rested Users,0,Healthy Lifestyle Users,0,Socially Isolated Users,0,Low Stress Users,Light / Rested Users | Healthy Lifestyle Users | Socially Isolated Users | Low Stress Users
2242,train,6.2,6.0,1.4,0.9,high,2.61,1,Heavy Daytime Social Media Users,1,Lifestyle Risk Users,1,Low Activity Moderate Social Users,1,High Stress Users,Heavy Daytime Social Media Users | Lifestyle Risk Users | Low Activity Moderate Social Users | High Stress Users
3474,train,2.1,7.1,2.0,1.6,medium,4.0,0,Light / Rested Users,0,Healthy Lifestyle Users,2,Moderately Social Users,0,Low Stress Users,Light / Rested Users | Healthy Lifestyle Users | Moderately Social Users | Low Stress Users
845,train,1.2,8.5,2.3,1.8,high,3.91,0,Light / Rested Users,0,Healthy Lifestyle Users,2,Moderately Social Users,0,Low Stress Users,Light / Rested Users | Healthy Lifestyle Users | Moderately Social Users | Low Stress Users
98,train,7.4,6.4,2.2,1.0,high,3.51,2,Heavy Night Social Media Users,1,Lifestyle Risk Users,1,Low Activity Moderate Social Users,1,High Stress Users,Heavy Night Social Media Users | Lifestyle Risk Users | Low Activity Moderate Social Users | High Stress Users
1715,train,3.4,7.2,1.3,0.6,high,3.37,0,Light / Rested Users,0,Healthy Lifestyle Users,1,Low Activity Moderate Social Users,0,Low Stress Users,Light / Rested Users | Healthy Lifestyle Users | Low Activity Moderate Social Users | Low Stress Users
2188,train,4.8,6.6,2.0,0.0,low,2.41,2,Heavy Night Social Media Users,1,Lifestyle Risk Users,0,Socially Isolated Users,1,High Stress Users,Heavy Night Social Media Users | Lifestyle Risk Users | Socially Isolated Users | High Stress Users
3372,train,4.9,4.9,2.8,0.5,high,2.15,2,Heavy Night Social Media Users,1,Lifestyle Risk Users,1,Low Activity Moderate Social Users,1,High Stress Users,Heavy Night Social Media Users | Lifestyle Risk Users | Low Activity Moderate Social Users | High Stress Users
2824,train,1.5,7.4,0.8,1.0,medium,3.47,0,Light / Rested Users,0,Healthy Lifestyle Users,2,Moderately Social Users,0,Low Stress Users,Light / Rested Users | Healthy Lifestyle Users | Moderately Social Users | Low Stress Users
3108,train,4.7,5.3,1.7,0.7,low,2.98,2,Heavy Night Social Media Users,1,Lifestyle Risk Users,0,Socially Isolated Users,1,High Stress Users,Heavy Night Social Media Users | Lifestyle Risk Users | Socially Isolated Users | High Stress Users
2781,train,2.6,8.1,0.7,0.6,medium,3.71,0,Light / Rested Users,0,Healthy Lifestyle Users,2,Moderately Social Users,0,Low Stress Users,Light / Rested Users | Healthy Lifestyle Users | Moderately Social Users | Low Stress Users
2902,train,6.3,5.4,2.1,1.5,low,2.48,2,Heavy Night Social Media Users,1,Lifestyle Risk Users,0,Socially Isolated Users,1,High Stress Users,Heavy Night Social Media Users | Lifestyle Risk Users | Socially Isolated Users | High Stress Users
1958,train,5.4,6.0,1.8,0.2,low,2.63,1,Heavy Daytime Social Media Users,1,Lifestyle Risk Users,0,Socially Isolated Users,1,High Stress Users,Heavy Daytime Social Media Users | Lifestyle Risk Users | Socially Isolated Users | High Stress Users
785,train,5.0,6.3,2.9,0.5,medium,2.04,2,Heavy Night Social Media Users,1,Lifestyle Risk Users,1,Low Activity Moderate Social Users,0,Low Stress Users,Heavy Night Social Media Users | Lifestyle Risk Users | Low Activity Moderate Social Users | Low Stress Users
736,train,6.3,6.5,1.0,0.4,low,2.52,1,Heavy Daytime Social Media Users,1,Lifestyle Risk Users,0,Socially Isolated Users,1,High Stress Users,Heavy Daytime Social Media Users | Lifestyle Risk Users | Socially Isolated Users | High Stress Users
2291,train,4.7,6.1,0.6,0.2,medium,2.71,1,Heavy Daytime Social Media Users,1,Lifestyle Risk Users,1,Low Activity Moderate Social Users,1,High Stress Users,Heavy Daytime Social Media Users | Lifestyle Risk Users | Low Activity Moderate Social Users | High Stress Users
2982,train,2.8,7.1,1.4,0.9,low,3.66,0,Light / Rested Users,0,Healthy Lifestyle Users,0,Socially Isolated Users,0,Low Stress Users,Light / Rested Users | Healthy Lifestyle Users | Socially Isolated Users | Low Stress Users
576,train,5.5,6.7,1.6,1.7,high,3.09,1,Heavy Daytime Social Media Users,0,Healthy Lifestyle Users,2,Moderately Social Users,1,High Stress Users,Heavy Daytime Social Media Users | Healthy Lifestyle Users | Moderately Social Users | High Stress Users
2570,train,2.3,7.7,1.0,1.6,medium,3.9,0,Light / Rested Users,0,Healthy Lifestyle Users,2,Moderately Social Users,0,Low Stress Users,Light / Rested Users | Healthy Lifestyle Users | Moderately Social Users | Low Stress Users
287,train,2.0,8.7,1.9,1.2,medium,2.28,0,Light / Rested Users,0,Healthy Lifestyle Users,2,Moderately Social Users,0,Low Stress Users,Light / Rested Users | Healthy Lifestyle Users | Moderately Social Users | Low Stress Users
2210,train,3.4,6.7,1.7,1.2,medium,3.26,0,Light / Rested Users,0,Healthy Lifestyle Users,2,Moderately Social Users,0,Low Stress Users,Light / Rested Users | Healthy Lifestyle Users | Moderately Social Users | Low Stress Users
3329,train,4.6,5.9,2.8,1.9,medium,3.2,2,Heavy Night Social Media Users,0,Healthy Lifestyle Users,2,Moderately Social Users,0,Low Stress Users,Heavy Night Social Media Users | Healthy Lifestyle Users | Moderately Social Users | Low Stress Users
410,train,2.8,7.4,1.0,1.9,low,3.73,0,Light / Rested Users,0,Healthy Lifestyle Users,0,Socially Isolated Users,0,Low Stress Users,Light / Rested Users | Healthy Lifestyle Users | Socially Isolated Users | Low Stress Users
3661,train,1.2,8.7,0.6,0.8,medium,3.49,0,Light / Rested Users,0,Healthy Lifestyle Users,2,Moderately Social Users,0,Low Stress Users,Light / Rested Users | Healthy Lifestyle Users | Moderately Social Users | Low Stress Users
3091,train,6.7,6.2,0.6,0.1,low,2.23,1,Heavy Daytime Social Media Users,1,Lifestyle Risk Users,0,Socially Isolated Users,1,High Stress Users,Heavy Daytime Social Media Users | Lifestyle Risk Users | Socially Isolated Users | High Stress Users
3495,train,2.1,7.3,1.8,0.0,low,3.03,0,Light / Rested Users,0,Healthy Lifestyle Users,0,Socially Isolated Users,0,Low Stress Users,Light / Rested Users | Healthy Lifestyle Users | Socially Isolated Users | Low Stress Users
955,train,3.8,8.3,2.6,2.0,medium,3.19,0,Light / Rested Users,0,Healthy Lifestyle Users,2,Moderately Social Users,0,Low Stress Users,Light / Rested Users | Healthy Lifestyle Users | Moderately Social Users | Low Stress Users
2168,train,5.8,5.5,1.6,1.3,high,2.79,1,Heavy Daytime Social Media Users,1,Lifestyle Risk Users,1,Low Activity Moderate Social Users,1,High Stress Users,Heavy Daytime Social Media Users | Lifestyle Risk Users | Low Activity Moderate Social Users | High Stress Users
119,train,3.2,4.2,0.6,1.4,medium,2.21,1,Heavy Daytime Social Media Users,1,Lifestyle Risk Users,2,Moderately Social Users,1,High Stress Users,Heavy Daytime Social Media Users | Lifestyle Risk Users | Moderately Social Users | High Stress Users
306,train,3.0,8.6,1.5,0.8,medium,3.27,0,Light / Rested Users,0,Healthy Lifestyle Users,2,Moderately Social Users,1,High Stress Users,Light / Rested Users | Healthy Lifestyle Users | Moderately Social Users | High Stress Users
1725,train,2.3,7.1,0.8,1.3,low,3.44,0,Light / Rested Users,0,Healthy Lifestyle Users,0,Socially Isolated Users,0,Low Stress Users,Light / Rested Users | Healthy Lifestyle Users | Socially Isolated Users | Low Stress Users
2222,train,3.5,7.2,2.1,0.3,low,2.67,0,Light / Rested Users,0,Healthy Lifestyle Users,0,Socially Isolated Users,0,Low Stress Users,Light / Rested Users | Healthy Lifestyle Users | Socially Isolated Users | Low Stress Users
2672,train,5.1,5.9,1.6,0.8,low,2.95,1,Heavy Daytime Social Media Users,1,Lifestyle Risk Users,0,Socially Isolated Users,1,High Stress Users,Heavy Daytime Social Media Users | Lifestyle Risk Users | Socially Isolated Users | High Stress Users
3159,train,2.4,6.9,1.8,1.1,high,3.24,0,Light / Rested Users,0,Healthy Lifestyle Users,2,Moderately Social Users,0,Low Stress Users,Light / Rested Users | Healthy Lifestyle Users | Moderately Social Users | Low Stress Users
1741,train,8.0,4.0,2.9,1.5,high,2.06,2,Heavy Night Social Media Users,1,Lifestyle Risk Users,1,Low Activity Moderate Social Users,1,High Stress Users,Heavy Night Social Media Users | Lifestyle Risk Users | Low Activity Moderate Social Users | High Stress Users
1578,train,5.2,5.7,1.8,0.9,medium,2.69,2,Heavy Night Social Media Users,1,Lifestyle Risk Users,1,Low Activity Moderate Social Users,1,High Stress Users,Heavy Night Social Media Users | Lifestyle Risk Users | Low Activity Moderate Social Users | High Stress Users
2255,train,1.9,6.5,2.2,0.1,low,3.09,0,Light / Rested Users,0,Healthy Lifestyle Users,0,Socially Isolated Users,0,Low Stress Users,Light / Rested Users | Healthy Lifestyle Users | Socially Isolated Users | Low Stress Users
3174,train,2.7,6.6,2.3,1.2,medium,2.93,0,Light / Rested Users,0,Healthy Lifestyle Users,2,Moderately Social Users,0,Low Stress Users,Light / Rested Users | Healthy Lifestyle Users | Moderately Social Users | Low Stress Users
1845,train,2.8,7.5,0.6,0.3,high,3.93,0,Light / Rested Users,0,Healthy Lifestyle Users,1,Low Activity Moderate Social Users,0,Low Stress Users,Light / Rested Users | Healthy Lifestyle Users | Low Activity Moderate Social Users | Low Stress Users
1698,train,2.2,6.6,1.5,0.4,medium,3.49,0,Light / Rested Users,0,Healthy Lifestyle Users,0,Socially Isolated Users,0,Low Stress Users,Light / Rested Users | Healthy Lifestyle Users | Socially Isolated Users | Low Stress Users
388,train,5.3,9.0,2.8,1.6,high,3.1,0,Light / Rested Users,0,Healthy Lifestyle Users,2,Moderately Social Users,1,High Stress Users,Light / Rested Users | Healthy Lifestyle Users | Moderately Social Users | High Stress Users
2277,train,6.7,5.7,1.0,0.1,medium,2.17,1,Heavy Daytime Social Media Users,1,Lifestyle Risk Users,1,Low Activity Moderate Social Users,1,High Stress Users,Heavy Daytime Social Media Users | Lifestyle Risk Users | Low Activity Moderate Social Users | High Stress Users
2934,train,1.9,7.5,1.0,0.6,high,3.64,0,Light / Rested Users,0,Healthy Lifestyle Users,2,Moderately Social Users,0,Low Stress Users,Light / Rested Users | Healthy Lifestyle Users | Moderately Social Users | Low Stress Users
1602,train,4.4,5.6,2.9,0.2,high,2.99,2,Heavy Night Social Media Users,1,Lifestyle Risk Users,1,Low Activity Moderate Social Users,1,High Stress Users,Heavy Night Social Media Users | Lifestyle Risk Users | Low Activity Moderate Social Users | High Stress Users
1124,train,6.9,4.6,2.5,0.8,high,2.04,2,Heavy Night Social Media Users,1,Lifestyle Risk Users,1,Low Activity Moderate Social Users,1,High Stress Users,Heavy Night Social Media Users | Lifestyle Risk Users | Low Activity Moderate Social Users | High Stress Users
3429,train,5.1,6.2,1.0,2.0,high,3.2,1,Heavy Daytime Social Media Users,0,Healthy Lifestyle Users,2,Moderately Social Users,0,Low Stress Users,Heavy Daytime Social Media Users | Healthy Lifestyle Users | Moderately Social Users | Low Stress Users
3444,train,4.4,5.9,1.9,1.2,high,2.72,2,Heavy Night Social Media Users,1,Lifestyle Risk Users,2,Moderately Social Users,1,High Stress Users,Heavy Night Social Media Users | Lifestyle Risk Users | Moderately Social Users | High Stress Users
561,train,4.2,7.0,1.1,0.9,high,2.12,0,Light / Rested Users,1,Lifestyle Risk Users,1,Low Activity Moderate Social Users,0,Low Stress Users,Light / Rested Users | Lifestyle Risk Users | Low Activity Moderate Social Users | Low Stress Users
1770,train,5.9,5.4,1.1,1.6,low,2.81,1,Heavy Daytime Social Media Users,1,Lifestyle Risk Users,0,Socially Isolated Users,1,High Stress Users,Heavy Daytime Social Media Users | Lifestyle Risk Users | Socially Isolated Users | High Stress Users
2624,train,4.8,6.4,2.0,0.7,medium,2.71,2,Heavy Night Social Media Users,1,Lifestyle Risk Users,1,Low Activity Moderate Social Users,1,High Stress Users,Heavy Night Social Media Users | Lifestyle Risk Users | Low Activity Moderate Social Users | High Stress Users
2699,train,2.3,7.1,2.1,1.5,low,3.61,0,Light / Rested Users,0,Healthy Lifestyle Users,0,Socially Isolated Users,0,Low Stress Users,Light / Rested Users | Healthy Lifestyle Users | Socially Isolated Users | Low Stress Users
2930,train,5.7,4.9,2.6,0.5,medium,2.42,2,Heavy Night Social Media Users,1,Lifestyle Risk Users,1,Low Activity Moderate Social Users,1,High Stress Users,Heavy Night Social Media Users | Lifestyle Risk Users | Low Activity Moderate Social Users | High Stress Users
416,train,3.1,7.9,1.2,0.7,high,2.85,0,Light / Rested Users,0,Healthy Lifestyle Users,2,Moderately Social Users,0,Low Stress Users,Light / Rested Users | Healthy Lifestyle Users | Moderately Social Users | Low Stress Users
3365,train,6.3,5.1,2.7,0.2,high,2.0,2,Heavy Night Social Media Users,1,Lifestyle Risk Users,1,Low Activity Moderate Social Users,1,High Stress Users,Heavy Night Social Media Users | Lifestyle Risk Users | Low Activity Moderate Social Users | High Stress Users
273,train,6.5,7.8,1.5,0.8,medium,3.26,1,Heavy Daytime Social Media Users,0,Healthy Lifestyle Users,1,Low Activity Moderate Social Users,0,Low Stress Users,Heavy Daytime Social Media Users | Healthy Lifestyle Users | Low Activity Moderate Social Users | Low Stress Users
3205,train,6.4,5.9,0.8,1.1,high,2.26,1,Heavy Daytime Social Media Users,1,Lifestyle Risk Users,1,Low Activity Moderate Social Users,1,High Stress Users,Heavy Daytime Social Media Users | Lifestyle Risk Users | Low Activity Moderate Social Users | High Stress Users
1755,train,3.9,6.5,2.4,1.0,medium,3.23,2,Heavy Night Social Media Users,0,Healthy Lifestyle Users,2,Moderately Social Users,0,Low Stress Users,Heavy Night Social Media Users | Healthy Lifestyle Users | Moderately Social Users | Low Stress Users
1669,train,2.3,7.4,1.7,1.2,high,3.42,0,Light / Rested Users,0,Healthy Lifestyle Users,2,Moderately Social Users,0,Low Stress Users,Light / Rested Users | Healthy Lifestyle Users | Moderately Social Users | Low Stress Users
3528,train,1.6,8.3,0.8,0.7,medium,3.67,0,Light / Rested Users,0,Healthy Lifestyle Users,2,Moderately Social Users,0,Low Stress Users,Light / Rested Users | Healthy Lifestyle Users | Moderately Social Users | Low Stress Users
1503,train,5.1,6.5,2.0,1.7,low,2.87,2,Heavy Night Social Media Users,0,Healthy Lifestyle Users,0,Socially Isolated Users,1,High Stress Users,Heavy Night Social Media Users | Healthy Lifestyle Users | Socially Isolated Users | High Stress Users
625,train,4.0,8.3,0.6,0.1,low,3.71,0,Light / Rested Users,0,Healthy Lifestyle Users,0,Socially Isolated Users,0,Low Stress Users,Light / Rested Users | Healthy Lifestyle Users | Socially Isolated Users | Low Stress Users
1140,train,7.8,4.7,2.2,0.6,low,3.53,2,Heavy Night Social Media Users,1,Lifestyle Risk Users,0,Socially Isolated Users,1,High Stress Users,Heavy Night Social Media Users | Lifestyle Risk Users | Socially Isolated Users | High Stress Users
655,train,5.4,7.1,2.5,1.6,low,2.68,2,Heavy Night Social Media Users,1,Lifestyle Risk Users,0,Socially Isolated Users,0,Low Stress Users,Heavy Night Social Media Users | Lifestyle Risk Users | Socially Isolated Users | Low Stress Users
2865,train,4.0,6.4,2.9,1.9,low,3.32,2,Heavy Night Social Media Users,0,Healthy Lifestyle Users,0,Socially Isolated Users,0,Low Stress Users,Heavy Night Social Media Users | Healthy Lifestyle Users | Socially Isolated Users | Low Stress Users
1286,train,3.9,4.8,2.8,1.0,high,2.82,2,Heavy Night Social Media Users,1,Lifestyle Risk Users,2,Moderately Social Users,1,High Stress Users,Heavy Night Social Media Users | Lifestyle Risk Users | Moderately Social Users | High Stress Users
2759,train,6.7,4.5,1.0,1.9,high,2.11,1,Heavy Daytime Social Media Users,1,Lifestyle Risk Users,2,Moderately Social Users,1,High Stress Users,Heavy Daytime Social Media Users | Lifestyle Risk Users | Moderately Social Users | High Stress Users
2823,train,5.4,5.8,1.6,0.0,low,2.01,1,Heavy Daytime Social Media Users,1,Lifestyle Risk Users,0,Socially Isolated Users,1,High Stress Users,Heavy Daytime Social Media Users | Lifestyle Risk Users | Socially Isolated Users | High Stress Users
1083,train,6.6,5.3,1.1,1.7,medium,3.5,1,Heavy Daytime Social Media Users,1,Lifestyle Risk Users,1,Low Activity Moderate Social Users,1,High Stress Users,Heavy Daytime Social Media Users | Lifestyle Risk Users | Low Activity Moderate Social Users | High Stress Users
215,train,6.5,8.3,0.6,0.3,high,3.05,1,Heavy Daytime Social Media Users,0,Healthy Lifestyle Users,1,Low Activity Moderate Social Users,0,Low Stress Users,Heavy Daytime Social Media Users | Healthy Lifestyle Users | Low Activity Moderate Social Users | Low Stress Users
1820,train,4.6,5.8,1.5,1.7,medium,2.73,1,Heavy Daytime Social Media Users,1,Lifestyle Risk Users,2,Moderately Social Users,1,High Stress Users,Heavy Daytime Social Media Users | Lifestyle Risk Users | Moderately Social Users | High Stress Users
1244,train,6.5,6.0,0.6,1.8,high,2.67,1,Heavy Daytime Social Media Users,1,Lifestyle Risk Users,2,Moderately Social Users,1,High Stress Users,Heavy Daytime Social Media Users | Lifestyle Risk Users | Moderately Social Users | High Stress Users
2520,train,3.9,7.1,0.9,0.2,medium,2.89,0,Light / Rested Users,0,Healthy Lifestyle Users,1,Low Activity Moderate Social Users,0,Low Stress Users,Light / Rested Users | Healthy Lifestyle Users | Low Activity Moderate Social Users | Low Stress Users
1675,train,3.1,5.7,2.5,0.5,high,3.07,2,Heavy Night Social Media Users,0,Healthy Lifestyle Users,1,Low Activity Moderate Social Users,0,Low Stress Users,Heavy Night Social Media Users | Healthy Lifestyle Users | Low Activity Moderate Social Users | Low Stress Users
1097,train,6.1,7.5,2.5,0.5,low,3.14,2,Heavy Night Social Media Users,0,Healthy Lifestyle Users,0,Socially Isolated Users,1,High Stress Users,Heavy Night Social Media Users | Healthy Lifestyle Users | Socially Isolated Users | High Stress Users
2341,train,4.5,7.1,0.8,0.8,high,3.38,1,Heavy Daytime Social Media Users,0,Healthy Lifestyle Users,1,Low Activity Moderate Social Users,0,Low Stress Users,Heavy Daytime Social Media Users | Healthy Lifestyle Users | Low Activity Moderate Social Users | Low Stress Users
1106,train,3.5,8.0,1.9,1.5,high,3.45,0,Light / Rested Users,0,Healthy Lifestyle Users,2,Moderately Social Users,0,Low Stress Users,Light / Rested Users | Healthy Lifestyle Users | Moderately Social Users | Low Stress Users
2359,train,1.5,7.8,2.2,1.9,low,3.61,0,Light / Rested Users,0,Healthy Lifestyle Users,0,Socially Isolated Users,0,Low Stress Users,Light / Rested Users | Healthy Lifestyle Users | Socially Isolated Users | Low Stress Users
2357,train,4.4,5.2,2.8,0.6,high,2.46,2,Heavy Night Social Media Users,1,Lifestyle Risk Users,1,Low Activity Moderate Social Users,1,High Stress Users,Heavy Night Social Media Users | Lifestyle Risk Users | Low Activity Moderate Social Users | High Stress Users
2899,train,1.7,7.1,1.2,1.9,medium,3.42,0,Light / Rested Users,0,Healthy Lifestyle Users,2,Moderately Social Users,0,Low Stress Users,Light / Rested Users | Healthy Lifestyle Users | Moderately Social Users | Low Stress Users
2723,train,1.5,7.3,1.5,1.5,high,3.41,0,Light / Rested Users,0,Healthy Lifestyle Users,2,Moderately Social Users,0,Low Stress Users,Light / Rested Users | Healthy Lifestyle Users | Moderately Social Users | Low Stress Users
52,train,2.9,4.5,2.5,1.3,low,3.16,2,Heavy Night Social Media Users,1,Lifestyle Risk Users,0,Socially Isolated Users,1,High Stress Users,Heavy Night Social Media Users | Lifestyle Risk Users | Socially Isolated Users | High Stress Users
935,train,5.9,4.3,0.8,1.1,medium,3.41,1,Heavy Daytime Social Media Users,1,Lifestyle Risk Users,1,Low Activity Moderate Social Users,1,High Stress Users,Heavy Daytime Social Media Users | Lifestyle Risk Users | Low Activity Moderate Social Users | High Stress Users
2190,train,4.9,6.7,1.6,1.1,low,3.07,1,Heavy Daytime Social Media Users,0,Healthy Lifestyle Users,0,Socially Isolated Users,0,Low Stress Users,Heavy Daytime Social Media Users | Healthy Lifestyle Users | Socially Isolated Users | Low Stress Users
614,train,2.0,4.4,0.7,0.8,medium,2.68,1,Heavy Daytime Social Media Users,1,Lifestyle Risk Users,2,Moderately Social Users,0,Low Stress Users,Heavy Daytime Social Media Users | Lifestyle Risk Users | Moderately Social Users | Low Stress Users
3345,train,4.4,4.6,2.8,1.4,medium,2.36,2,Heavy Night Social Media Users,1,Lifestyle Risk Users,2,Moderately Social Users,1,High Stress Users,Heavy Night Social Media Users | Lifestyle Risk Users | Moderately Social Users | High Stress Users
1494,train,6.7,4.8,1.5,0.1,low,2.16,1,Heavy Daytime Social Media Users,1,Lifestyle Risk Users,0,Socially Isolated Users,1,High Stress Users,Heavy Daytime Social Media Users | Lifestyle Risk Users | Socially Isolated Users | High Stress Users
1541,train,3.9,7.7,0.9,0.5,medium,3.46,0,Light / Rested Users,0,Healthy Lifestyle Users,1,Low Activity Moderate Social Users,0,Low Stress Users,Light / Rested Users | Healthy Lifestyle Users | Low Activity Moderate Social Users | Low Stress Users
3300,train,7.0,4.9,1.6,0.5,low,2.4,1,Heavy Daytime Social Media Users,1,Lifestyle Risk Users,0,Socially Isolated Users,1,High Stress Users,Heavy Daytime Social Media Users | Lifestyle Risk Users | Socially Isolated Users | High Stress Users
1557,train,1.9,6.3,3.0,0.1,high,3.38,2,Heavy Night Social Media Users,0,Healthy Lifestyle Users,1,Low Activity Moderate Social Users,0,Low Stress Users,Heavy Night Social Media Users | Healthy Lifestyle Users | Low Activity Moderate Social Users | Low Stress Users
2417,train,5.8,6.0,0.6,0.0,high,2.24,1,Heavy Daytime Social Media Users,1,Lifestyle Risk Users,1,Low Activity Moderate Social Users,1,High Stress Users,Heavy Daytime Social Media Users | Lifestyle Risk Users | Low Activity Moderate Social Users | High Stress Users
889,train,3.4,5.8,3.0,0.6,medium,3.32,2,Heavy Night Social Media Users,0,Healthy Lifestyle Users,1,Low Activity Moderate Social Users,0,Low Stress Users,Heavy Night Social Media Users | Healthy Lifestyle Users | Low Activity Moderate Social Users | Low Stress Users
1767,train,6.5,6.6,0.9,0.3,medium,2.39,1,Heavy Daytime Social Media Users,1,Lifestyle Risk Users,1,Low Activity Moderate Social Users,1,High Stress Users,Heavy Daytime Social Media Users | Lifestyle Risk Users | Low Activity Moderate Social Users | High Stress Users
2505,train,5.1,7.4,0.7,1.8,medium,3.11,1,Heavy Daytime Social Media Users,0,Healthy Lifestyle Users,2,Moderately Social Users,0,Low Stress Users,Heavy Daytime Social Media Users | Healthy Lifestyle Users | Moderately Social Users | Low Stress Users
2506,train,7.2,5.5,1.6,1.5,low,2.12,1,Heavy Daytime Social Media Users,1,Lifestyle Risk Users,0,Socially Isolated Users,1,High Stress Users,Heavy Daytime Social Media Users | Lifestyle Risk Users | Socially Isolated Users | High Stress Users
1137,train,7.0,6.7,1.9,1.3,low,2.48,1,Heavy Daytime Social Media Users,1,Lifestyle Risk Users,0,Socially Isolated Users,0,Low Stress Users,Heavy Daytime Social Media Users | Lifestyle Risk Users | Socially Isolated Users | Low Stress Users
3199,train,1.8,7.3,1.9,0.6,medium,3.54,0,Light / Rested Users,0,Healthy Lifestyle Users,2,Moderately Social Users,0,Low Stress Users,Light / Rested Users | Healthy Lifestyle Users | Moderately Social Users | Low Stress Users
2093,train,6.4,6.8,0.7,0.6,medium,2.52,1,Heavy Daytime Social Media Users,1,Lifestyle Risk Users,1,Low Activity Moderate Social Users,1,High Stress Users,Heavy Daytime Social Media Users | Lifestyle Risk Users | Low Activity Moderate Social Users | High Stress Users
2241,train,3.0,5.7,2.8,0.6,low,2.87,2,Heavy Night Social Media Users,1,Lifestyle Risk Users,0,Socially Isolated Users,0,Low Stress Users,Heavy Night Social Media Users | Lifestyle Risk Users | Socially Isolated Users | Low Stress Users
3470,train,5.5,5.8,2.1,1.2,medium,2.3,2,Heavy Night Social Media Users,1,Lifestyle Risk Users,1,Low Activity Moderate Social Users,1,High Stress Users,Heavy Night Social Media Users | Lifestyle Risk Users | Low Activity Moderate Social Users | High Stress Users
1693,train,3.9,7.0,1.2,1.0,medium,3.1,0,Light / Rested Users,0,Healthy Lifestyle Users,2,Moderately Social Users,0,Low Stress Users,Light / Rested Users | Healthy Lifestyle Users | Moderately Social Users | Low Stress Users
2563,train,4.2,6.9,2.9,0.5,high,3.05,2,Heavy Night Social Media Users,0,Healthy Lifestyle Users,1,Low Activity Moderate Social Users,0,Low Stress Users,Heavy Night Social Media Users | Healthy Lifestyle Users | Low Activity Moderate Social Users | Low Stress Users
1135,train,3.5,5.3,2.5,0.7,low,2.29,2,Heavy Night Social Media Users,1,Lifestyle Risk Users,0,Socially Isolated Users,1,High Stress Users,Heavy Night Social Media Users | Lifestyle Risk Users | Socially Isolated Users | High Stress Users
312,train,5.6,8.1,3.0,0.7,medium,2.75,2,Heavy Night Social Media Users,0,Healthy Lifestyle Users,1,Low Activity Moderate Social Users,0,Low Stress Users,Heavy Night Social Media Users | Healthy Lifestyle Users | Low Activity Moderate Social Users | Low Stress Users
769,train,5.0,6.6,1.8,1.2,high,3.87,1,Heavy Daytime Social Media Users,0,Healthy Lifestyle Users,1,Low Activity Moderate Social Users,0,Low Stress Users,Heavy Daytime Social Media Users | Healthy Lifestyle Users | Low Activity Moderate Social Users | Low Stress Users
3617,train,4.2,6.2,2.8,0.5,medium,2.92,2,Heavy Night Social Media Users,1,Lifestyle Risk Users,1,Low Activity Moderate Social Users,0,Low Stress Users,Heavy Night Social Media Users | Lifestyle Risk Users | Low Activity Moderate Social Users | Low Stress Users
1619,train,4.1,5.2,2.8,1.4,medium,2.74,2,Heavy Night Social Media Users,1,Lifestyle Risk Users,2,Moderately Social Users,0,Low Stress Users,Heavy Night Social Media Users | Lifestyle Risk Users | Moderately Social Users | Low Stress Users
1426,train,3.8,6.2,2.7,0.1,medium,2.51,2,Heavy Night Social Media Users,1,Lifestyle Risk Users,1,Low Activity Moderate Social Users,1,High Stress Users,Heavy Night Social Media Users | Lifestyle Risk Users | Low Activity Moderate Social Users | High Stress Users
1071,train,3.7,9.0,1.5,1.9,low,3.37,0,Light / Rested Users,0,Healthy Lifestyle Users,0,Socially Isolated Users,0,Low Stress Users,Light / Rested Users | Healthy Lifestyle Users | Socially Isolated Users | Low Stress Users
621,train,6.8,8.4,2.0,1.5,low,2.6,0,Light / Rested Users,0,Healthy Lifestyle Users,0,Socially Isolated Users,0,Low Stress Users,Light / Rested Users | Healthy Lifestyle Users | Socially Isolated Users | Low Stress Users
733,train,6.2,4.4,0.7,0.5,medium,3.45,1,Heavy Daytime Social Media Users,1,Lifestyle Risk Users,1,Low Activity Moderate Social Users,1,High Stress Users,Heavy Daytime Social Media Users | Lifestyle Risk Users | Low Activity Moderate Social Users | High Stress Users
3371,train,3.4,6.7,1.5,0.4,medium,3.03,0,Light / Rested Users,0,Healthy Lifestyle Users,1,Low Activity Moderate Social Users,0,Low Stress Users,Light / Rested Users | Healthy Lifestyle Users | Low Activity Moderate Social Users | Low Stress Users
1620,train,1.3,8.5,0.9,1.3,high,3.74,0,Light / Rested Users,0,Healthy Lifestyle Users,2,Moderately Social Users,0,Low Stress Users,Light / Rested Users | Healthy Lifestyle Users | Moderately Social Users | Low Stress Users
1034,train,2.4,4.2,1.2,1.3,low,3.87,1,Heavy Daytime Social Media Users,0,Healthy Lifestyle Users,0,Socially Isolated Users,0,Low Stress Users,Heavy Daytime Social Media Users | Healthy Lifestyle Users | Socially Isolated Users | Low Stress Users
891,train,4.8,5.4,0.9,1.9,low,2.06,1,Heavy Daytime Social Media Users,1,Lifestyle Risk Users,0,Socially Isolated Users,1,High Stress Users,Heavy Daytime Social Media Users | Lifestyle Risk Users | Socially Isolated Users | High Stress Users
2898,train,2.3,7.6,1.8,1.2,high,3.58,0,Light / Rested Users,0,Healthy Lifestyle Users,2,Moderately Social Users,0,Low Stress Users,Light / Rested Users | Healthy Lifestyle Users | Moderately Social Users | Low Stress Users
1081,train,7.8,5.7,1.2,1.2,high,3.72,1,Heavy Daytime Social Media Users,1,Lifestyle Risk Users,1,Low Activity Moderate Social Users,1,High Stress Users,Heavy Daytime Social Media Users | Lifestyle Risk Users | Low Activity Moderate Social Users | High Stress Users
2054,train,6.8,4.8,2.7,1.0,high,2.3,2,Heavy Night Social Media Users,1,Lifestyle Risk Users,1,Low Activity Moderate Social Users,1,High Stress Users,Heavy Night Social Media Users | Lifestyle Risk Users | Low Activity Moderate Social Users | High Stress Users
235,train,7.6,4.3,2.7,0.3,medium,2.51,2,Heavy Night Social Media Users,1,Lifestyle Risk Users,1,Low Activity Moderate Social Users,1,High Stress Users,Heavy Night Social Media Users | Lifestyle Risk Users | Low Activity Moderate Social Users | High Stress Users
527,train,1.8,4.4,0.6,1.7,medium,3.48,1,Heavy Daytime Social Media Users,0,Healthy Lifestyle Users,2,Moderately Social Users,0,Low Stress Users,Heavy Daytime Social Media Users | Healthy Lifestyle Users | Moderately Social Users | Low Stress Users
1593,train,7.8,4.9,1.7,0.4,low,2.34,1,Heavy Daytime Social Media Users,1,Lifestyle Risk Users,0,Socially Isolated Users,1,High Stress Users,Heavy Daytime Social Media Users | Lifestyle Risk Users | Socially Isolated Users | High Stress Users
1612,train,5.5,5.0,2.8,1.7,low,2.47,2,Heavy Night Social Media Users,1,Lifestyle Risk Users,0,Socially Isolated Users,1,High Stress Users,Heavy Night Social Media Users | Lifestyle Risk Users | Socially Isolated Users | High Stress Users
2782,train,4.4,5.0,2.8,0.2,medium,2.11,2,Heavy Night Social Media Users,1,Lifestyle Risk Users,1,Low Activity Moderate Social Users,1,High Stress Users,Heavy Night Social Media Users | Lifestyle Risk Users | Low Activity Moderate Social Users | High Stress Users
1966,train,1.1,8.1,1.4,1.7,medium,3.67,0,Light / Rested Users,0,Healthy Lifestyle Users,2,Moderately Social Users,0,Low Stress Users,Light / Rested Users | Healthy Lifestyle Users | Moderately Social Users | Low Stress Users
3324,train,6.3,5.5,1.8,1.7,low,2.35,1,Heavy Daytime Social Media Users,1,Lifestyle Risk Users,0,Socially Isolated Users,1,High Stress Users,Heavy Daytime Social Media Users | Lifestyle Risk Users | Socially Isolated Users | High Stress Users
1075,train,7.2,5.7,0.7,1.0,medium,3.89,1,Heavy Daytime Social Media Users,0,Healthy Lifestyle Users,1,Low Activity Moderate Social Users,0,Low Stress Users,Heavy Daytime Social Media Users | Healthy Lifestyle Users | Low Activity Moderate Social Users | Low Stress Users
2889,train,1.5,7.8,1.7,1.0,high,3.67,0,Light / Rested Users,0,Healthy Lifestyle Users,2,Moderately Social Users,0,Low Stress Users,Light / Rested Users | Healthy Lifestyle Users | Moderately Social Users | Low Stress Users
3255,train,1.3,8.9,0.7,1.0,medium,3.74,0,Light / Rested Users,0,Healthy Lifestyle Users,2,Moderately Social Users,0,Low Stress Users,Light / Rested Users | Healthy Lifestyle Users | Moderately Social Users | Low Stress Users
745,train,6.6,8.2,0.7,0.8,low,2.88,1,Heavy Daytime Social Media Users,0,Healthy Lifestyle Users,0,Socially Isolated Users,0,Low Stress Users,Heavy Daytime Social Media Users | Healthy Lifestyle Users | Socially Isolated Users | Low Stress Users
1063,train,4.6,6.8,1.5,1.4,medium,2.4,0,Light / Rested Users,1,Lifestyle Risk Users,2,Moderately Social Users,1,High Stress Users,Light / Rested Users | Lifestyle Risk Users | Moderately Social Users | High Stress Users
893,train,2.1,4.8,1.3,1.8,high,2.29,1,Heavy Daytime Social Media Users,1,Lifestyle Risk Users,2,Moderately Social Users,1,High Stress Users,Heavy Daytime Social Media Users | Lifestyle Risk Users | Moderately Social Users | High Stress Users
2294,train,2.5,6.4,2.6,0.9,medium,3.37,0,Light / Rested Users,0,Healthy Lifestyle Users,2,Moderately Social Users,0,Low Stress Users,Light / Rested Users | Healthy Lifestyle Users | Moderately Social Users | Low Stress Users
2073,train,3.1,7.4,0.9,1.1,medium,3.39,0,Light / Rested Users,0,Healthy Lifestyle Users,2,Moderately Social Users,0,Low Stress Users,Light / Rested Users | Healthy Lifestyle Users | Moderately Social Users | Low Stress Users
644,train,3.6,6.1,2.8,0.6,low,2.39,2,Heavy Night Social Media Users,1,Lifestyle Risk Users,0,Socially Isolated Users,1,High Stress Users,Heavy Night Social Media Users | Lifestyle Risk Users | Socially Isolated Users | High Stress Users
1518,train,3.3,5.8,2.8,0.3,high,2.78,2,Heavy Night Social Media Users,1,Lifestyle Risk Users,1,Low Activity Moderate Social Users,1,High Stress Users,Heavy Night Social Media Users | Lifestyle Risk Users | Low Activity Moderate Social Users | High Stress Users
263,train,5.3,7.4,1.2,1.1,high,3.41,1,Heavy Daytime Social Media Users,0,Healthy Lifestyle Users,1,Low Activity Moderate Social Users,0,Low Stress Users,Heavy Daytime Social Media Users | Healthy Lifestyle Users | Low Activity Moderate Social Users | Low Stress Users
988,train,3.6,8.8,1.2,0.5,low,2.32,0,Light / Rested Users,0,Healthy Lifestyle Users,0,Socially Isolated Users,0,Low Stress Users,Light / Rested Users | Healthy Lifestyle Users | Socially Isolated Users | Low Stress Users
2283,train,7.1,4.9,1.9,0.9,medium,2.43,2,Heavy Night Social Media Users,1,Lifestyle Risk Users,1,Low Activity Moderate Social Users,1,High Stress Users,Heavy Night Social Media Users | Lifestyle Risk Users | Low Activity Moderate Social Users | High Stress Users
129,train,3.8,7.9,1.3,0.2,medium,3.97,0,Light / Rested Users,0,Healthy Lifestyle Users,1,Low Activity Moderate Social Users,1,High Stress Users,Light / Rested Users | Healthy Lifestyle Users | Low Activity Moderate Social Users | High Stress Users
755,train,5.8,6.1,1.2,1.8,medium,3.81,1,Heavy Daytime Social Media Users,0,Healthy Lifestyle Users,2,Moderately Social Users,1,High Stress Users,Heavy Daytime Social Media Users | Healthy Lifestyle Users | Moderately Social Users | High Stress Users
1354,train,5.0,5.7,2.3,0.8,low,2.54,2,Heavy Night Social Media Users,1,Lifestyle Risk Users,0,Socially Isolated Users,1,High Stress Users,Heavy Night Social Media Users | Lifestyle Risk Users | Socially Isolated Users | High Stress Users
2740,train,2.7,7.0,1.3,1.8,high,3.28,0,Light / Rested Users,0,Healthy Lifestyle Users,2,Moderately Social Users,0,Low Stress Users,Light / Rested Users | Healthy Lifestyle Users | Moderately Social Users | Low Stress Users
532,train,1.1,6.8,0.6,1.6,medium,2.28,0,Light / Rested Users,0,Healthy Lifestyle Users,2,Moderately Social Users,0,Low Stress Users,Light / Rested Users | Healthy Lifestyle Users | Moderately Social Users | Low Stress Users
2644,train,7.9,4.7,2.9,0.3,high,2.11,2,Heavy Night Social Media Users,1,Lifestyle Risk Users,1,Low Activity Moderate Social Users,1,High Stress Users,Heavy Night Social Media Users | Lifestyle Risk Users | Low Activity Moderate Social Users | High Stress Users
1982,train,5.2,7.0,0.8,1.0,low,3.03,1,Heavy Daytime Social Media Users,0,Healthy Lifestyle Users,0,Socially Isolated Users,1,High Stress Users,Heavy Daytime Social Media Users | Healthy Lifestyle Users | Socially Isolated Users | High Stress Users
2300,train,4.0,5.9,1.8,1.4,high,2.95,2,Heavy Night Social Media Users,0,Healthy Lifestyle Users,2,Moderately Social Users,1,High Stress Users,Heavy Night Social Media Users | Healthy Lifestyle Users | Moderately Social Users | High Stress Users
753,train,2.9,6.7,1.5,0.8,medium,3.62,0,Light / Rested Users,0,Healthy Lifestyle Users,2,Moderately Social Users,1,High Stress Users,Light / Rested Users | Healthy Lifestyle Users | Moderately Social Users | High Stress Users
859,train,2.8,4.3,3.0,1.9,medium,2.14,2,Heavy Night Social Media Users,1,Lifestyle Risk Users,2,Moderately Social Users,1,High Stress Users,Heavy Night Social Media Users | Lifestyle Risk Users | Moderately Social Users | High Stress Users
465,train,7.0,8.3,2.1,1.5,low,3.09,0,Light / Rested Users,0,Healthy Lifestyle Users,0,Socially Isolated Users,1,High Stress Users,Light / Rested Users | Healthy Lifestyle Users | Socially Isolated Users | High Stress Users
3628,train,6.0,6.8,0.6,0.3,medium,2.45,1,Heavy Daytime Social Media Users,1,Lifestyle Risk Users,1,Low Activity Moderate Social Users,1,High Stress Users,Heavy Daytime Social Media Users | Lifestyle Risk Users | Low Activity Moderate Social Users | High Stress Users
2088,train,7.0,5.6,0.6,0.0,medium,2.0,1,Heavy Daytime Social Media Users,1,Lifestyle Risk Users,1,Low Activity Moderate Social Users,1,High Stress Users,Heavy Daytime Social Media Users | Lifestyle Risk Users | Low Activity Moderate Social Users | High Stress Users
3322,train,2.1,6.7,2.1,0.2,medium,3.4,0,Light / Rested Users,0,Healthy Lifestyle Users,0,Socially Isolated Users,0,Low Stress Users,Light / Rested Users | Healthy Lifestyle Users | Socially Isolated Users | Low Stress Users
399,train,2.0,4.1,1.3,1.6,low,3.71,2,Heavy Night Social Media Users,0,Healthy Lifestyle Users,0,Socially Isolated Users,1,High Stress Users,Heavy Night Social Media Users | Healthy Lifestyle Users | Socially Isolated Users | High Stress Users
2208,train,7.4,5.0,2.2,1.5,low,2.03,2,Heavy Night Social Media Users,1,Lifestyle Risk Users,0,Socially Isolated Users,1,High Stress Users,Heavy Night Social Media Users | Lifestyle Risk Users | Socially Isolated Users | High Stress Users
1157,train,3.6,8.7,0.8,1.3,low,2.41,0,Light / Rested Users,0,Healthy Lifestyle Users,0,Socially Isolated Users,0,Low Stress Users,Light / Rested Users | Healthy Lifestyle Users | Socially Isolated Users | Low Stress Users
2664,train,4.6,5.5,2.6,0.4,high,2.83,2,Heavy Night Social Media Users,1,Lifestyle Risk Users,1,Low Activity Moderate Social Users,1,High Stress Users,Heavy Night Social Media Users | Lifestyle Risk Users | Low Activity Moderate Social Users | High Stress Users
2879,train,2.9,6.7,2.5,0.5,high,2.84,0,Light / Rested Users,0,Healthy Lifestyle Users,1,Low Activity Moderate Social Users,0,Low Stress Users,Light / Rested Users | Healthy Lifestyle Users | Low Activity Moderate Social Users | Low Stress Users
3471,train,6.5,6.0,1.2,1.6,medium,2.42,1,Heavy Daytime Social Media Users,1,Lifestyle Risk Users,1,Low Activity Moderate Social Users,1,High Stress Users,Heavy Daytime Social Media Users | Lifestyle Risk Users | Low Activity Moderate Social Users | High Stress Users
1766,train,3.5,6.2,1.7,1.4,low,2.52,0,Light / Rested Users,1,Lifestyle Risk Users,0,Socially Isolated Users,0,Low Stress Users,Light / Rested Users | Lifestyle Risk Users | Socially Isolated Users | Low Stress Users
3664,train,5.4,5.2,2.2,0.5,medium,2.7,2,Heavy Night Social Media Users,1,Lifestyle Risk Users,1,Low Activity Moderate Social Users,1,High Stress Users,Heavy Night Social Media Users | Lifestyle Risk Users | Low Activity Moderate Social Users | High Stress Users
2203,train,1.3,6.7,1.7,1.9,high,3.33,0,Light / Rested Users,0,Healthy Lifestyle Users,2,Moderately Social Users,0,Low Stress Users,Light / Rested Users | Healthy Lifestyle Users | Moderately Social Users | Low Stress Users
3153,train,3.9,6.1,2.0,1.9,low,3.47,2,Heavy Night Social Media Users,0,Healthy Lifestyle Users,0,Socially Isolated Users,0,Low Stress Users,Heavy Night Social Media Users | Healthy Lifestyle Users | Socially Isolated Users | Low Stress Users
1223,train,1.7,7.3,2.0,0.8,high,3.16,0,Light / Rested Users,0,Healthy Lifestyle Users,2,Moderately Social Users,0,Low Stress Users,Light / Rested Users | Healthy Lifestyle Users | Moderately Social Users | Low Stress Users
2197,train,6.3,6.2,0.7,1.3,low,2.67,1,Heavy Daytime Social Media Users,1,Lifestyle Risk Users,0,Socially Isolated Users,1,High Stress Users,Heavy Daytime Social Media Users | Lifestyle Risk Users | Socially Isolated Users | High Stress Users
1337,train,7.2,5.7,2.4,0.7,low,2.25,2,Heavy Night Social Media Users,1,Lifestyle Risk Users,0,Socially Isolated Users,1,High Stress Users,Heavy Night Social Media Users | Lifestyle Risk Users | Socially Isolated Users | High Stress Users
3202,train,5.5,7.2,0.5,1.1,low,3.03,1,Heavy Daytime Social Media Users,0,Healthy Lifestyle Users,0,Socially Isolated Users,0,Low Stress Users,Heavy Daytime Social Media Users | Healthy Lifestyle Users | Socially Isolated Users | Low Stress Users
180,train,5.9,8.0,2.8,1.6,medium,3.21,2,Heavy Night Social Media Users,0,Healthy Lifestyle Users,2,Moderately Social Users,0,Low Stress Users,Heavy Night Social Media Users | Healthy Lifestyle Users | Moderately Social Users | Low Stress Users
1933,train,3.7,6.9,1.2,1.4,low,3.5,0,Light / Rested Users,0,Healthy Lifestyle Users,0,Socially Isolated Users,0,Low Stress Users,Light / Rested Users | Healthy Lifestyle Users | Socially Isolated Users | Low Stress Users
637,train,2.0,7.8,0.5,1.4,high,2.81,0,Light / Rested Users,0,Healthy Lifestyle Users,2,Moderately Social Users,0,Low Stress Users,Light / Rested Users | Healthy Lifestyle Users | Moderately Social Users | Low Stress Users
292,train,1.5,4.1,1.3,1.2,high,3.67,2,Heavy Night Social Media Users,0,Healthy Lifestyle Users,2,Moderately Social Users,1,High Stress Users,Heavy Night Social Media Users | Healthy Lifestyle Users | Moderately Social Users | High Stress Users
3654,train,1.3,8.2,0.8,2.0,medium,3.57,0,Light / Rested Users,0,Healthy Lifestyle Users,2,Moderately Social Users,0,Low Stress Users,Light / Rested Users | Healthy Lifestyle Users | Moderately Social Users | Low Stress Users
1735,train,5.8,6.3,1.9,1.2,high,2.66,1,Heavy Daytime Social Media Users,1,Lifestyle Risk Users,1,Low Activity Moderate Social Users,1,High Stress Users,Heavy Daytime Social Media Users | Lifestyle Risk Users | Low Activity Moderate Social Users | High Stress Users
169,train,7.3,4.8,2.6,1.5,low,3.81,2,Heavy Night Social Media Users,1,Lifestyle Risk Users,0,Socially Isolated Users,1,High Stress Users,Heavy Night Social Media Users | Lifestyle Risk Users | Socially Isolated Users | High Stress Users
1574,train,3.1,7.4,1.2,2.0,medium,3.57,0,Light / Rested Users,0,Healthy Lifestyle Users,2,Moderately Social Users,0,Low Stress Users,Light / Rested Users | Healthy Lifestyle Users | Moderately Social Users | Low Stress Users
2423,train,3.8,7.2,0.9,0.5,low,3.59,0,Light / Rested Users,0,Healthy Lifestyle Users,0,Socially Isolated Users,0,Low Stress Users,Light / Rested Users | Healthy Lifestyle Users | Socially Isolated Users | Low Stress Users
2166,train,5.8,5.0,2.9,1.5,high,2.67,2,Heavy Night Social Media Users,1,Lifestyle Risk Users,2,Moderately Social Users,1,High Stress Users,Heavy Night Social Media Users | Lifestyle Risk Users | Moderately Social Users | High Stress Users
160,train,6.1,8.8,1.7,1.3,medium,3.55,0,Light / Rested Users,0,Healthy Lifestyle Users,1,Low Activity Moderate Social Users,1,High Stress Users,Light / Rested Users | Healthy Lifestyle Users | Low Activity Moderate Social Users | High Stress Users
2339,train,7.5,4.9,2.3,1.1,low,2.3,2,Heavy Night Social Media Users,1,Lifestyle Risk Users,0,Socially Isolated Users,1,High Stress Users,Heavy Night Social Media Users | Lifestyle Risk Users | Socially Isolated Users | High Stress Users
281,train,3.4,8.9,2.6,1.8,high,2.54,0,Light / Rested Users,0,Healthy Lifestyle Users,2,Moderately Social Users,0,Low Stress Users,Light / Rested Users | Healthy Lifestyle Users | Moderately Social Users | Low Stress Users
1269,train,1.6,6.7,2.0,1.8,high,3.64,0,Light / Rested Users,0,Healthy Lifestyle Users,2,Moderately Social Users,0,Low Stress Users,Light / Rested Users | Healthy Lifestyle Users | Moderately Social Users | Low Stress Users
2762,train,6.1,5.4,1.0,0.3,high,2.6,1,Heavy Daytime Social Media Users,1,Lifestyle Risk Users,1,Low Activity Moderate Social Users,1,High Stress Users,Heavy Daytime Social Media Users | Lifestyle Risk Users | Low Activity Moderate Social Users | High Stress Users
3682,train,7.1,4.2,2.4,1.0,medium,2.27,2,Heavy Night Social Media Users,1,Lifestyle Risk Users,1,Low Activity Moderate Social Users,1,High Stress Users,Heavy Night Social Media Users | Lifestyle Risk Users | Low Activity Moderate Social Users | High Stress Users
2461,train,1.9,6.6,2.0,0.1,high,3.09,0,Light / Rested Users,0,Healthy Lifestyle Users,1,Low Activity Moderate Social Users,0,Low Stress Users,Light / Rested Users | Healthy Lifestyle Users | Low Activity Moderate Social Users | Low Stress Users
2459,train,3.7,5.4,2.8,1.1,medium,2.88,2,Heavy Night Social Media Users,1,Lifestyle Risk Users,2,Moderately Social Users,1,High Stress Users,Heavy Night Social Media Users | Lifestyle Risk Users | Moderately Social Users | High Stress Users
824,train,3.2,6.8,2.3,1.8,low,3.16,0,Light / Rested Users,0,Healthy Lifestyle Users,0,Socially Isolated Users,0,Low Stress Users,Light / Rested Users | Healthy Lifestyle Users | Socially Isolated Users | Low Stress Users
1563,train,4.9,5.2,2.3,1.6,high,3.08,2,Heavy Night Social Media Users,1,Lifestyle Risk Users,2,Moderately Social Users,0,Low Stress Users,Heavy Night Social Media Users | Lifestyle Risk Users | Moderately Social Users | Low Stress Users
1511,train,3.5,6.0,2.8,1.4,high,2.51,2,Heavy Night Social Media Users,1,Lifestyle Risk Users,2,Moderately Social Users,0,Low Stress Users,Heavy Night Social Media Users | Lifestyle Risk Users | Moderately Social Users | Low Stress Users
3118,train,5.4,5.3,2.5,1.7,low,2.61,2,Heavy Night Social Media Users,1,Lifestyle Risk Users,0,Socially Isolated Users,1,High Stress Users,Heavy Night Social Media Users | Lifestyle Risk Users | Socially Isolated Users | High Stress Users
2307,train,6.1,5.4,2.1,1.5,high,2.64,2,Heavy Night Social Media Users,1,Lifestyle Risk Users,1,Low Activity Moderate Social Users,1,High Stress Users,Heavy Night Social Media Users | Lifestyle Risk Users | Low Activity Moderate Social Users | High Stress Users
299,train,4.4,6.0,1.2,0.9,medium,2.48,1,Heavy Daytime Social Media Users,1,Lifestyle Risk Users,1,Low Activity Moderate Social Users,0,Low Stress Users,Heavy Daytime Social Media Users | Lifestyle Risk Users | Low Activity Moderate Social Users | Low Stress Users
3428,train,7.6,5.0,1.0,0.9,low,2.19,1,Heavy Daytime Social Media Users,1,Lifestyle Risk Users,0,Socially Isolated Users,1,High Stress Users,Heavy Daytime Social Media Users | Lifestyle Risk Users | Socially Isolated Users | High Stress Users
3040,train,7.6,4.8,1.0,0.7,low,2.0,1,Heavy Daytime Social Media Users,1,Lifestyle Risk Users,0,Socially Isolated Users,1,High Stress Users,Heavy Daytime Social Media Users | Lifestyle Risk Users | Socially Isolated Users | High Stress Users
454,train,4.2,5.4,1.1,0.3,low,2.31,1,Heavy Daytime Social Media Users,1,Lifestyle Risk Users,0,Socially Isolated Users,1,High Stress Users,Heavy Daytime Social Media Users | Lifestyle Risk Users | Socially Isolated Users | High Stress Users
3587,train,4.7,7.5,0.6,1.0,medium,3.01,1,Heavy Daytime Social Media Users,0,Healthy Lifestyle Users,1,Low Activity Moderate Social Users,0,Low Stress Users,Heavy Daytime Social Media Users | Healthy Lifestyle Users | Low Activity Moderate Social Users | Low Stress Users
1214,train,4.8,5.8,1.9,1.0,high,3.13,2,Heavy Night Social Media Users,1,Lifestyle Risk Users,1,Low Activity Moderate Social Users,0,Low Stress Users,Heavy Night Social Media Users | Lifestyle Risk Users | Low Activity Moderate Social Users | Low Stress Users
676,train,6.3,6.9,1.0,0.8,medium,3.22,1,Heavy Daytime Social Media Users,0,Healthy Lifestyle Users,1,Low Activity Moderate Social Users,1,High Stress Users,Heavy Daytime Social Media Users | Healthy Lifestyle Users | Low Activity Moderate Social Users | High Stress Users
178,train,4.5,7.9,1.4,0.1,high,2.38,0,Light / Rested Users,0,Healthy Lifestyle Users,1,Low Activity Moderate Social Users,1,High Stress Users,Light / Rested Users | Healthy Lifestyle Users | Low Activity Moderate Social Users | High Stress Users
1891,train,4.4,6.7,1.5,0.8,low,2.86,0,Light / Rested Users,0,Healthy Lifestyle Users,0,Socially Isolated Users,0,Low Stress Users,Light / Rested Users | Healthy Lifestyle Users | Socially Isolated Users | Low Stress Users
3212,train,7.9,4.0,2.7,0.3,high,2.08,2,Heavy Night Social Media Users,1,Lifestyle Risk Users,1,Low Activity Moderate Social Users,1,High Stress Users,Heavy Night Social Media Users | Lifestyle Risk Users | Low Activity Moderate Social Users | High Stress Users
850,train,2.7,7.6,2.5,1.9,high,2.37,0,Light / Rested Users,0,Healthy Lifestyle Users,2,Moderately Social Users,0,Low Stress Users,Light / Rested Users | Healthy Lifestyle Users | Moderately Social Users | Low Stress Users
2118,train,2.9,6.3,1.8,1.2,medium,3.0,0,Light / Rested Users,0,Healthy Lifestyle Users,2,Moderately Social Users,0,Low Stress Users,Light / Rested Users | Healthy Lifestyle Users | Moderately Social Users | Low Stress Users
713,train,1.0,8.5,2.0,1.9,high,3.77,0,Light / Rested Users,0,Healthy Lifestyle Users,2,Moderately Social Users,0,Low Stress Users,Light / Rested Users | Healthy Lifestyle Users | Moderately Social Users | Low Stress Users
245,train,6.7,7.6,2.4,0.4,medium,3.59,2,Heavy Night Social Media Users,0,Healthy Lifestyle Users,1,Low Activity Moderate Social Users,1,High Stress Users,Heavy Night Social Media Users | Healthy Lifestyle Users | Low Activity Moderate Social Users | High Stress Users
315,train,5.9,6.9,1.4,1.5,medium,3.62,1,Heavy Daytime Social Media Users,0,Healthy Lifestyle Users,1,Low Activity Moderate Social Users,1,High Stress Users,Heavy Daytime Social Media Users | Healthy Lifestyle Users | Low Activity Moderate Social Users | High Stress Users
1475,train,1.2,6.8,2.2,0.4,medium,2.96,0,Light / Rested Users,0,Healthy Lifestyle Users,2,Moderately Social Users,0,Low Stress Users,Light / Rested Users | Healthy Lifestyle Users | Moderately Social Users | Low Stress Users
179,train,1.1,6.1,2.5,1.8,high,2.8,0,Light / Rested Users,0,Healthy Lifestyle Users,2,Moderately Social Users,0,Low Stress Users,Light / Rested Users | Healthy Lifestyle Users | Moderately Social Users | Low Stress Users
1577,train,4.0,5.9,0.7,1.6,low,2.87,1,Heavy Daytime Social Media Users,0,Healthy Lifestyle Users,0,Socially Isolated Users,0,Low Stress Users,Heavy Daytime Social Media Users | Healthy Lifestyle Users | Socially Isolated Users | Low Stress Users
835,train,5.3,6.4,1.1,1.9,medium,3.32,1,Heavy Daytime Social Media Users,0,Healthy Lifestyle Users,2,Moderately Social Users,1,High Stress Users,Heavy Daytime Social Media Users | Healthy Lifestyle Users | Moderately Social Users | High Stress Users
2811,train,5.8,6.3,1.1,1.5,low,3.15,1,Heavy Daytime Social Media Users,0,Healthy Lifestyle Users,0,Socially Isolated Users,0,Low Stress Users,Heavy Daytime Social Media Users | Healthy Lifestyle Users | Socially Isolated Users | Low Stress Users
1146,train,4.5,8.4,2.1,2.0,low,2.62,0,Light / Rested Users,0,Healthy Lifestyle Users,0,Socially Isolated Users,0,Low Stress Users,Light / Rested Users | Healthy Lifestyle Users | Socially Isolated Users | Low Stress Users
473,train,3.3,5.7,2.0,0.1,low,3.71,2,Heavy Night Social Media Users,0,Healthy Lifestyle Users,0,Socially Isolated Users,1,High Stress Users,Heavy Night Social Media Users | Healthy Lifestyle Users | Socially Isolated Users | High Stress Users
593,train,5.1,4.5,2.7,1.4,high,2.54,2,Heavy Night Social Media Users,1,Lifestyle Risk Users,2,Moderately Social Users,0,Low Stress Users,Heavy Night Social Media Users | Lifestyle Risk Users | Moderately Social Users | Low Stress Users
3379,train,3.5,6.3,1.5,0.3,high,2.95,0,Light / Rested Users,0,Healthy Lifestyle Users,1,Low Activity Moderate Social Users,1,High Stress Users,Light / Rested Users | Healthy Lifestyle Users | Low Activity Moderate Social Users | High Stress Users
1576,train,2.1,7.7,1.3,1.0,medium,3.68,0,Light / Rested Users,0,Healthy Lifestyle Users,2,Moderately Social Users,0,Low Stress Users,Light / Rested Users | Healthy Lifestyle Users | Moderately Social Users | Low Stress Users
796,train,5.6,6.5,1.4,0.0,high,3.19,1,Heavy Daytime Social Media Users,1,Lifestyle Risk Users,1,Low Activity Moderate Social Users,1,High Stress Users,Heavy Daytime Social Media Users | Lifestyle Risk Users | Low Activity Moderate Social Users | High Stress Users
3132,train,7.0,5.6,1.9,0.4,high,2.51,2,Heavy Night Social Media Users,1,Lifestyle Risk Users,1,Low Activity Moderate Social Users,1,High Stress Users,Heavy Night Social Media Users | Lifestyle Risk Users | Low Activity Moderate Social Users | High Stress Users
1100,train,5.2,7.5,1.1,0.1,low,3.61,1,Heavy Daytime Social Media Users,0,Healthy Lifestyle Users,0,Socially Isolated Users,0,Low Stress Users,Heavy Daytime Social Media Users | Healthy Lifestyle Users | Socially Isolated Users | Low Stress Users
1695,train,3.9,7.2,1.4,0.1,low,2.92,0,Light / Rested Users,0,Healthy Lifestyle Users,0,Socially Isolated Users,1,High Stress Users,Light / Rested Users | Healthy Lifestyle Users | Socially Isolated Users | High Stress Users
1147,train,5.3,4.7,2.8,0.3,high,2.82,2,Heavy Night Social Media Users,1,Lifestyle Risk Users,1,Low Activity Moderate Social Users,1,High Stress Users,Heavy Night Social Media Users | Lifestyle Risk Users | Low Activity Moderate Social Users | High Stress Users
198,train,7.1,8.0,2.9,1.2,high,2.59,2,Heavy Night Social Media Users,1,Lifestyle Risk Users,1,Low Activity Moderate Social Users,1,High Stress Users,Heavy Night Social Media Users | Lifestyle Risk Users | Low Activity Moderate Social Users | High Stress Users
3244,train,7.3,5.5,1.1,0.6,medium,2.29,1,Heavy Daytime Social Media Users,1,Lifestyle Risk Users,1,Low Activity Moderate Social Users,1,High Stress Users,Heavy Daytime Social Media Users | Lifestyle Risk Users | Low Activity Moderate Social Users | High Stress Users
1447,train,3.2,7.5,0.9,0.9,medium,3.73,0,Light / Rested Users,0,Healthy Lifestyle Users,2,Moderately Social Users,0,Low Stress Users,Light / Rested Users | Healthy Lifestyle Users | Moderately Social Users | Low Stress Users
335,train,5.0,4.3,1.1,0.4,medium,3.8,1,Heavy Daytime Social Media Users,1,Lifestyle Risk Users,1,Low Activity Moderate Social Users,1,High Stress Users,Heavy Daytime Social Media Users | Lifestyle Risk Users | Low Activity Moderate Social Users | High Stress Users
2433,train,5.7,5.0,2.4,1.7,low,2.48,2,Heavy Night Social Media Users,1,Lifestyle Risk Users,0,Socially Isolated Users,1,High Stress Users,Heavy Night Social Media Users | Lifestyle Risk Users | Socially Isolated Users | High Stress Users
1880,train,6.5,5.3,1.0,1.9,low,2.76,1,Heavy Daytime Social Media Users,1,Lifestyle Risk Users,0,Socially Isolated Users,1,High Stress Users,Heavy Daytime Social Media Users | Lifestyle Risk Users | Socially Isolated Users | High Stress Users
445,train,1.7,8.5,1.0,1.3,medium,3.32,0,Light / Rested Users,0,Healthy Lifestyle Users,2,Moderately Social Users,0,Low Stress Users,Light / Rested Users | Healthy Lifestyle Users | Moderately Social Users | Low Stress Users
1211,train,5.4,6.0,2.7,0.3,medium,2.36,2,Heavy Night Social Media Users,1,Lifestyle Risk Users,1,Low Activity Moderate Social Users,1,High Stress Users,Heavy Night Social Media Users | Lifestyle Risk Users | Low Activity Moderate Social Users | High Stress Users
331,train,6.1,8.1,1.4,1.6,low,3.27,1,Heavy Daytime Social Media Users,0,Healthy Lifestyle Users,0,Socially Isolated Users,0,Low Stress Users,Heavy Daytime Social Media Users | Healthy Lifestyle Users | Socially Isolated Users | Low Stress Users
258,train,7.3,6.2,1.0,0.2,low,2.02,1,Heavy Daytime Social Media Users,1,Lifestyle Risk Users,0,Socially Isolated Users,0,Low Stress Users,Heavy Daytime Social Media Users | Lifestyle Risk Users | Socially Isolated Users | Low Stress Users
524,train,2.3,7.3,2.3,1.5,medium,2.8,0,Light / Rested Users,0,Healthy Lifestyle Users,2,Moderately Social Users,0,Low Stress Users,Light / Rested Users | Healthy Lifestyle Users | Moderately Social Users | Low Stress Users
925,train,1.5,5.6,2.9,0.6,high,2.57,2,Heavy Night Social Media Users,1,Lifestyle Risk Users,2,Moderately Social Users,0,Low Stress Users,Heavy Night Social Media Users | Lifestyle Risk Users | Moderately Social Users | Low Stress Users
444,train,3.5,5.9,1.3,2.0,medium,3.68,1,Heavy Daytime Social Media Users,0,Healthy Lifestyle Users,2,Moderately Social Users,0,Low Stress Users,Heavy Daytime Social Media Users | Healthy Lifestyle Users | Moderately Social Users | Low Stress Users
2262,train,6.9,5.0,1.7,0.4,low,2.22,1,Heavy Daytime Social Media Users,1,Lifestyle Risk Users,0,Socially Isolated Users,1,High Stress Users,Heavy Daytime Social Media Users | Lifestyle Risk Users | Socially Isolated Users | High Stress Users
2382,train,3.3,6.4,2.8,1.1,low,3.31,2,Heavy Night Social Media Users,0,Healthy Lifestyle Users,0,Socially Isolated Users,0,Low Stress Users,Heavy Night Social Media Users | Healthy Lifestyle Users | Socially Isolated Users | Low Stress Users
2857,train,7.4,5.5,1.4,1.8,low,2.53,1,Heavy Daytime Social Media Users,1,Lifestyle Risk Users,0,Socially Isolated Users,1,High Stress Users,Heavy Daytime Social Media Users | Lifestyle Risk Users | Socially Isolated Users | High Stress Users
2802,train,4.2,6.2,1.5,1.7,low,3.13,1,Heavy Daytime Social Media Users,0,Healthy Lifestyle Users,0,Socially Isolated Users,1,High Stress Users,Heavy Daytime Social Media Users | Healthy Lifestyle Users | Socially Isolated Users | High Stress Users
145,train,2.1,8.5,1.1,1.6,medium,3.03,0,Light / Rested Users,0,Healthy Lifestyle Users,2,Moderately Social Users,0,Low Stress Users,Light / Rested Users | Healthy Lifestyle Users | Moderately Social Users | Low Stress Users
2376,train,2.8,7.3,0.5,1.3,low,3.74,0,Light / Rested Users,0,Healthy Lifestyle Users,0,Socially Isolated Users,0,Low Stress Users,Light / Rested Users | Healthy Lifestyle Users | Socially Isolated Users | Low Stress Users
887,train,3.5,6.1,2.7,0.1,medium,3.83,2,Heavy Night Social Media Users,0,Healthy Lifestyle Users,1,Low Activity Moderate Social Users,0,Low Stress Users,Heavy Night Social Media Users | Healthy Lifestyle Users | Low Activity Moderate Social Users | Low Stress Users
906,train,3.8,7.4,2.6,0.5,low,2.25,0,Light / Rested Users,1,Lifestyle Risk Users,0,Socially Isolated Users,0,Low Stress Users,Light / Rested Users | Lifestyle Risk Users | Socially Isolated Users | Low Stress Users
3149,train,2.5,7.6,0.9,1.5,medium,3.54,0,Light / Rested Users,0,Healthy Lifestyle Users,2,Moderately Social Users,0,Low Stress Users,Light / Rested Users | Healthy Lifestyle Users | Moderately Social Users | Low Stress Users
1533,train,2.1,8.3,0.5,1.4,medium,4.0,0,Light / Rested Users,0,Healthy Lifestyle Users,2,Moderately Social Users,0,Low Stress Users,Light / Rested Users | Healthy Lifestyle Users | Moderately Social Users | Low Stress Users
3086,train,7.9,4.9,1.3,0.4,medium,2.06,1,Heavy Daytime Social Media Users,1,Lifestyle Risk Users,1,Low Activity Moderate Social Users,1,High Stress Users,Heavy Daytime Social Media Users | Lifestyle Risk Users | Low Activity Moderate Social Users | High Stress Users
2252,train,6.0,5.5,1.8,1.9,low,2.61,1,Heavy Daytime Social Media Users,1,Lifestyle Risk Users,0,Socially Isolated Users,1,High Stress Users,Heavy Daytime Social Media Users | Lifestyle Risk Users | Socially Isolated Users | High Stress Users
428,train,7.8,7.4,0.7,1.2,medium,2.54,1,Heavy Daytime Social Media Users,1,Lifestyle Risk Users,1,Low Activity Moderate Social Users,1,High Stress Users,Heavy Daytime Social Media Users | Lifestyle Risk Users | Low Activity Moderate Social Users | High Stress Users
1363,train,2.5,6.5,2.2,1.9,high,3.62,0,Light / Rested Users,0,Healthy Lifestyle Users,2,Moderately Social Users,0,Low Stress Users,Light / Rested Users | Healthy Lifestyle Users | Moderately Social Users | Low Stress Users
868,train,5.3,4.3,1.5,0.3,high,2.54,1,Heavy Daytime Social Media Users,1,Lifestyle Risk Users,1,Low Activity Moderate Social Users,1,High Stress Users,Heavy Daytime Social Media Users | Lifestyle Risk Users | Low Activity Moderate Social Users | High Stress Users
2396,train,4.4,5.0,2.4,1.7,low,2.41,2,Heavy Night Social Media Users,1,Lifestyle Risk Users,0,Socially Isolated Users,1,High Stress Users,Heavy Night Social Media Users | Lifestyle Risk Users | Socially Isolated Users | High Stress Users
2160,train,4.3,6.3,0.9,0.1,low,3.08,1,Heavy Daytime Social Media Users,0,Healthy Lifestyle Users,0,Socially Isolated Users,0,Low Stress Users,Heavy Daytime Social Media Users | Healthy Lifestyle Users | Socially Isolated Users | Low Stress Users
1863,train,5.8,5.9,2.1,1.1,high,2.37,2,Heavy Night Social Media Users,1,Lifestyle Risk Users,1,Low Activity Moderate Social Users,1,High Stress Users,Heavy Night Social Media Users | Lifestyle Risk Users | Low Activity Moderate Social Users | High Stress Users
1119,train,5.6,8.0,2.4,0.0,low,2.95,0,Light / Rested Users,0,Healthy Lifestyle Users,0,Socially Isolated Users,0,Low Stress Users,Light / Rested Users | Healthy Lifestyle Users | Socially Isolated Users | Low Stress Users
364,train,4.5,8.0,1.5,1.0,low,3.45,0,Light / Rested Users,0,Healthy Lifestyle Users,0,Socially Isolated Users,0,Low Stress Users,Light / Rested Users | Healthy Lifestyle Users | Socially Isolated Users | Low Stress Users
2371,train,6.8,5.0,2.3,1.9,low,2.49,2,Heavy Night Social Media Users,1,Lifestyle Risk Users,0,Socially Isolated Users,1,High Stress Users,Heavy Night Social Media Users | Lifestyle Risk Users | Socially Isolated Users | High Stress Users
1306,train,2.1,6.3,2.6,1.9,medium,3.65,0,Light / Rested Users,0,Healthy Lifestyle Users,2,Moderately Social Users,0,Low Stress Users,Light / Rested Users | Healthy Lifestyle Users | Moderately Social Users | Low Stress Users
7,train,4.0,4.2,0.5,1.3,low,2.4,1,Heavy Daytime Social Media Users,1,Lifestyle Risk Users,0,Socially Isolated Users,1,High Stress Users,Heavy Daytime Social Media Users | Lifestyle Risk Users | Socially Isolated Users | High Stress Users
543,train,5.1,8.6,1.9,1.1,low,3.33,0,Light / Rested Users,0,Healthy Lifestyle Users,0,Socially Isolated Users,0,Low Stress Users,Light / Rested Users | Healthy Lifestyle Users | Socially Isolated Users | Low Stress Users
3445,train,3.9,6.3,2.3,0.6,high,2.92,2,Heavy Night Social Media Users,1,Lifestyle Risk Users,1,Low Activity Moderate Social Users,0,Low Stress Users,Heavy Night Social Media Users | Lifestyle Risk Users | Low Activity Moderate Social Users | Low Stress Users
3351,train,2.2,6.9,1.2,1.6,high,3.48,0,Light / Rested Users,0,Healthy Lifestyle Users,2,Moderately Social Users,0,Low Stress Users,Light / Rested Users | Healthy Lifestyle Users | Moderately Social Users | Low Stress Users
2372,train,1.8,7.7,2.7,1.0,medium,3.52,0,Light / Rested Users,0,Healthy Lifestyle Users,2,Moderately Social Users,0,Low Stress Users,Light / Rested Users | Healthy Lifestyle Users | Moderately Social Users | Low Stress Users
1652,train,3.8,7.1,1.4,1.4,medium,3.53,0,Light / Rested Users,0,Healthy Lifestyle Users,2,Moderately Social Users,0,Low Stress Users,Light / Rested Users | Healthy Lifestyle Users | Moderately Social Users | Low Stress Users
3164,train,4.4,5.5,1.7,1.5,medium,2.74,2,Heavy Night Social Media Users,1,Lifestyle Risk Users,2,Moderately Social Users,1,High Stress Users,Heavy Night Social Media Users | Lifestyle Risk Users | Moderately Social Users | High Stress Users
2474,train,6.6,5.8,2.2,0.4,medium,2.0,2,Heavy Night Social Media Users,1,Lifestyle Risk Users,1,Low Activity Moderate Social Users,1,High Stress Users,Heavy Night Social Media Users | Lifestyle Risk Users | Low Activity Moderate Social Users | High Stress Users
3413,train,1.1,8.2,1.2,0.3,high,3.84,0,Light / Rested Users,0,Healthy Lifestyle Users,2,Moderately Social Users,0,Low Stress Users,Light / Rested Users | Healthy Lifestyle Users | Moderately Social Users | Low Stress Users
2064,train,3.6,6.6,1.8,0.0,low,2.71,0,Light / Rested Users,1,Lifestyle Risk Users,0,Socially Isolated Users,1,High Stress Users,Light / Rested Users | Lifestyle Risk Users | Socially Isolated Users | High Stress Users
3184,train,5.4,6.9,1.0,0.7,high,2.77,1,Heavy Daytime Social Media Users,1,Lifestyle Risk Users,1,Low Activity Moderate Social Users,1,High Stress Users,Heavy Daytime Social Media Users | Lifestyle Risk Users | Low Activity Moderate Social Users | High Stress Users
3543,train,6.9,6.2,0.9,0.2,high,2.29,1,Heavy Daytime Social Media Users,1,Lifestyle Risk Users,1,Low Activity Moderate Social Users,1,High Stress Users,Heavy Daytime Social Media Users | Lifestyle Risk Users | Low Activity Moderate Social Users | High Stress Users
917,train,3.3,8.5,1.2,0.5,medium,3.29,0,Light / Rested Users,0,Healthy Lifestyle Users,1,Low Activity Moderate Social Users,0,Low Stress Users,Light / Rested Users | Healthy Lifestyle Users | Low Activity Moderate Social Users | Low Stress Users
804,train,7.6,6.0,2.0,1.5,low,3.82,1,Heavy Daytime Social Media Users,0,Healthy Lifestyle Users,0,Socially Isolated Users,1,High Stress Users,Heavy Daytime Social Media Users | Healthy Lifestyle Users | Socially Isolated Users | High Stress Users
2566,train,1.4,7.2,2.8,0.1,low,3.54,0,Light / Rested Users,0,Healthy Lifestyle Users,0,Socially Isolated Users,0,Low Stress Users,Light / Rested Users | Healthy Lifestyle Users | Socially Isolated Users | Low Stress Users
1646,train,4.1,6.5,0.9,1.6,low,3.08,1,Heavy Daytime Social Media Users,0,Healthy Lifestyle Users,0,Socially Isolated Users,0,Low Stress Users,Heavy Daytime Social Media Users | Healthy Lifestyle Users | Socially Isolated Users | Low Stress Users
3078,train,2.1,6.7,2.6,0.4,high,3.35,0,Light / Rested Users,0,Healthy Lifestyle Users,2,Moderately Social Users,0,Low Stress Users,Light / Rested Users | Healthy Lifestyle Users | Moderately Social Users | Low Stress Users
1284,train,2.9,6.9,2.5,0.1,low,3.22,0,Light / Rested Users,0,Healthy Lifestyle Users,0,Socially Isolated Users,0,Low Stress Users,Light / Rested Users | Healthy Lifestyle Users | Socially Isolated Users | Low Stress Users
559,train,5.6,7.0,1.9,0.4,low,2.58,1,Heavy Daytime Social Media Users,1,Lifestyle Risk Users,0,Socially Isolated Users,1,High Stress Users,Heavy Daytime Social Media Users | Lifestyle Risk Users | Socially Isolated Users | High Stress Users
728,train,7.9,7.5,2.0,0.9,low,2.77,1,Heavy Daytime Social Media Users,1,Lifestyle Risk Users,0,Socially Isolated Users,1,High Stress Users,Heavy Daytime Social Media Users | Lifestyle Risk Users | Socially Isolated Users | High Stress Users
1653,train,4.6,4.8,2.6,1.8,low,2.67,2,Heavy Night Social Media Users,1,Lifestyle Risk Users,0,Socially Isolated Users,1,High Stress Users,Heavy Night Social Media Users | Lifestyle Risk Users | Socially Isolated Users | High Stress Users
1792,train,5.4,6.3,1.0,0.6,high,2.36,1,Heavy Daytime Social Media Users,1,Lifestyle Risk Users,1,Low Activity Moderate Social Users,1,High Stress Users,Heavy Daytime Social Media Users | Lifestyle Risk Users | Low Activity Moderate Social Users | High Stress Users
2999,train,1.7,6.4,2.7,1.4,medium,3.56,0,Light / Rested Users,0,Healthy Lifestyle Users,2,Moderately Social Users,0,Low Stress Users,Light / Rested Users | Healthy Lifestyle Users | Moderately Social Users | Low Stress Users
1782,train,1.0,7.0,2.4,0.1,low,3.43,0,Light / Rested Users,0,Healthy Lifestyle Users,0,Socially Isolated Users,0,Low Stress Users,Light / Rested Users | Healthy Lifestyle Users | Socially Isolated Users | Low Stress Users
1831,train,2.1,6.8,2.8,0.6,low,3.84,0,Light / Rested Users,0,Healthy Lifestyle Users,0,Socially Isolated Users,0,Low Stress Users,Light / Rested Users | Healthy Lifestyle Users | Socially Isolated Users | Low Stress Users
3369,train,3.9,4.9,2.6,0.3,medium,2.59,2,Heavy Night Social Media Users,1,Lifestyle Risk Users,1,Low Activity Moderate Social Users,1,High Stress Users,Heavy Night Social Media Users | Lifestyle Risk Users | Low Activity Moderate Social Users | High Stress Users
1866,train,1.9,6.9,2.0,0.1,medium,3.28,0,Light / Rested Users,0,Healthy Lifestyle Users,0,Socially Isolated Users,0,Low Stress Users,Light / Rested Users | Healthy Lifestyle Users | Socially Isolated Users | Low Stress Users
3490,train,1.9,7.5,1.2,0.1,low,3.32,0,Light / Rested Users,0,Healthy Lifestyle Users,0,Socially Isolated Users,0,Low Stress Users,Light / Rested Users | Healthy Lifestyle Users | Socially Isolated Users | Low Stress Users
1841,train,7.2,5.1,2.2,1.5,low,2.06,2,Heavy Night Social Media Users,1,Lifestyle Risk Users,0,Socially Isolated Users,1,High Stress Users,Heavy Night Social Media Users | Lifestyle Risk Users | Socially Isolated Users | High Stress Users
1954,train,7.2,4.8,1.7,1.0,low,2.11,1,Heavy Daytime Social Media Users,1,Lifestyle Risk Users,0,Socially Isolated Users,1,High Stress Users,Heavy Daytime Social Media Users | Lifestyle Risk Users | Socially Isolated Users | High Stress Users
2362,train,2.7,7.1,0.8,0.2,low,3.39,0,Light / Rested Users,0,Healthy Lifestyle Users,0,Socially Isolated Users,0,Low Stress Users,Light / Rested Users | Healthy Lifestyle Users | Socially Isolated Users | Low Stress Users
3281,train,7.1,5.3,1.2,0.5,low,2.51,1,Heavy Daytime Social Media Users,1,Lifestyle Risk Users,0,Socially Isolated Users,1,High Stress Users,Heavy Daytime Social Media Users | Lifestyle Risk Users | Socially Isolated Users | High Stress Users
347,train,4.9,8.6,3.0,1.2,low,3.62,0,Light / Rested Users,0,Healthy Lifestyle Users,0,Socially Isolated Users,0,Low Stress Users,Light / Rested Users | Healthy Lifestyle Users | Socially Isolated Users | Low Stress Users
526,train,2.9,7.5,0.6,1.0,high,2.25,0,Light / Rested Users,0,Healthy Lifestyle Users,2,Moderately Social Users,0,Low Stress Users,Light / Rested Users | Healthy Lifestyle Users | Moderately Social Users | Low Stress Users
3147,train,6.7,4.8,2.0,0.4,medium,2.11,2,Heavy Night Social Media Users,1,Lifestyle Risk Users,1,Low Activity Moderate Social Users,1,High Stress Users,Heavy Night Social Media Users | Lifestyle Risk Users | Low Activity Moderate Social Users | High Stress Users
575,train,2.2,6.5,1.9,0.2,low,3.79,0,Light / Rested Users,0,Healthy Lifestyle Users,0,Socially Isolated Users,0,Low Stress Users,Light / Rested Users | Healthy Lifestyle Users | Socially Isolated Users | Low Stress Users
2479,train,3.1,6.0,3.0,0.2,medium,2.71,2,Heavy Night Social Media Users,1,Lifestyle Risk Users,1,Low Activity Moderate Social Users,0,Low Stress Users,Heavy Night Social Media Users | Lifestyle Risk Users | Low Activity Moderate Social Users | Low Stress Users
2432,train,6.3,5.5,2.5,1.0,low,2.55,2,Heavy Night Social Media Users,1,Lifestyle Risk Users,0,Socially Isolated Users,1,High Stress Users,Heavy Night Social Media Users | Lifestyle Risk Users | Socially Isolated Users | High Stress Users
413,train,2.0,5.0,2.6,2.0,low,2.71,2,Heavy Night Social Media Users,1,Lifestyle Risk Users,0,Socially Isolated Users,0,Low Stress Users,Heavy Night Social Media Users | Lifestyle Risk Users | Socially Isolated Users | Low Stress Users
3125,train,2.5,6.1,2.5,1.0,medium,3.17,2,Heavy Night Social Media Users,0,Healthy Lifestyle Users,2,Moderately Social Users,0,Low Stress Users,Heavy Night Social Media Users | Healthy Lifestyle Users | Moderately Social Users | Low Stress Users
550,train,3.2,4.0,2.0,0.7,low,3.25,2,Heavy Night Social Media Users,1,Lifestyle Risk Users,0,Socially Isolated Users,1,High Stress Users,Heavy Night Social Media Users | Lifestyle Risk Users | Socially Isolated Users | High Stress Users
185,train,6.6,8.0,2.2,1.0,high,2.21,0,Light / Rested Users,1,Lifestyle Risk Users,1,Low Activity Moderate Social Users,1,High Stress Users,Light / Rested Users | Lifestyle Risk Users | Low Activity Moderate Social Users | High Stress Users
2430,train,2.4,6.7,0.9,1.7,medium,3.62,0,Light / Rested Users,0,Healthy Lifestyle Users,2,Moderately Social Users,0,Low Stress Users,Light / Rested Users | Healthy Lifestyle Users | Moderately Social Users | Low Stress Users
3038,train,3.2,6.3,2.5,0.4,medium,2.87,2,Heavy Night Social Media Users,0,Healthy Lifestyle Users,1,Low Activity Moderate Social Users,0,Low Stress Users,Heavy Night Social Media Users | Healthy Lifestyle Users | Low Activity Moderate Social Users | Low Stress Users
1234,train,7.1,4.2,1.0,1.8,high,2.54,1,Heavy Daytime Social Media Users,1,Lifestyle Risk Users,1,Low Activity Moderate Social Users,1,High Stress Users,Heavy Daytime Social Media Users | Lifestyle Risk Users | Low Activity Moderate Social Users | High Stress Users
3320,train,1.9,7.6,2.2,1.9,low,3.6,0,Light / Rested Users,0,Healthy Lifestyle Users,0,Socially Isolated Users,0,Low Stress Users,Light / Rested Users | Healthy Lifestyle Users | Socially Isolated Users | Low Stress Users
2689,train,5.8,4.7,2.7,1.0,low,2.52,2,Heavy Night Social Media Users,1,Lifestyle Risk Users,0,Socially Isolated Users,1,High Stress Users,Heavy Night Social Media Users | Lifestyle Risk Users | Socially Isolated Users | High Stress Users
2568,train,6.0,5.1,2.0,1.9,high,2.29,2,Heavy Night Social Media Users,1,Lifestyle Risk Users,2,Moderately Social Users,1,High Stress Users,Heavy Night Social Media Users | Lifestyle Risk Users | Moderately Social Users | High Stress Users
2352,train,1.6,6.3,2.4,0.5,medium,3.0,0,Light / Rested Users,0,Healthy Lifestyle Users,2,Moderately Social Users,0,Low Stress Users,Light / Rested Users | Healthy Lifestyle Users | Moderately Social Users | Low Stress Users
2487,train,7.1,5.7,1.8,1.7,low,2.5,1,Heavy Daytime Social Media Users,1,Lifestyle Risk Users,0,Socially Isolated Users,1,High Stress Users,Heavy Daytime Social Media Users | Lifestyle Risk Users | Socially Isolated Users | High Stress Users
3256,train,2.0,7.5,2.1,1.6,high,3.63,0,Light / Rested Users,0,Healthy Lifestyle Users,2,Moderately Social Users,0,Low Stress Users,Light / Rested Users | Healthy Lifestyle Users | Moderately Social Users | Low Stress Users
2181,train,1.9,6.8,1.9,1.9,high,3.5,0,Light / Rested Users,0,Healthy Lifestyle Users,2,Moderately Social Users,0,Low Stress Users,Light / Rested Users | Healthy Lifestyle Users | Moderately Social Users | Low Stress Users
326,train,5.4,8.1,1.8,0.9,medium,2.53,0,Light / Rested Users,0,Healthy Lifestyle Users,1,Low Activity Moderate Social Users,0,Low Stress Users,Light / Rested Users | Healthy Lifestyle Users | Low Activity Moderate Social Users | Low Stress Users
711,train,7.7,8.0,1.3,1.1,medium,3.78,1,Heavy Daytime Social Media Users,0,Healthy Lifestyle Users,1,Low Activity Moderate Social Users,0,Low Stress Users,Heavy Daytime Social Media Users | Healthy Lifestyle Users | Low Activity Moderate Social Users | Low Stress Users
1837,train,7.5,4.0,2.7,0.9,low,2.16,2,Heavy Night Social Media Users,1,Lifestyle Risk Users,0,Socially Isolated Users,1,High Stress Users,Heavy Night Social Media Users | Lifestyle Risk Users | Socially Isolated Users | High Stress Users
2150,train,1.9,7.4,2.1,1.9,medium,3.56,0,Light / Rested Users,0,Healthy Lifestyle Users,2,Moderately Social Users,0,Low Stress Users,Light / Rested Users | Healthy Lifestyle Users | Moderately Social Users | Low Stress Users
1920,train,3.2,7.6,0.8,1.2,medium,3.25,0,Light / Rested Users,0,Healthy Lifestyle Users,2,Moderately Social Users,0,Low Stress Users,Light / Rested Users | Healthy Lifestyle Users | Moderately Social Users | Low Stress Users
2793,train,1.7,7.4,2.2,0.7,low,3.07,0,Light / Rested Users,0,Healthy Lifestyle Users,0,Socially Isolated Users,0,Low Stress Users,Light / Rested Users | Healthy Lifestyle Users | Socially Isolated Users | Low Stress Users
2452,train,1.2,6.5,1.8,0.3,medium,3.58,0,Light / Rested Users,0,Healthy Lifestyle Users,2,Moderately Social Users,0,Low Stress Users,Light / Rested Users | Healthy Lifestyle Users | Moderately Social Users | Low Stress Users
1690,train,1.0,7.3,2.9,1.8,medium,3.61,0,Light / Rested Users,0,Healthy Lifestyle Users,2,Moderately Social Users,0,Low Stress Users,Light / Rested Users | Healthy Lifestyle Users | Moderately Social Users | Low Stress Users
1036,train,4.5,7.0,2.7,1.8,high,2.89,2,Heavy Night Social Media Users,0,Healthy Lifestyle Users,2,Moderately Social Users,0,Low Stress Users,Heavy Night Social Media Users | Healthy Lifestyle Users | Moderately Social Users | Low Stress Users
1814,train,5.1,5.5,2.6,0.3,medium,2.07,2,Heavy Night Social Media Users,1,Lifestyle Risk Users,1,Low Activity Moderate Social Users,1,High Stress Users,Heavy Night Social Media Users | Lifestyle Risk Users | Low Activity Moderate Social Users | High Stress Users
2993,train,5.7,5.8,1.4,0.7,medium,2.24,1,Heavy Daytime Social Media Users,1,Lifestyle Risk Users,1,Low Activity Moderate Social Users,1,High Stress Users,Heavy Daytime Social Media Users | Lifestyle Risk Users | Low Activity Moderate Social Users | High Stress Users
3277,train,4.4,7.0,0.9,0.8,medium,3.04,1,Heavy Daytime Social Media Users,0,Healthy Lifestyle Users,1,Low Activity Moderate Social Users,0,Low Stress Users,Heavy Daytime Social Media Users | Healthy Lifestyle Users | Low Activity Moderate Social Users | Low Stress Users
945,train,1.8,5.5,1.6,1.3,medium,3.29,0,Light / Rested Users,0,Healthy Lifestyle Users,2,Moderately Social Users,0,Low Stress Users,Light / Rested Users | Healthy Lifestyle Users | Moderately Social Users | Low Stress Users
1017,train,7.6,6.1,0.8,1.3,low,3.09,1,Heavy Daytime Social Media Users,1,Lifestyle Risk Users,0,Socially Isolated Users,1,High Stress Users,Heavy Daytime Social Media Users | Lifestyle Risk Users | Socially Isolated Users | High Stress Users
2108,train,4.5,6.8,1.9,1.3,medium,3.49,0,Light / Rested Users,0,Healthy Lifestyle Users,2,Moderately Social Users,0,Low Stress Users,Light / Rested Users | Healthy Lifestyle Users | Moderately Social Users | Low Stress Users
1392,train,1.6,8.8,0.6,0.4,medium,3.84,0,Light / Rested Users,0,Healthy Lifestyle Users,2,Moderately Social Users,0,Low Stress Users,Light / Rested Users | Healthy Lifestyle Users | Moderately Social Users | Low Stress Users
2763,train,5.9,6.0,1.6,1.9,low,3.54,1,Heavy Daytime Social Media Users,0,Healthy Lifestyle Users,0,Socially Isolated Users,0,Low Stress Users,Heavy Daytime Social Media Users | Healthy Lifestyle Users | Socially Isolated Users | Low Stress Users
519,train,6.2,5.1,1.5,0.2,high,3.85,1,Heavy Daytime Social Media Users,1,Lifestyle Risk Users,1,Low Activity Moderate Social Users,1,High Stress Users,Heavy Daytime Social Media Users | Lifestyle Risk Users | Low Activity Moderate Social Users | High Stress Users
2084,train,4.8,4.8,2.8,1.7,low,2.61,2,Heavy Night Social Media Users,1,Lifestyle Risk Users,0,Socially Isolated Users,1,High Stress Users,Heavy Night Social Media Users | Lifestyle Risk Users | Socially Isolated Users | High Stress Users
2186,train,2.4,5.1,2.9,1.1,low,3.3,2,Heavy Night Social Media Users,0,Healthy Lifestyle Users,0,Socially Isolated Users,0,Low Stress Users,Heavy Night Social Media Users | Healthy Lifestyle Users | Socially Isolated Users | Low Stress Users
2027,train,3.7,6.6,0.9,0.1,low,2.78,0,Light / Rested Users,0,Healthy Lifestyle Users,0,Socially Isolated Users,0,Low Stress Users,Light / Rested Users | Healthy Lifestyle Users | Socially Isolated Users | Low Stress Users
3360,train,7.8,4.0,2.4,0.0,low,2.29,2,Heavy Night Social Media Users,1,Lifestyle Risk Users,0,Socially Isolated Users,1,High Stress Users,Heavy Night Social Media Users | Lifestyle Risk Users | Socially Isolated Users | High Stress Users
3303,train,1.6,7.2,1.8,1.6,high,3.73,0,Light / Rested Users,0,Healthy Lifestyle Users,2,Moderately Social Users,0,Low Stress Users,Light / Rested Users | Healthy Lifestyle Users | Moderately Social Users | Low Stress Users
2342,train,3.3,6.1,2.3,1.7,high,3.57,2,Heavy Night Social Media Users,0,Healthy Lifestyle Users,2,Moderately Social Users,0,Low Stress Users,Heavy Night Social Media Users | Healthy Lifestyle Users | Moderately Social Users | Low Stress Users
3550,train,7.5,5.3,1.2,1.7,high,2.14,1,Heavy Daytime Social Media Users,1,Lifestyle Risk Users,1,Low Activity Moderate Social Users,1,High Stress Users,Heavy Daytime Social Media Users | Lifestyle Risk Users | Low Activity Moderate Social Users | High Stress Users
795,train,5.5,5.3,2.6,2.0,low,3.09,2,Heavy Night Social Media Users,1,Lifestyle Risk Users,0,Socially Isolated Users,1,High Stress Users,Heavy Night Social Media Users | Lifestyle Risk Users | Socially Isolated Users | High Stress Users
2310,train,4.7,6.4,0.8,0.3,high,2.8,1,Heavy Daytime Social Media Users,1,Lifestyle Risk Users,1,Low Activity Moderate Social Users,1,High Stress Users,Heavy Daytime Social Media Users | Lifestyle Risk Users | Low Activity Moderate Social Users | High Stress Users
485,train,3.9,7.7,1.4,1.7,high,2.86,0,Light / Rested Users,0,Healthy Lifestyle Users,2,Moderately Social Users,0,Low Stress Users,Light / Rested Users | Healthy Lifestyle Users | Moderately Social Users | Low Stress Users
2268,train,6.4,4.9,2.5,1.8,medium,2.42,2,Heavy Night Social Media Users,1,Lifestyle Risk Users,2,Moderately Social Users,1,High Stress Users,Heavy Night Social Media Users | Lifestyle Risk Users | Moderately Social Users | High Stress Users
2830,train,3.7,6.8,0.9,1.2,medium,2.86,0,Light / Rested Users,0,Healthy Lifestyle Users,2,Moderately Social Users,0,Low Stress Users,Light / Rested Users | Healthy Lifestyle Users | Moderately Social Users | Low Stress Users
2005,train,7.4,4.0,2.6,0.0,medium,2.0,2,Heavy Night Social Media Users,1,Lifestyle Risk Users,1,Low Activity Moderate Social Users,1,High Stress Users,Heavy Night Social Media Users | Lifestyle Risk Users | Low Activity Moderate Social Users | High Stress Users
1402,train,7.3,4.7,1.9,0.3,low,2.11,2,Heavy Night Social Media Users,1,Lifestyle Risk Users,0,Socially Isolated Users,1,High Stress Users,Heavy Night Social Media Users | Lifestyle Risk Users | Socially Isolated Users | High Stress Users
2287,train,2.3,8.2,2.0,0.9,low,3.52,0,Light / Rested Users,0,Healthy Lifestyle Users,0,Socially Isolated Users,0,Low Stress Users,Light / Rested Users | Healthy Lifestyle Users | Socially Isolated Users | Low Stress Users
2544,train,4.6,5.9,2.1,0.0,low,2.6,2,Heavy Night Social Media Users,1,Lifestyle Risk Users,0,Socially Isolated Users,1,High Stress Users,Heavy Night Social Media Users | Lifestyle Risk Users | Socially Isolated Users | High Stress Users
2730,train,2.7,8.1,0.7,0.6,medium,3.79,0,Light / Rested Users,0,Healthy Lifestyle Users,2,Moderately Social Users,0,Low Stress Users,Light / Rested Users | Healthy Lifestyle Users | Moderately Social Users | Low Stress Users
2737,train,7.8,5.4,0.9,1.9,medium,2.18,1,Heavy Daytime Social Media Users,1,Lifestyle Risk Users,1,Low Activity Moderate Social Users,1,High Stress Users,Heavy Daytime Social Media Users | Lifestyle Risk Users | Low Activity Moderate Social Users | High Stress Users
2123,train,2.3,6.5,1.8,1.6,high,3.67,0,Light / Rested Users,0,Healthy Lifestyle Users,2,Moderately Social Users,0,Low Stress Users,Light / Rested Users | Healthy Lifestyle Users | Moderately Social Users | Low Stress Users
2345,train,4.3,5.9,2.8,1.2,high,3.2,2,Heavy Night Social Media Users,0,Healthy Lifestyle Users,2,Moderately Social Users,0,Low Stress Users,Heavy Night Social Media Users | Healthy Lifestyle Users | Moderately Social Users | Low Stress Users
1321,train,4.3,6.3,2.9,1.1,medium,2.61,2,Heavy Night Social Media Users,1,Lifestyle Risk Users,2,Moderately Social Users,1,High Stress Users,Heavy Night Social Media Users | Lifestyle Risk Users | Moderately Social Users | High Stress Users
3633,train,7.4,5.0,1.7,0.4,low,2.0,1,Heavy Daytime Social Media Users,1,Lifestyle Risk Users,0,Socially Isolated Users,1,High Stress Users,Heavy Daytime Social Media Users | Lifestyle Risk Users | Socially Isolated Users | High Stress Users
1512,train,7.4,5.1,1.4,0.6,high,2.0,1,Heavy Daytime Social Media Users,1,Lifestyle Risk Users,1,Low Activity Moderate Social Users,1,High Stress Users,Heavy Daytime Social Media Users | Lifestyle Risk Users | Low Activity Moderate Social Users | High Stress Users
842,train,1.1,8.7,2.1,0.7,medium,3.01,0,Light / Rested Users,0,Healthy Lifestyle Users,2,Moderately Social Users,0,Low Stress Users,Light / Rested Users | Healthy Lifestyle Users | Moderately Social Users | Low Stress Users
3487,train,3.8,6.8,0.7,0.8,high,3.08,1,Heavy Daytime Social Media Users,0,Healthy Lifestyle Users,1,Low Activity Moderate Social Users,0,Low Stress Users,Heavy Daytime Social Media Users | Healthy Lifestyle Users | Low Activity Moderate Social Users | Low Stress Users
952,train,3.0,5.0,2.0,1.2,medium,2.45,2,Heavy Night Social Media Users,1,Lifestyle Risk Users,2,Moderately Social Users,1,High Stress Users,Heavy Night Social Media Users | Lifestyle Risk Users | Moderately Social Users | High Stress Users
1420,train,1.9,7.0,2.5,1.5,high,3.59,0,Light / Rested Users,0,Healthy Lifestyle Users,2,Moderately Social Users,0,Low Stress Users,Light / Rested Users | Healthy Lifestyle Users | Moderately Social Users | Low Stress Users
127,train,6.0,7.2,1.5,0.2,low,2.36,1,Heavy Daytime Social Media Users,1,Lifestyle Risk Users,0,Socially Isolated Users,0,Low Stress Users,Heavy Daytime Social Media Users | Lifestyle Risk Users | Socially Isolated Users | Low Stress Users
3077,train,7.8,5.8,0.6,0.5,high,2.13,1,Heavy Daytime Social Media Users,1,Lifestyle Risk Users,1,Low Activity Moderate Social Users,1,High Stress Users,Heavy Daytime Social Media Users | Lifestyle Risk Users | Low Activity Moderate Social Users | High Stress Users
2083,train,6.7,6.7,0.6,1.2,medium,2.59,1,Heavy Daytime Social Media Users,1,Lifestyle Risk Users,1,Low Activity Moderate Social Users,1,High Stress Users,Heavy Daytime Social Media Users | Lifestyle Risk Users | Low Activity Moderate Social Users | High Stress Users
857,train,2.1,5.6,2.4,1.0,high,3.56,2,Heavy Night Social Media Users,0,Healthy Lifestyle Users,2,Moderately Social Users,0,Low Stress Users,Heavy Night Social Media Users | Healthy Lifestyle Users | Moderately Social Users | Low Stress Users
2918,train,1.3,7.5,1.2,1.7,high,3.99,0,Light / Rested Users,0,Healthy Lifestyle Users,2,Moderately Social Users,0,Low Stress Users,Light / Rested Users | Healthy Lifestyle Users | Moderately Social Users | Low Stress Users
839,train,1.9,5.1,2.9,1.0,low,2.62,2,Heavy Night Social Media Users,1,Lifestyle Risk Users,0,Socially Isolated Users,0,Low Stress Users,Heavy Night Social Media Users | Lifestyle Risk Users | Socially Isolated Users | Low Stress Users
1167,train,1.3,4.4,0.9,0.0,high,2.99,1,Heavy Daytime Social Media Users,0,Healthy Lifestyle Users,1,Low Activity Moderate Social Users,0,Low Stress Users,Heavy Daytime Social Media Users | Healthy Lifestyle Users | Low Activity Moderate Social Users | Low Stress Users
3337,train,6.9,4.9,2.4,0.4,medium,2.36,2,Heavy Night Social Media Users,1,Lifestyle Risk Users,1,Low Activity Moderate Social Users,1,High Stress Users,Heavy Night Social Media Users | Lifestyle Risk Users | Low Activity Moderate Social Users | High Stress Users
345,train,1.6,8.4,1.4,0.1,medium,3.47,0,Light / Rested Users,0,Healthy Lifestyle Users,0,Socially Isolated Users,0,Low Stress Users,Light / Rested Users | Healthy Lifestyle Users | Socially Isolated Users | Low Stress Users
674,train,2.8,6.4,1.4,1.4,medium,2.38,0,Light / Rested Users,0,Healthy Lifestyle Users,2,Moderately Social Users,0,Low Stress Users,Light / Rested Users | Healthy Lifestyle Users | Moderately Social Users | Low Stress Users
1049,train,1.8,6.9,2.7,1.7,high,2.53,0,Light / Rested Users,0,Healthy Lifestyle Users,2,Moderately Social Users,0,Low Stress Users,Light / Rested Users | Healthy Lifestyle Users | Moderately Social Users | Low Stress Users
2684,train,7.3,4.0,3.0,0.6,medium,2.0,2,Heavy Night Social Media Users,1,Lifestyle Risk Users,1,Low Activity Moderate Social Users,1,High Stress Users,Heavy Night Social Media Users | Lifestyle Risk Users | Low Activity Moderate Social Users | High Stress Users
3208,train,7.2,5.8,0.8,1.3,low,2.74,1,Heavy Daytime Social Media Users,1,Lifestyle Risk Users,0,Socially Isolated Users,1,High Stress Users,Heavy Daytime Social Media Users | Lifestyle Risk Users | Socially Isolated Users | High Stress Users
2623,train,7.7,5.1,2.6,0.1,medium,2.0,2,Heavy Night Social Media Users,1,Lifestyle Risk Users,1,Low Activity Moderate Social Users,1,High Stress Users,Heavy Night Social Media Users | Lifestyle Risk Users | Low Activity Moderate Social Users | High Stress Users
2457,train,4.8,6.4,0.7,0.1,medium,2.0,1,Heavy Daytime Social Media Users,1,Lifestyle Risk Users,1,Low Activity Moderate Social Users,1,High Stress Users,Heavy Daytime Social Media Users | Lifestyle Risk Users | Low Activity Moderate Social Users | High Stress Users
2225,train,5.4,6.0,1.9,1.1,low,2.61,2,Heavy Night Social Media Users,1,Lifestyle Risk Users,0,Socially Isolated Users,1,High Stress Users,Heavy Night Social Media Users | Lifestyle Risk Users | Socially Isolated Users | High Stress Users
2538,train,7.1,6.9,1.0,0.1,medium,2.52,1,Heavy Daytime Social Media Users,1,Lifestyle Risk Users,1,Low Activity Moderate Social Users,1,High Stress Users,Heavy Daytime Social Media Users | Lifestyle Risk Users | Low Activity Moderate Social Users | High Stress Users
2390,train,7.1,5.9,0.9,0.6,medium,2.54,1,Heavy Daytime Social Media Users,1,Lifestyle Risk Users,1,Low Activity Moderate Social Users,1,High Stress Users,Heavy Daytime Social Media Users | Lifestyle Risk Users | Low Activity Moderate Social Users | High Stress Users
2117,train,1.3,6.3,2.1,0.1,low,3.1,0,Light / Rested Users,0,Healthy Lifestyle Users,0,Socially Isolated Users,0,Low Stress Users,Light / Rested Users | Healthy Lifestyle Users | Socially Isolated Users | Low Stress Users
3377,train,2.4,7.1,1.8,1.6,low,3.21,0,Light / Rested Users,0,Healthy Lifestyle Users,0,Socially Isolated Users,0,Low Stress Users,Light / Rested Users | Healthy Lifestyle Users | Socially Isolated Users | Low Stress Users
1875,train,6.2,5.0,2.6,0.6,high,2.37,2,Heavy Night Social Media Users,1,Lifestyle Risk Users,1,Low Activity Moderate Social Users,1,High Stress Users,Heavy Night Social Media Users | Lifestyle Risk Users | Low Activity Moderate Social Users | High Stress Users
367,train,5.3,8.4,2.2,0.6,high,2.81,0,Light / Rested Users,0,Healthy Lifestyle Users,1,Low Activity Moderate Social Users,0,Low Stress Users,Light / Rested Users | Healthy Lifestyle Users | Low Activity Moderate Social Users | Low Stress Users
2603,train,1.4,7.8,1.6,0.9,medium,3.63,0,Light / Rested Users,0,Healthy Lifestyle Users,2,Moderately Social Users,0,Low Stress Users,Light / Rested Users | Healthy Lifestyle Users | Moderately Social Users | Low Stress Users
3097,train,7.5,4.2,2.6,1.1,low,2.0,2,Heavy Night Social Media Users,1,Lifestyle Risk Users,0,Socially Isolated Users,1,High Stress Users,Heavy Night Social Media Users | Lifestyle Risk Users | Socially Isolated Users | High Stress Users
1815,train,4.0,5.6,1.2,0.3,medium,2.24,1,Heavy Daytime Social Media Users,1,Lifestyle Risk Users,1,Low Activity Moderate Social Users,1,High Stress Users,Heavy Daytime Social Media Users | Lifestyle Risk Users | Low Activity Moderate Social Users | High Stress Users
3403,train,6.6,6.7,0.6,0.6,low,2.19,1,Heavy Daytime Social Media Users,1,Lifestyle Risk Users,0,Socially Isolated Users,1,High Stress Users,Heavy Daytime Social Media Users | Lifestyle Risk Users | Socially Isolated Users | High Stress Users
2968,train,5.5,6.6,1.4,0.8,high,2.38,1,Heavy Daytime Social Media Users,1,Lifestyle Risk Users,1,Low Activity Moderate Social Users,1,High Stress Users,Heavy Daytime Social Media Users | Lifestyle Risk Users | Low Activity Moderate Social Users | High Stress Users
2804,train,1.2,8.2,1.5,0.2,low,3.71,0,Light / Rested Users,0,Healthy Lifestyle Users,0,Socially Isolated Users,0,Low Stress Users,Light / Rested Users | Healthy Lifestyle Users | Socially Isolated Users | Low Stress Users
2545,train,3.0,7.4,1.2,1.2,high,3.24,0,Light / Rested Users,0,Healthy Lifestyle Users,2,Moderately Social Users,0,Low Stress Users,Light / Rested Users | Healthy Lifestyle Users | Moderately Social Users | Low Stress Users
105,train,4.0,4.5,1.0,1.8,low,3.65,1,Heavy Daytime Social Media Users,0,Healthy Lifestyle Users,0,Socially Isolated Users,1,High Stress Users,Heavy Daytime Social Media Users | Healthy Lifestyle Users | Socially Isolated Users | High Stress Users
3417,train,5.5,5.6,2.0,0.2,low,2.29,2,Heavy Night Social Media Users,1,Lifestyle Risk Users,0,Socially Isolated Users,1,High Stress Users,Heavy Night Social Media Users | Lifestyle Risk Users | Socially Isolated Users | High Stress Users
435,train,4.0,4.3,1.8,0.9,high,2.17,2,Heavy Night Social Media Users,1,Lifestyle Risk Users,1,Low Activity Moderate Social Users,1,High Stress Users,Heavy Night Social Media Users | Lifestyle Risk Users | Low Activity Moderate Social Users | High Stress Users
1070,train,7.3,5.7,2.9,1.8,medium,3.48,2,Heavy Night Social Media Users,1,Lifestyle Risk Users,1,Low Activity Moderate Social Users,1,High Stress Users,Heavy Night Social Media Users | Lifestyle Risk Users | Low Activity Moderate Social Users | High Stress Users
744,train,6.7,8.8,1.9,1.0,low,2.55,0,Light / Rested Users,0,Healthy Lifestyle Users,0,Socially Isolated Users,1,High Stress Users,Light / Rested Users | Healthy Lifestyle Users | Socially Isolated Users | High Stress Users
1134,train,5.3,4.6,1.5,0.6,medium,2.54,1,Heavy Daytime Social Media Users,1,Lifestyle Risk Users,1,Low Activity Moderate Social Users,1,High Stress Users,Heavy Daytime Social Media Users | Lifestyle Risk Users | Low Activity Moderate Social Users | High Stress Users
1797,train,2.4,6.6,1.4,0.5,high,3.53,0,Light / Rested Users,0,Healthy Lifestyle Users,2,Moderately Social Users,0,Low Stress Users,Light / Rested Users | Healthy Lifestyle Users | Moderately Social Users | Low Stress Users
56,train,4.5,5.0,2.5,0.7,medium,2.65,2,Heavy Night Social Media Users,1,Lifestyle Risk Users,1,Low Activity Moderate Social Users,1,High Stress Users,Heavy Night Social Media Users | Lifestyle Risk Users | Low Activity Moderate Social Users | High Stress Users
1622,train,6.8,5.4,0.7,1.2,low,2.58,1,Heavy Daytime Social Media Users,1,Lifestyle Risk Users,0,Socially Isolated Users,1,High Stress Users,Heavy Daytime Social Media Users | Lifestyle Risk Users | Socially Isolated Users | High Stress Users
1802,train,5.2,5.8,2.5,1.5,low,2.75,2,Heavy Night Social Media Users,1,Lifestyle Risk Users,0,Socially Isolated Users,1,High Stress Users,Heavy Night Social Media Users | Lifestyle Risk Users | Socially Isolated Users | High Stress Users
1922,train,1.9,7.5,1.2,0.4,low,3.33,0,Light / Rested Users,0,Healthy Lifestyle Users,0,Socially Isolated Users,0,Low Stress Users,Light / Rested Users | Healthy Lifestyle Users | Socially Isolated Users | Low Stress Users
1482,train,7.7,5.7,1.3,0.7,low,2.26,1,Heavy Daytime Social Media Users,1,Lifestyle Risk Users,0,Socially Isolated Users,1,High Stress Users,Heavy Daytime Social Media Users | Lifestyle Risk Users | Socially Isolated Users | High Stress Users
3566,train,4.0,5.9,2.3,1.0,high,3.13,2,Heavy Night Social Media Users,0,Healthy Lifestyle Users,2,Moderately Social Users,0,Low Stress Users,Heavy Night Social Media Users | Healthy Lifestyle Users | Moderately Social Users | Low Stress Users
3152,train,6.8,4.4,2.4,1.1,low,2.16,2,Heavy Night Social Media Users,1,Lifestyle Risk Users,0,Socially Isolated Users,1,High Stress Users,Heavy Night Social Media Users | Lifestyle Risk Users | Socially Isolated Users | High Stress Users
3588,train,6.7,5.8,0.8,0.7,high,2.0,1,Heavy Daytime Social Media Users,1,Lifestyle Risk Users,1,Low Activity Moderate Social Users,1,High Stress Users,Heavy Daytime Social Media Users | Lifestyle Risk Users | Low Activity Moderate Social Users | High Stress Users
3419,train,4.3,5.8,2.6,2.0,low,3.23,2,Heavy Night Social Media Users,0,Healthy Lifestyle Users,0,Socially Isolated Users,0,Low Stress Users,Heavy Night Social Media Users | Healthy Lifestyle Users | Socially Isolated Users | Low Stress Users
1823,train,3.8,5.2,2.8,0.3,medium,2.6,2,Heavy Night Social Media Users,1,Lifestyle Risk Users,1,Low Activity Moderate Social Users,1,High Stress Users,Heavy Night Social Media Users | Lifestyle Risk Users | Low Activity Moderate Social Users | High Stress Users
1207,train,5.8,6.1,1.2,0.9,high,2.62,1,Heavy Daytime Social Media Users,1,Lifestyle Risk Users,1,Low Activity Moderate Social Users,1,High Stress Users,Heavy Daytime Social Media Users | Lifestyle Risk Users | Low Activity Moderate Social Users | High Stress Users
1116,train,2.2,5.1,2.3,1.0,high,3.6,2,Heavy Night Social Media Users,0,Healthy Lifestyle Users,2,Moderately Social Users,0,Low Stress Users,Heavy Night Social Media Users | Healthy Lifestyle Users | Moderately Social Users | Low Stress Users
1680,train,4.6,6.5,1.0,0.3,high,2.84,1,Heavy Daytime Social Media Users,0,Healthy Lifestyle Users,1,Low Activity Moderate Social Users,1,High Stress Users,Heavy Daytime Social Media Users | Healthy Lifestyle Users | Low Activity Moderate Social Users | High Stress Users
3483,train,1.6,8.4,1.2,1.9,medium,3.97,0,Light / Rested Users,0,Healthy Lifestyle Users,2,Moderately Social Users,0,Low Stress Users,Light / Rested Users | Healthy Lifestyle Users | Moderately Social Users | Low Stress Users
1339,train,3.1,6.7,1.1,1.5,low,3.51,0,Light / Rested Users,0,Healthy Lifestyle Users,0,Socially Isolated Users,0,Low Stress Users,Light / Rested Users | Healthy Lifestyle Users | Socially Isolated Users | Low Stress Users
67,train,5.8,7.6,0.7,1.0,medium,2.83,1,Heavy Daytime Social Media Users,0,Healthy Lifestyle Users,1,Low Activity Moderate Social Users,1,High Stress Users,Heavy Daytime Social Media Users | Healthy Lifestyle Users | Low Activity Moderate Social Users | High Stress Users
2555,train,2.2,7.4,1.4,0.5,high,3.58,0,Light / Rested Users,0,Healthy Lifestyle Users,2,Moderately Social Users,0,Low Stress Users,Light / Rested Users | Healthy Lifestyle Users | Moderately Social Users | Low Stress Users
2600,train,3.0,6.9,1.5,1.6,high,2.87,0,Light / Rested Users,0,Healthy Lifestyle Users,2,Moderately Social Users,0,Low Stress Users,Light / Rested Users | Healthy Lifestyle Users | Moderately Social Users | Low Stress Users
943,train,3.6,4.8,1.0,1.1,medium,3.71,1,Heavy Daytime Social Media Users,0,Healthy Lifestyle Users,2,Moderately Social Users,1,High Stress Users,Heavy Daytime Social Media Users | Healthy Lifestyle Users | Moderately Social Users | High Stress Users
2696,train,3.2,7.3,0.8,1.3,high,3.16,0,Light / Rested Users,0,Healthy Lifestyle Users,2,Moderately Social Users,0,Low Stress Users,Light / Rested Users | Healthy Lifestyle Users | Moderately Social Users | Low Stress Users
455,train,4.6,7.3,2.8,0.6,high,3.22,2,Heavy Night Social Media Users,0,Healthy Lifestyle Users,1,Low Activity Moderate Social Users,0,Low Stress Users,Heavy Night Social Media Users | Healthy Lifestyle Users | Low Activity Moderate Social Users | Low Stress Users
1914,train,7.7,4.9,2.3,0.8,low,2.32,2,Heavy Night Social Media Users,1,Lifestyle Risk Users,0,Socially Isolated Users,1,High Stress Users,Heavy Night Social Media Users | Lifestyle Risk Users | Socially Isolated Users | High Stress Users
3553,train,5.1,5.6,2.9,1.7,medium,2.67,2,Heavy Night Social Media Users,1,Lifestyle Risk Users,2,Moderately Social Users,1,High Stress Users,Heavy Night Social Media Users | Lifestyle Risk Users | Moderately Social Users | High Stress Users
1313,train,2.1,8.0,0.7,1.3,low,3.62,0,Light / Rested Users,0,Healthy Lifestyle Users,0,Socially Isolated Users,0,Low Stress Users,Light / Rested Users | Healthy Lifestyle Users | Socially Isolated Users | Low Stress Users
187,train,5.4,6.3,2.8,0.8,low,3.06,2,Heavy Night Social Media Users,1,Lifestyle Risk Users,0,Socially Isolated Users,1,High Stress Users,Heavy Night Social Media Users | Lifestyle Risk Users | Socially Isolated Users | High Stress Users
3637,train,7.6,4.9,1.9,0.7,medium,2.36,2,Heavy Night Social Media Users,1,Lifestyle Risk Users,1,Low Activity Moderate Social Users,1,High Stress Users,Heavy Night Social Media Users | Lifestyle Risk Users | Low Activity Moderate Social Users | High Stress Users
85,train,5.0,9.0,2.5,0.9,high,3.4,0,Light / Rested Users,0,Healthy Lifestyle Users,1,Low Activity Moderate Social Users,1,High Stress Users,Light / Rested Users | Healthy Lifestyle Users | Low Activity Moderate Social Users | High Stress Users
1289,train,1.2,8.9,0.6,0.7,medium,4.0,0,Light / Rested Users,0,Healthy Lifestyle Users,2,Moderately Social Users,0,Low Stress Users,Light / Rested Users | Healthy Lifestyle Users | Moderately Social Users | Low Stress Users
2066,train,7.3,5.7,1.2,0.7,low,2.0,1,Heavy Daytime Social Media Users,1,Lifestyle Risk Users,0,Socially Isolated Users,1,High Stress Users,Heavy Daytime Social Media Users | Lifestyle Risk Users | Socially Isolated Users | High Stress Users
2436,train,6.3,6.1,2.2,1.2,medium,2.2,2,Heavy Night Social Media Users,1,Lifestyle Risk Users,1,Low Activity Moderate Social Users,1,High Stress Users,Heavy Night Social Media Users | Lifestyle Risk Users | Low Activity Moderate Social Users | High Stress Users
1862,train,6.4,4.9,1.7,0.9,high,2.33,1,Heavy Daytime Social Media Users,1,Lifestyle Risk Users,1,Low Activity Moderate Social Users,1,High Stress Users,Heavy Daytime Social Media Users | Lifestyle Risk Users | Low Activity Moderate Social Users | High Stress Users
1341,train,6.4,6.8,1.0,1.3,high,2.99,1,Heavy Daytime Social Media Users,0,Healthy Lifestyle Users,1,Low Activity Moderate Social Users,1,High Stress Users,Heavy Daytime Social Media Users | Healthy Lifestyle Users | Low Activity Moderate Social Users | High Stress Users
3386,train,1.6,7.3,1.1,1.2,medium,3.37,0,Light / Rested Users,0,Healthy Lifestyle Users,2,Moderately Social Users,0,Low Stress Users,Light / Rested Users | Healthy Lifestyle Users | Moderately Social Users | Low Stress Users
170,train,1.9,8.5,0.8,1.3,medium,3.33,0,Light / Rested Users,0,Healthy Lifestyle Users,2,Moderately Social Users,0,Low Stress Users,Light / Rested Users | Healthy Lifestyle Users | Moderately Social Users | Low Stress Users
1126,train,7.5,5.6,2.3,0.0,high,2.37,2,Heavy Night Social Media Users,1,Lifestyle Risk Users,1,Low Activity Moderate Social Users,1,High Stress Users,Heavy Night Social Media Users | Lifestyle Risk Users | Low Activity Moderate Social Users | High Stress Users
502,train,7.4,7.0,1.8,1.4,medium,2.17,1,Heavy Daytime Social Media Users,1,Lifestyle Risk Users,1,Low Activity Moderate Social Users,1,High Stress Users,Heavy Daytime Social Media Users | Lifestyle Risk Users | Low Activity Moderate Social Users | High Stress Users
3693,train,2.4,7.8,0.7,1.8,medium,3.99,0,Light / Rested Users,0,Healthy Lifestyle Users,2,Moderately Social Users,0,Low Stress Users,Light / Rested Users | Healthy Lifestyle Users | Moderately Social Users | Low Stress Users
1095,train,4.8,8.6,1.8,1.7,high,2.44,0,Light / Rested Users,0,Healthy Lifestyle Users,2,Moderately Social Users,0,Low Stress Users,Light / Rested Users | Healthy Lifestyle Users | Moderately Social Users | Low Stress Users
142,train,4.3,4.4,0.7,0.3,low,3.19,1,Heavy Daytime Social Media Users,1,Lifestyle Risk Users,0,Socially Isolated Users,1,High Stress Users,Heavy Daytime Social Media Users | Lifestyle Risk Users | Socially Isolated Users | High Stress Users
3073,train,4.5,4.8,2.4,1.7,high,2.74,2,Heavy Night Social Media Users,1,Lifestyle Risk Users,2,Moderately Social Users,1,High Stress Users,Heavy Night Social Media Users | Lifestyle Risk Users | Moderately Social Users | High Stress Users
3252,train,7.0,6.1,0.9,1.3,low,2.38,1,Heavy Daytime Social Media Users,1,Lifestyle Risk Users,0,Socially Isolated Users,1,High Stress Users,Heavy Daytime Social Media Users | Lifestyle Risk Users | Socially Isolated Users | High Stress Users
2615,train,3.3,6.1,2.0,1.6,low,3.51,0,Light / Rested Users,0,Healthy Lifestyle Users,0,Socially Isolated Users,0,Low Stress Users,Light / Rested Users | Healthy Lifestyle Users | Socially Isolated Users | Low Stress Users
680,validation,6.2,6.1,2.4,1.8,high,3.05,2,Heavy Night Social Media Users,1,Lifestyle Risk Users,2,Moderately Social Users,1,High Stress Users,Heavy Night Social Media Users | Lifestyle Risk Users | Moderately Social Users | High Stress Users
3506,validation,7.9,6.1,1.0,1.7,low,2.33,1,Heavy Daytime Social Media Users,1,Lifestyle Risk Users,0,Socially Isolated Users,1,High Stress Users,Heavy Daytime Social Media Users | Lifestyle Risk Users | Socially Isolated Users | High Stress Users
2537,validation,3.9,5.9,2.7,0.9,medium,2.65,2,Heavy Night Social Media Users,1,Lifestyle Risk Users,2,Moderately Social Users,0,Low Stress Users,Heavy Night Social Media Users | Lifestyle Risk Users | Moderately Social Users | Low Stress Users
1488,validation,1.4,6.3,2.8,1.7,high,3.58,0,Light / Rested Users,0,Healthy Lifestyle Users,2,Moderately Social Users,0,Low Stress Users,Light / Rested Users | Healthy Lifestyle Users | Moderately Social Users | Low Stress Users
2517,validation,1.3,7.6,2.2,0.8,low,3.92,0,Light / Rested Users,0,Healthy Lifestyle Users,0,Socially Isolated Users,0,Low Stress Users,Light / Rested Users | Healthy Lifestyle Users | Socially Isolated Users | Low Stress Users
1171,validation,5.7,6.4,1.9,1.3,high,3.3,1,Heavy Daytime Social Media Users,0,Healthy Lifestyle Users,1,Low Activity Moderate Social Users,1,High Stress Users,Heavy Daytime Social Media Users | Healthy Lifestyle Users | Low Activity Moderate Social Users | High Stress Users
68,validation,3.9,7.0,2.8,0.1,low,2.8,2,Heavy Night Social Media Users,1,Lifestyle Risk Users,0,Socially Isolated Users,0,Low Stress Users,Heavy Night Social Media Users | Lifestyle Risk Users | Socially Isolated Users | Low Stress Users
243,validation,7.8,4.7,2.1,2.0,low,2.48,2,Heavy Night Social Media Users,1,Lifestyle Risk Users,0,Socially Isolated Users,1,High Stress Users,Heavy Night Social Media Users | Lifestyle Risk Users | Socially Isolated Users | High Stress Users
2248,validation,4.0,6.7,1.3,1.7,high,3.05,0,Light / Rested Users,0,Healthy Lifestyle Users,2,Moderately Social Users,0,Low Stress Users,Light / Rested Users | Healthy Lifestyle Users | Moderately Social Users | Low Stress Users
793,validation,7.1,5.7,0.6,1.7,medium,2.9,1,Heavy Daytime Social Media Users,1,Lifestyle Risk Users,1,Low Activity Moderate Social Users,0,Low Stress Users,Heavy Daytime Social Media Users | Lifestyle Risk Users | Low Activity Moderate Social Users | Low Stress Users
2338,validation,3.4,6.5,2.5,0.6,low,3.09,2,Heavy Night Social Media Users,0,Healthy Lifestyle Users,0,Socially Isolated Users,0,Low Stress Users,Heavy Night Social Media Users | Healthy Lifestyle Users | Socially Isolated Users | Low Stress Users
3466,validation,3.1,6.9,0.7,1.6,high,3.94,0,Light / Rested Users,0,Healthy Lifestyle Users,2,Moderately Social Users,0,Low Stress Users,Light / Rested Users | Healthy Lifestyle Users | Moderately Social Users | Low Stress Users
2997,validation,1.7,8.0,1.2,1.2,high,3.81,0,Light / Rested Users,0,Healthy Lifestyle Users,2,Moderately Social Users,0,Low Stress Users,Light / Rested Users | Healthy Lifestyle Users | Moderately Social Users | Low Stress Users
401,validation,5.5,7.8,1.5,0.7,high,2.79,0,Light / Rested Users,0,Healthy Lifestyle Users,1,Low Activity Moderate Social Users,1,High Stress Users,Light / Rested Users | Healthy Lifestyle Users | Low Activity Moderate Social Users | High Stress Users
3243,validation,4.4,5.7,3.0,0.2,high,2.68,2,Heavy Night Social Media Users,1,Lifestyle Risk Users,1,Low Activity Moderate Social Users,1,High Stress Users,Heavy Night Social Media Users | Lifestyle Risk Users | Low Activity Moderate Social Users | High Stress Users
1548,validation,7.6,5.8,1.3,0.4,high,2.0,1,Heavy Daytime Social Media Users,1,Lifestyle Risk Users,1,Low Activity Moderate Social Users,1,High Stress Users,Heavy Daytime Social Media Users | Lifestyle Risk Users | Low Activity Moderate Social Users | High Stress Users
1932,validation,6.9,4.8,2.7,1.3,medium,2.07,2,Heavy Night Social Media Users,1,Lifestyle Risk Users,1,Low Activity Moderate Social Users,1,High Stress Users,Heavy Night Social Media Users | Lifestyle Risk Users | Low Activity Moderate Social Users | High Stress Users
1349,validation,3.3,6.7,1.9,1.5,medium,3.33,0,Light / Rested Users,0,Healthy Lifestyle Users,2,Moderately Social Users,0,Low Stress Users,Light / Rested Users | Healthy Lifestyle Users | Moderately Social Users | Low Stress Users
636,validation,3.2,6.0,1.5,1.5,high,3.36,0,Light / Rested Users,0,Healthy Lifestyle Users,2,Moderately Social Users,1,High Stress Users,Light / Rested Users | Healthy Lifestyle Users | Moderately Social Users | High Stress Users
1296,validation,7.3,4.5,2.3,0.4,low,2.24,2,Heavy Night Social Media Users,1,Lifestyle Risk Users,0,Socially Isolated Users,1,High Stress Users,Heavy Night Social Media Users | Lifestyle Risk Users | Socially Isolated Users | High Stress Users
2308,validation,1.8,7.9,1.1,1.3,low,3.91,0,Light / Rested Users,0,Healthy Lifestyle Users,0,Socially Isolated Users,0,Low Stress Users,Light / Rested Users | Healthy Lifestyle Users | Socially Isolated Users | Low Stress Users
382,validation,4.2,6.8,1.1,0.7,high,3.37,0,Light / Rested Users,0,Healthy Lifestyle Users,1,Low Activity Moderate Social Users,0,Low Stress Users,Light / Rested Users | Healthy Lifestyle Users | Low Activity Moderate Social Users | Low Stress Users
941,validation,7.2,8.2,2.9,1.0,high,3.69,2,Heavy Night Social Media Users,0,Healthy Lifestyle Users,1,Low Activity Moderate Social Users,0,Low Stress Users,Heavy Night Social Media Users | Healthy Lifestyle Users | Low Activity Moderate Social Users | Low Stress Users
2663,validation,5.5,6.1,0.8,0.4,medium,2.07,1,Heavy Daytime Social Media Users,1,Lifestyle Risk Users,1,Low Activity Moderate Social Users,1,High Stress Users,Heavy Daytime Social Media Users | Lifestyle Risk Users | Low Activity Moderate Social Users | High Stress Users
1659,validation,1.4,6.5,2.4,1.4,high,3.59,0,Light / Rested Users,0,Healthy Lifestyle Users,2,Moderately Social Users,0,Low Stress Users,Light / Rested Users | Healthy Lifestyle Users | Moderately Social Users | Low Stress Users
1319,validation,7.1,5.6,1.0,0.6,low,2.37,1,Heavy Daytime Social Media Users,1,Lifestyle Risk Users,0,Socially Isolated Users,1,High Stress Users,Heavy Daytime Social Media Users | Lifestyle Risk Users | Socially Isolated Users | High Stress Users
3472,validation,7.6,5.7,0.5,0.9,high,2.19,1,Heavy Daytime Social Media Users,1,Lifestyle Risk Users,1,Low Activity Moderate Social Users,1,High Stress Users,Heavy Daytime Social Media Users | Lifestyle Risk Users | Low Activity Moderate Social Users | High Stress Users
2949,validation,7.0,4.5,2.5,1.3,low,2.03,2,Heavy Night Social Media Users,1,Lifestyle Risk Users,0,Socially Isolated Users,1,High Stress Users,Heavy Night Social Media Users | Lifestyle Risk Users | Socially Isolated Users | High Stress Users
1170,validation,7.1,7.7,1.9,0.6,high,2.24,1,Heavy Daytime Social Media Users,1,Lifestyle Risk Users,1,Low Activity Moderate Social Users,1,High Stress Users,Heavy Daytime Social Media Users | Lifestyle Risk Users | Low Activity Moderate Social Users | High Stress Users
2146,validation,2.0,7.5,1.9,1.4,low,3.6,0,Light / Rested Users,0,Healthy Lifestyle Users,0,Socially Isolated Users,0,Low Stress Users,Light / Rested Users | Healthy Lifestyle Users | Socially Isolated Users | Low Stress Users
1268,validation,7.1,5.8,2.3,0.0,medium,2.0,2,Heavy Night Social Media Users,1,Lifestyle Risk Users,1,Low Activity Moderate Social Users,1,High Stress Users,Heavy Night Social Media Users | Lifestyle Risk Users | Low Activity Moderate Social Users | High Stress Users
787,validation,4.6,8.2,1.5,1.0,low,2.13,0,Light / Rested Users,0,Healthy Lifestyle Users,0,Socially Isolated Users,0,Low Stress Users,Light / Rested Users | Healthy Lifestyle Users | Socially Isolated Users | Low Stress Users
1677,validation,2.2,7.4,1.3,1.8,medium,3.73,0,Light / Rested Users,0,Healthy Lifestyle Users,2,Moderately Social Users,0,Low Stress Users,Light / Rested Users | Healthy Lifestyle Users | Moderately Social Users | Low Stress Users
2647,validation,6.4,4.5,1.4,0.6,high,2.35,1,Heavy Daytime Social Media Users,1,Lifestyle Risk Users,1,Low Activity Moderate Social Users,1,High Stress Users,Heavy Daytime Social Media Users | Lifestyle Risk Users | Low Activity Moderate Social Users | High Stress Users
255,validation,1.1,5.1,2.2,0.9,low,2.13,2,Heavy Night Social Media Users,1,Lifestyle Risk Users,0,Socially Isolated Users,1,High Stress Users,Heavy Night Social Media Users | Lifestyle Risk Users | Socially Isolated Users | High Stress Users
715,validation,7.0,4.9,1.2,0.2,medium,3.61,1,Heavy Daytime Social Media Users,1,Lifestyle Risk Users,1,Low Activity Moderate Social Users,1,High Stress Users,Heavy Daytime Social Media Users | Lifestyle Risk Users | Low Activity Moderate Social Users | High Stress Users
1676,validation,1.5,7.7,0.5,0.6,medium,3.64,0,Light / Rested Users,0,Healthy Lifestyle Users,2,Moderately Social Users,0,Low Stress Users,Light / Rested Users | Healthy Lifestyle Users | Moderately Social Users | Low Stress Users
2932,validation,3.5,6.0,2.9,0.9,low,3.25,2,Heavy Night Social Media Users,0,Healthy Lifestyle Users,0,Socially Isolated Users,0,Low Stress Users,Heavy Night Social Media Users | Healthy Lifestyle Users | Socially Isolated Users | Low Stress Users
851,validation,1.9,6.2,0.9,1.4,low,2.47,0,Light / Rested Users,0,Healthy Lifestyle Users,0,Socially Isolated Users,0,Low Stress Users,Light / Rested Users | Healthy Lifestyle Users | Socially Isolated Users | Low Stress Users
89,validation,6.2,4.1,2.8,1.1,medium,3.41,2,Heavy Night Social Media Users,1,Lifestyle Risk Users,1,Low Activity Moderate Social Users,1,High Stress Users,Heavy Night Social Media Users | Lifestyle Risk Users | Low Activity Moderate Social Users | High Stress Users
1984,validation,4.0,6.3,1.0,0.4,medium,3.31,1,Heavy Daytime Social Media Users,0,Healthy Lifestyle Users,1,Low Activity Moderate Social Users,0,Low Stress Users,Heavy Daytime Social Media Users | Healthy Lifestyle Users | Low Activity Moderate Social Users | Low Stress Users
471,validation,4.5,4.4,1.9,0.0,low,2.26,2,Heavy Night Social Media Users,1,Lifestyle Risk Users,0,Socially Isolated Users,1,High Stress Users,Heavy Night Social Media Users | Lifestyle Risk Users | Socially Isolated Users | High Stress Users
853,validation,2.6,4.8,0.7,1.8,medium,2.52,1,Heavy Daytime Social Media Users,1,Lifestyle Risk Users,2,Moderately Social Users,1,High Stress Users,Heavy Daytime Social Media Users | Lifestyle Risk Users | Moderately Social Users | High Stress Users
3271,validation,4.2,6.2,1.7,1.9,medium,3.49,1,Heavy Daytime Social Media Users,0,Healthy Lifestyle Users,2,Moderately Social Users,0,Low Stress Users,Heavy Daytime Social Media Users | Healthy Lifestyle Users | Moderately Social Users | Low Stress Users
409,validation,5.7,7.5,2.4,1.3,medium,2.84,2,Heavy Night Social Media Users,0,Healthy Lifestyle Users,1,Low Activity Moderate Social Users,1,High Stress Users,Heavy Night Social Media Users | Healthy Lifestyle Users | Low Activity Moderate Social Users | High Stress Users
1793,validation,4.9,5.2,1.8,0.4,low,2.48,2,Heavy Night Social Media Users,1,Lifestyle Risk Users,0,Socially Isolated Users,1,High Stress Users,Heavy Night Social Media Users | Lifestyle Risk Users | Socially Isolated Users | High Stress Users
3054,validation,3.6,6.3,2.4,1.2,medium,3.13,2,Heavy Night Social Media Users,0,Healthy Lifestyle Users,2,Moderately Social Users,0,Low Stress Users,Heavy Night Social Media Users | Healthy Lifestyle Users | Moderately Social Users | Low Stress Users
3398,validation,5.7,5.8,0.9,1.9,low,2.94,1,Heavy Daytime Social Media Users,1,Lifestyle Risk Users,0,Socially Isolated Users,0,Low Stress Users,Heavy Daytime Social Media Users | Lifestyle Risk Users | Socially Isolated Users | Low Stress Users
1477,validation,4.1,5.6,2.5,0.3,high,2.6,2,Heavy Night Social Media Users,1,Lifestyle Risk Users,1,Low Activity Moderate Social Users,1,High Stress Users,Heavy Night Social Media Users | Lifestyle Risk Users | Low Activity Moderate Social Users | High Stress Users
951,validation,3.5,8.5,2.2,1.3,medium,2.11,0,Light / Rested Users,0,Healthy Lifestyle Users,2,Moderately Social Users,0,Low Stress Users,Light / Rested Users | Healthy Lifestyle Users | Moderately Social Users | Low Stress Users
568,validation,6.1,6.4,2.8,1.9,low,2.51,2,Heavy Night Social Media Users,1,Lifestyle Risk Users,0,Socially Isolated Users,0,Low Stress Users,Heavy Night Social Media Users | Lifestyle Risk Users | Socially Isolated Users | Low Stress Users
123,validation,1.2,8.0,1.7,0.1,low,3.12,0,Light / Rested Users,0,Healthy Lifestyle Users,0,Socially Isolated Users,0,Low Stress Users,Light / Rested Users | Healthy Lifestyle Users | Socially Isolated Users | Low Stress Users
873,validation,1.6,5.8,0.6,1.1,high,3.63,0,Light / Rested Users,0,Healthy Lifestyle Users,2,Moderately Social Users,1,High Stress Users,Light / Rested Users | Healthy Lifestyle Users | Moderately Social Users | High Stress Users
2904,validation,6.9,6.6,0.5,1.0,low,2.71,1,Heavy Daytime Social Media Users,1,Lifestyle Risk Users,0,Socially Isolated Users,1,High Stress Users,Heavy Daytime Social Media Users | Lifestyle Risk Users | Socially Isolated Users | High Stress Users
2655,validation,5.0,6.1,2.1,1.8,low,3.32,2,Heavy Night Social Media Users,0,Healthy Lifestyle Users,0,Socially Isolated Users,0,Low Stress Users,Heavy Night Social Media Users | Healthy Lifestyle Users | Socially Isolated Users | Low Stress Users
1581,validation,6.3,5.9,1.0,0.9,low,2.16,1,Heavy Daytime Social Media Users,1,Lifestyle Risk Users,0,Socially Isolated Users,1,High Stress Users,Heavy Daytime Social Media Users | Lifestyle Risk Users | Socially Isolated Users | High Stress Users
2098,validation,2.4,6.0,2.9,1.3,medium,3.41,2,Heavy Night Social Media Users,0,Healthy Lifestyle Users,2,Moderately Social Users,0,Low Stress Users,Heavy Night Social Media Users | Healthy Lifestyle Users | Moderately Social Users | Low Stress Users
3405,validation,4.6,6.9,1.2,0.3,low,2.98,1,Heavy Daytime Social Media Users,0,Healthy Lifestyle Users,0,Socially Isolated Users,0,Low Stress Users,Heavy Daytime Social Media Users | Healthy Lifestyle Users | Socially Isolated Users | Low Stress Users
2391,validation,5.2,5.5,2.8,0.7,medium,2.47,2,Heavy Night Social Media Users,1,Lifestyle Risk Users,1,Low Activity Moderate Social Users,1,High Stress Users,Heavy Night Social Media Users | Lifestyle Risk Users | Low Activity Moderate Social Users | High Stress Users
3650,validation,3.4,7.1,0.8,0.4,medium,3.48,0,Light / Rested Users,0,Healthy Lifestyle Users,1,Low Activity Moderate Social Users,0,Low Stress Users,Light / Rested Users | Healthy Lifestyle Users | Low Activity Moderate Social Users | Low Stress Users
1956,validation,7.7,4.0,2.4,2.0,low,2.12,2,Heavy Night Social Media Users,1,Lifestyle Risk Users,0,Socially Isolated Users,1,High Stress Users,Heavy Night Social Media Users | Lifestyle Risk Users | Socially Isolated Users | High Stress Users
396,validation,3.3,8.6,1.1,0.4,low,2.62,0,Light / Rested Users,0,Healthy Lifestyle Users,0,Socially Isolated Users,0,Low Stress Users,Light / Rested Users | Healthy Lifestyle Users | Socially Isolated Users | Low Stress Users
3660,validation,4.7,7.2,1.6,2.0,low,3.47,0,Light / Rested Users,0,Healthy Lifestyle Users,0,Socially Isolated Users,0,Low Stress Users,Light / Rested Users | Healthy Lifestyle Users | Socially Isolated Users | Low Stress Users
1787,validation,5.1,6.7,1.1,1.4,medium,3.26,1,Heavy Daytime Social Media Users,0,Healthy Lifestyle Users,2,Moderately Social Users,0,Low Stress Users,Heavy Daytime Social Media Users | Healthy Lifestyle Users | Moderately Social Users | Low Stress Users
2281,validation,7.0,5.8,0.8,1.7,high,2.58,1,Heavy Daytime Social Media Users,1,Lifestyle Risk Users,1,Low Activity Moderate Social Users,1,High Stress Users,Heavy Daytime Social Media Users | Lifestyle Risk Users | Low Activity Moderate Social Users | High Stress Users
1848,validation,7.0,6.1,1.0,1.6,medium,2.41,1,Heavy Daytime Social Media Users,1,Lifestyle Risk Users,1,Low Activity Moderate Social Users,1,High Stress Users,Heavy Daytime Social Media Users | Lifestyle Risk Users | Low Activity Moderate Social Users | High Stress Users
1809,validation,2.9,6.0,2.2,0.2,high,2.72,2,Heavy Night Social Media Users,1,Lifestyle Risk Users,1,Low Activity Moderate Social Users,0,Low Stress Users,Heavy Night Social Media Users | Lifestyle Risk Users | Low Activity Moderate Social Users | Low Stress Users
2755,validation,3.3,6.2,2.8,1.5,medium,3.31,2,Heavy Night Social Media Users,0,Healthy Lifestyle Users,2,Moderately Social Users,0,Low Stress Users,Heavy Night Social Media Users | Healthy Lifestyle Users | Moderately Social Users | Low Stress Users
2069,validation,1.7,6.1,2.3,2.0,low,3.37,0,Light / Rested Users,0,Healthy Lifestyle Users,2,Moderately Social Users,0,Low Stress Users,Light / Rested Users | Healthy Lifestyle Users | Moderately Social Users | Low Stress Users
1409,validation,2.9,6.6,1.5,0.3,medium,3.06,0,Light / Rested Users,0,Healthy Lifestyle Users,1,Low Activity Moderate Social Users,0,Low Stress Users,Light / Rested Users | Healthy Lifestyle Users | Low Activity Moderate Social Users | Low Stress Users
1258,validation,4.0,6.2,0.8,0.9,medium,3.26,1,Heavy Daytime Social Media Users,0,Healthy Lifestyle Users,1,Low Activity Moderate Social Users,0,Low Stress Users,Heavy Daytime Social Media Users | Healthy Lifestyle Users | Low Activity Moderate Social Users | Low Stress Users
1345,validation,1.9,6.0,2.2,0.4,high,3.08,0,Light / Rested Users,0,Healthy Lifestyle Users,2,Moderately Social Users,0,Low Stress Users,Light / Rested Users | Healthy Lifestyle Users | Moderately Social Users | Low Stress Users
2253,validation,2.8,6.7,1.5,1.7,high,3.35,0,Light / Rested Users,0,Healthy Lifestyle Users,2,Moderately Social Users,0,Low Stress Users,Light / Rested Users | Healthy Lifestyle Users | Moderately Social Users | Low Stress Users
3183,validation,1.7,7.0,1.6,1.3,medium,3.25,0,Light / Rested Users,0,Healthy Lifestyle Users,2,Moderately Social Users,0,Low Stress Users,Light / Rested Users | Healthy Lifestyle Users | Moderately Social Users | Low Stress Users
236,validation,5.7,8.4,2.4,0.7,low,2.84,0,Light / Rested Users,0,Healthy Lifestyle Users,0,Socially Isolated Users,0,Low Stress Users,Light / Rested Users | Healthy Lifestyle Users | Socially Isolated Users | Low Stress Users
977,validation,5.3,6.6,0.6,0.1,high,3.04,1,Heavy Daytime Social Media Users,0,Healthy Lifestyle Users,1,Low Activity Moderate Social Users,0,Low Stress Users,Heavy Daytime Social Media Users | Healthy Lifestyle Users | Low Activity Moderate Social Users | Low Stress Users
2610,validation,3.2,7.0,1.5,1.1,medium,3.13,0,Light / Rested Users,0,Healthy Lifestyle Users,2,Moderately Social Users,0,Low Stress Users,Light / Rested Users | Healthy Lifestyle Users | Moderately Social Users | Low Stress Users
3233,validation,1.3,6.4,2.9,1.5,high,3.39,0,Light / Rested Users,0,Healthy Lifestyle Users,2,Moderately Social Users,0,Low Stress Users,Light / Rested Users | Healthy Lifestyle Users | Moderately Social Users | Low Stress Users
2677,validation,3.8,7.4,1.1,1.0,high,3.34,0,Light / Rested Users,0,Healthy Lifestyle Users,2,Moderately Social Users,0,Low Stress Users,Light / Rested Users | Healthy Lifestyle Users | Moderately Social Users | Low Stress Users
1144,validation,2.6,8.5,1.9,1.9,high,3.06,0,Light / Rested Users,0,Healthy Lifestyle Users,2,Moderately Social Users,0,Low Stress Users,Light / Rested Users | Healthy Lifestyle Users | Moderately Social Users | Low Stress Users
2892,validation,2.7,5.7,2.2,0.9,medium,3.26,2,Heavy Night Social Media Users,0,Healthy Lifestyle Users,2,Moderately Social Users,0,Low Stress Users,Heavy Night Social Media Users | Healthy Lifestyle Users | Moderately Social Users | Low Stress Users
2991,validation,4.2,7.9,0.5,1.7,medium,3.58,0,Light / Rested Users,0,Healthy Lifestyle Users,2,Moderately Social Users,0,Low Stress Users,Light / Rested Users | Healthy Lifestyle Users | Moderately Social Users | Low Stress Users
408,validation,5.3,6.5,1.1,1.8,low,3.48,1,Heavy Daytime Social Media Users,0,Healthy Lifestyle Users,0,Socially Isolated Users,1,High Stress Users,Heavy Daytime Social Media Users | Healthy Lifestyle Users | Socially Isolated Users | High Stress Users
1825,validation,1.1,7.8,2.3,0.8,high,3.74,0,Light / Rested Users,0,Healthy Lifestyle Users,2,Moderately Social Users,0,Low Stress Users,Light / Rested Users | Healthy Lifestyle Users | Moderately Social Users | Low Stress Users
1519,validation,5.7,5.9,0.9,0.5,high,2.46,1,Heavy Daytime Social Media Users,1,Lifestyle Risk Users,1,Low Activity Moderate Social Users,1,High Stress Users,Heavy Daytime Social Media Users | Lifestyle Risk Users | Low Activity Moderate Social Users | High Stress Users
1950,validation,7.2,4.9,2.7,0.6,low,2.2,2,Heavy Night Social Media Users,1,Lifestyle Risk Users,0,Socially Isolated Users,1,High Stress Users,Heavy Night Social Media Users | Lifestyle Risk Users | Socially Isolated Users | High Stress Users
2606,validation,2.1,6.7,1.3,1.8,medium,3.68,0,Light / Rested Users,0,Healthy Lifestyle Users,2,Moderately Social Users,0,Low Stress Users,Light / Rested Users | Healthy Lifestyle Users | Moderately Social Users | Low Stress Users
3436,validation,6.1,6.4,1.0,1.0,high,2.64,1,Heavy Daytime Social Media Users,1,Lifestyle Risk Users,1,Low Activity Moderate Social Users,1,High Stress Users,Heavy Daytime Social Media Users | Lifestyle Risk Users | Low Activity Moderate Social Users | High Stress Users
3556,validation,3.6,7.4,1.1,0.1,medium,3.07,0,Light / Rested Users,0,Healthy Lifestyle Users,1,Low Activity Moderate Social Users,0,Low Stress Users,Light / Rested Users | Healthy Lifestyle Users | Low Activity Moderate Social Users | Low Stress Users
978,validation,4.6,5.3,1.3,0.5,medium,3.76,1,Heavy Daytime Social Media Users,0,Healthy Lifestyle Users,1,Low Activity Moderate Social Users,1,High Stress Users,Heavy Daytime Social Media Users | Healthy Lifestyle Users | Low Activity Moderate Social Users | High Stress Users
2526,validation,7.1,4.1,2.4,1.5,high,2.02,2,Heavy Night Social Media Users,1,Lifestyle Risk Users,1,Low Activity Moderate Social Users,1,High Stress Users,Heavy Night Social Media Users | Lifestyle Risk Users | Low Activity Moderate Social Users | High Stress Users
3007,validation,2.2,7.5,2.0,0.5,medium,3.5,0,Light / Rested Users,0,Healthy Lifestyle Users,2,Moderately Social Users,0,Low Stress Users,Light / Rested Users | Healthy Lifestyle Users | Moderately Social Users | Low Stress Users
131,validation,7.4,6.3,1.3,1.2,medium,3.47,1,Heavy Daytime Social Media Users,1,Lifestyle Risk Users,1,Low Activity Moderate Social Users,0,Low Stress Users,Heavy Daytime Social Media Users | Lifestyle Risk Users | Low Activity Moderate Social Users | Low Stress Users
2097,validation,7.2,4.8,1.6,0.1,high,2.0,1,Heavy Daytime Social Media Users,1,Lifestyle Risk Users,1,Low Activity Moderate Social Users,1,High Stress Users,Heavy Daytime Social Media Users | Lifestyle Risk Users | Low Activity Moderate Social Users | High Stress Users
3397,validation,2.9,7.2,0.5,0.6,low,4.0,0,Light / Rested Users,0,Healthy Lifestyle Users,0,Socially Isolated Users,0,Low Stress Users,Light / Rested Users | Healthy Lifestyle Users | Socially Isolated Users | Low Stress Users
3042,validation,2.2,8.4,0.6,0.4,low,3.59,0,Light / Rested Users,0,Healthy Lifestyle Users,0,Socially Isolated Users,0,Low Stress Users,Light / Rested Users | Healthy Lifestyle Users | Socially Isolated Users | Low Stress Users
651,validation,5.4,7.2,1.2,1.3,high,3.32,1,Heavy Daytime Social Media Users,0,Healthy Lifestyle Users,1,Low Activity Moderate Social Users,1,High Stress Users,Heavy Daytime Social Media Users | Healthy Lifestyle Users | Low Activity Moderate Social Users | High Stress Users
2179,validation,1.0,7.6,0.7,0.7,medium,3.96,0,Light / Rested Users,0,Healthy Lifestyle Users,2,Moderately Social Users,0,Low Stress Users,Light / Rested Users | Healthy Lifestyle Users | Moderately Social Users | Low Stress Users
3616,validation,2.3,7.0,2.0,1.7,high,3.7,0,Light / Rested Users,0,Healthy Lifestyle Users,2,Moderately Social Users,0,Low Stress Users,Light / Rested Users | Healthy Lifestyle Users | Moderately Social Users | Low Stress Users
74,validation,1.5,4.3,2.1,1.5,low,3.9,2,Heavy Night Social Media Users,0,Healthy Lifestyle Users,0,Socially Isolated Users,1,High Stress Users,Heavy Night Social Media Users | Healthy Lifestyle Users | Socially Isolated Users | High Stress Users
2885,validation,7.1,5.4,1.0,1.9,medium,2.11,1,Heavy Daytime Social Media Users,1,Lifestyle Risk Users,2,Moderately Social Users,1,High Stress Users,Heavy Daytime Social Media Users | Lifestyle Risk Users | Moderately Social Users | High Stress Users
1906,validation,4.5,6.8,1.2,0.3,medium,3.31,1,Heavy Daytime Social Media Users,0,Healthy Lifestyle Users,1,Low Activity Moderate Social Users,0,Low Stress Users,Heavy Daytime Social Media Users | Healthy Lifestyle Users | Low Activity Moderate Social Users | Low Stress Users
2661,validation,2.8,6.4,1.9,0.1,medium,3.03,0,Light / Rested Users,0,Healthy Lifestyle Users,1,Low Activity Moderate Social Users,0,Low Stress Users,Light / Rested Users | Healthy Lifestyle Users | Low Activity Moderate Social Users | Low Stress Users
1998,validation,7.4,4.8,2.8,1.4,low,2.0,2,Heavy Night Social Media Users,1,Lifestyle Risk Users,0,Socially Isolated Users,1,High Stress Users,Heavy Night Social Media Users | Lifestyle Risk Users | Socially Isolated Users | High Stress Users
673,validation,5.1,5.3,2.6,1.2,medium,2.95,2,Heavy Night Social Media Users,1,Lifestyle Risk Users,1,Low Activity Moderate Social Users,1,High Stress Users,Heavy Night Social Media Users | Lifestyle Risk Users | Low Activity Moderate Social Users | High Stress Users
3479,validation,5.9,5.1,2.8,1.5,high,2.0,2,Heavy Night Social Media Users,1,Lifestyle Risk Users,1,Low Activity Moderate Social Users,1,High Stress Users,Heavy Night Social Media Users | Lifestyle Risk Users | Low Activity Moderate Social Users | High Stress Users
2335,validation,4.1,6.7,1.0,0.3,high,2.8,1,Heavy Daytime Social Media Users,0,Healthy Lifestyle Users,1,Low Activity Moderate Social Users,0,Low Stress Users,Heavy Daytime Social Media Users | Healthy Lifestyle Users | Low Activity Moderate Social Users | Low Stress Users
3546,validation,1.7,8.3,0.8,0.8,medium,3.37,0,Light / Rested Users,0,Healthy Lifestyle Users,2,Moderately Social Users,0,Low Stress Users,Light / Rested Users | Healthy Lifestyle Users | Moderately Social Users | Low Stress Users
1373,validation,3.3,5.9,2.4,1.2,high,2.69,2,Heavy Night Social Media Users,1,Lifestyle Risk Users,2,Moderately Social Users,1,High Stress Users,Heavy Night Social Media Users | Lifestyle Risk Users | Moderately Social Users | High Stress Users
1383,validation,3.1,6.1,1.8,0.9,medium,3.3,0,Light / Rested Users,0,Healthy Lifestyle Users,2,Moderately Social Users,0,Low Stress Users,Light / Rested Users | Healthy Lifestyle Users | Moderately Social Users | Low Stress Users
3180,validation,4.8,5.2,2.8,0.1,medium,2.08,2,Heavy Night Social Media Users,1,Lifestyle Risk Users,1,Low Activity Moderate Social Users,1,High Stress Users,Heavy Night Social Media Users | Lifestyle Risk Users | Low Activity Moderate Social Users | High Stress Users
687,validation,6.5,6.0,1.5,1.7,medium,2.12,1,Heavy Daytime Social Media Users,1,Lifestyle Risk Users,2,Moderately Social Users,1,High Stress Users,Heavy Daytime Social Media Users | Lifestyle Risk Users | Moderately Social Users | High Stress Users
3193,validation,4.6,7.2,0.8,0.1,high,2.63,1,Heavy Daytime Social Media Users,0,Healthy Lifestyle Users,1,Low Activity Moderate Social Users,1,High Stress Users,Heavy Daytime Social Media Users | Healthy Lifestyle Users | Low Activity Moderate Social Users | High Stress Users
161,validation,2.4,7.4,1.2,1.8,high,2.5,0,Light / Rested Users,0,Healthy Lifestyle Users,2,Moderately Social Users,0,Low Stress Users,Light / Rested Users | Healthy Lifestyle Users | Moderately Social Users | Low Stress Users
3266,validation,7.5,4.4,1.8,1.6,high,2.46,2,Heavy Night Social Media Users,1,Lifestyle Risk Users,1,Low Activity Moderate Social Users,1,High Stress Users,Heavy Night Social Media Users | Lifestyle Risk Users | Low Activity Moderate Social Users | High Stress Users
1776,validation,1.9,6.5,2.8,1.1,high,4.0,0,Light / Rested Users,0,Healthy Lifestyle Users,2,Moderately Social Users,0,Low Stress Users,Light / Rested Users | Healthy Lifestyle Users | Moderately Social Users | Low Stress Users
1423,validation,7.4,5.1,1.2,1.5,high,2.67,1,Heavy Daytime Social Media Users,1,Lifestyle Risk Users,1,Low Activity Moderate Social Users,1,High Stress Users,Heavy Daytime Social Media Users | Lifestyle Risk Users | Low Activity Moderate Social Users | High Stress Users
3366,validation,2.4,6.5,2.4,0.4,high,3.37,0,Light / Rested Users,0,Healthy Lifestyle Users,2,Moderately Social Users,0,Low Stress Users,Light / Rested Users | Healthy Lifestyle Users | Moderately Social Users | Low Stress Users
3545,validation,7.9,4.0,2.5,0.0,high,2.17,2,Heavy Night Social Media Users,1,Lifestyle Risk Users,1,Low Activity Moderate Social Users,1,High Stress Users,Heavy Night Social Media Users | Lifestyle Risk Users | Low Activity Moderate Social Users | High Stress Users
341,validation,1.4,7.4,0.5,1.3,low,2.32,0,Light / Rested Users,0,Healthy Lifestyle Users,0,Socially Isolated Users,0,Low Stress Users,Light / Rested Users | Healthy Lifestyle Users | Socially Isolated Users | Low Stress Users
2149,validation,3.7,6.2,2.2,0.7,low,2.87,2,Heavy Night Social Media Users,1,Lifestyle Risk Users,0,Socially Isolated Users,0,Low Stress Users,Heavy Night Social Media Users | Lifestyle Risk Users | Socially Isolated Users | Low Stress Users
1651,validation,1.4,7.5,2.1,1.9,medium,3.89,0,Light / Rested Users,0,Healthy Lifestyle Users,2,Moderately Social Users,0,Low Stress Users,Light / Rested Users | Healthy Lifestyle Users | Moderately Social Users | Low Stress Users
610,validation,7.1,6.5,0.7,0.2,medium,3.94,1,Heavy Daytime Social Media Users,0,Healthy Lifestyle Users,1,Low Activity Moderate Social Users,1,High Stress Users,Heavy Daytime Social Media Users | Healthy Lifestyle Users | Low Activity Moderate Social Users | High Stress Users
2725,validation,3.4,6.4,2.1,1.2,low,3.02,0,Light / Rested Users,0,Healthy Lifestyle Users,0,Socially Isolated Users,0,Low Stress Users,Light / Rested Users | Healthy Lifestyle Users | Socially Isolated Users | Low Stress Users
900,validation,1.4,5.7,1.8,1.4,low,2.0,0,Light / Rested Users,1,Lifestyle Risk Users,0,Socially Isolated Users,0,Low Stress Users,Light / Rested Users | Lifestyle Risk Users | Socially Isolated Users | Low Stress Users
2528,validation,4.3,6.4,2.2,1.2,high,3.07,2,Heavy Night Social Media Users,0,Healthy Lifestyle Users,2,Moderately Social Users,0,Low Stress Users,Heavy Night Social Media Users | Healthy Lifestyle Users | Moderately Social Users | Low Stress Users
1166,validation,7.6,7.1,1.1,1.9,high,2.07,1,Heavy Daytime Social Media Users,1,Lifestyle Risk Users,1,Low Activity Moderate Social Users,0,Low Stress Users,Heavy Daytime Social Media Users | Lifestyle Risk Users | Low Activity Moderate Social Users | Low Stress Users
3033,validation,7.4,4.9,1.5,0.4,high,2.0,1,Heavy Daytime Social Media Users,1,Lifestyle Risk Users,1,Low Activity Moderate Social Users,1,High Stress Users,Heavy Daytime Social Media Users | Lifestyle Risk Users | Low Activity Moderate Social Users | High Stress Users
920,validation,5.2,7.7,2.7,0.8,high,2.84,0,Light / Rested Users,0,Healthy Lifestyle Users,1,Low Activity Moderate Social Users,0,Low Stress Users,Light / Rested Users | Healthy Lifestyle Users | Low Activity Moderate Social Users | Low Stress Users
2635,validation,2.2,7.5,1.5,1.9,low,3.89,0,Light / Rested Users,0,Healthy Lifestyle Users,0,Socially Isolated Users,0,Low Stress Users,Light / Rested Users | Healthy Lifestyle Users | Socially Isolated Users | Low Stress Users
544,validation,3.6,5.4,0.9,0.5,medium,3.45,1,Heavy Daytime Social Media Users,0,Healthy Lifestyle Users,1,Low Activity Moderate Social Users,1,High Stress Users,Heavy Daytime Social Media Users | Healthy Lifestyle Users | Low Activity Moderate Social Users | High Stress Users
3169,validation,6.0,5.4,2.0,1.1,medium,2.43,2,Heavy Night Social Media Users,1,Lifestyle Risk Users,1,Low Activity Moderate Social Users,1,High Stress Users,Heavy Night Social Media Users | Lifestyle Risk Users | Low Activity Moderate Social Users | High Stress Users
464,validation,5.8,4.1,2.9,0.4,high,2.33,2,Heavy Night Social Media Users,1,Lifestyle Risk Users,1,Low Activity Moderate Social Users,1,High Stress Users,Heavy Night Social Media Users | Lifestyle Risk Users | Low Activity Moderate Social Users | High Stress Users
2348,validation,1.1,8.2,0.6,1.9,medium,3.75,0,Light / Rested Users,0,Healthy Lifestyle Users,2,Moderately Social Users,0,Low Stress Users,Light / Rested Users | Healthy Lifestyle Users | Moderately Social Users | Low Stress Users
2365,validation,6.4,5.5,1.5,1.1,low,2.56,1,Heavy Daytime Social Media Users,1,Lifestyle Risk Users,0,Socially Isolated Users,1,High Stress Users,Heavy Daytime Social Media Users | Lifestyle Risk Users | Socially Isolated Users | High Stress Users
244,validation,4.4,4.2,2.6,1.3,medium,2.28,2,Heavy Night Social Media Users,1,Lifestyle Risk Users,2,Moderately Social Users,1,High Stress Users,Heavy Night Social Media Users | Lifestyle Risk Users | Moderately Social Users | High Stress Users
90,validation,4.7,4.7,2.4,0.0,medium,3.94,2,Heavy Night Social Media Users,1,Lifestyle Risk Users,1,Low Activity Moderate Social Users,1,High Stress Users,Heavy Night Social Media Users | Lifestyle Risk Users | Low Activity Moderate Social Users | High Stress Users
3092,validation,3.0,6.7,2.0,0.2,medium,3.03,0,Light / Rested Users,0,Healthy Lifestyle Users,1,Low Activity Moderate Social Users,0,Low Stress Users,Light / Rested Users | Healthy Lifestyle Users | Low Activity Moderate Social Users | Low Stress Users
2702,validation,3.9,7.6,0.7,1.4,medium,3.26,0,Light / Rested Users,0,Healthy Lifestyle Users,2,Moderately Social Users,0,Low Stress Users,Light / Rested Users | Healthy Lifestyle Users | Moderately Social Users | Low Stress Users
1505,validation,3.6,7.4,1.3,1.8,low,3.33,0,Light / Rested Users,0,Healthy Lifestyle Users,0,Socially Isolated Users,0,Low Stress Users,Light / Rested Users | Healthy Lifestyle Users | Socially Isolated Users | Low Stress Users
3024,validation,5.8,5.2,2.2,1.2,low,2.58,2,Heavy Night Social Media Users,1,Lifestyle Risk Users,0,Socially Isolated Users,1,High Stress Users,Heavy Night Social Media Users | Lifestyle Risk Users | Socially Isolated Users | High Stress Users
1773,validation,6.1,5.0,2.8,0.3,medium,2.42,2,Heavy Night Social Media Users,1,Lifestyle Risk Users,1,Low Activity Moderate Social Users,1,High Stress Users,Heavy Night Social Media Users | Lifestyle Risk Users | Low Activity Moderate Social Users | High Stress Users
2180,validation,4.4,5.6,2.2,1.1,medium,3.01,2,Heavy Night Social Media Users,1,Lifestyle Risk Users,2,Moderately Social Users,0,Low Stress Users,Heavy Night Social Media Users | Lifestyle Risk Users | Moderately Social Users | Low Stress Users
1266,validation,4.2,7.3,1.5,1.5,medium,3.16,0,Light / Rested Users,0,Healthy Lifestyle Users,2,Moderately Social Users,0,Low Stress Users,Light / Rested Users | Healthy Lifestyle Users | Moderately Social Users | Low Stress Users
3607,validation,4.3,7.4,1.5,0.8,high,3.21,0,Light / Rested Users,0,Healthy Lifestyle Users,1,Low Activity Moderate Social Users,0,Low Stress Users,Light / Rested Users | Healthy Lifestyle Users | Low Activity Moderate Social Users | Low Stress Users
493,validation,4.8,6.7,1.4,0.3,low,2.44,1,Heavy Daytime Social Media Users,1,Lifestyle Risk Users,0,Socially Isolated Users,0,Low Stress Users,Heavy Daytime Social Media Users | Lifestyle Risk Users | Socially Isolated Users | Low Stress Users
634,validation,2.2,5.4,1.2,0.8,medium,2.33,0,Light / Rested Users,1,Lifestyle Risk Users,2,Moderately Social Users,1,High Stress Users,Light / Rested Users | Lifestyle Risk Users | Moderately Social Users | High Stress Users
2919,validation,5.0,5.9,0.8,0.1,low,2.08,1,Heavy Daytime Social Media Users,1,Lifestyle Risk Users,0,Socially Isolated Users,1,High Stress Users,Heavy Daytime Social Media Users | Lifestyle Risk Users | Socially Isolated Users | High Stress Users
79,validation,1.1,7.2,1.0,0.6,medium,3.13,0,Light / Rested Users,0,Healthy Lifestyle Users,2,Moderately Social Users,0,Low Stress Users,Light / Rested Users | Healthy Lifestyle Users | Moderately Social Users | Low Stress Users
3032,validation,6.5,6.0,2.1,1.0,high,2.2,2,Heavy Night Social Media Users,1,Lifestyle Risk Users,1,Low Activity Moderate Social Users,1,High Stress Users,Heavy Night Social Media Users | Lifestyle Risk Users | Low Activity Moderate Social Users | High Stress Users
1156,validation,1.1,8.6,2.3,0.5,low,3.68,0,Light / Rested Users,0,Healthy Lifestyle Users,0,Socially Isolated Users,0,Low Stress Users,Light / Rested Users | Healthy Lifestyle Users | Socially Isolated Users | Low Stress Users
1981,validation,5.6,5.7,1.8,0.1,high,2.29,1,Heavy Daytime Social Media Users,1,Lifestyle Risk Users,1,Low Activity Moderate Social Users,1,High Stress Users,Heavy Daytime Social Media Users | Lifestyle Risk Users | Low Activity Moderate Social Users | High Stress Users
453,validation,1.0,4.1,1.3,0.4,low,2.22,2,Heavy Night Social Media Users,1,Lifestyle Risk Users,0,Socially Isolated Users,0,Low Stress Users,Heavy Night Social Media Users | Lifestyle Risk Users | Socially Isolated Users | Low Stress Users
2031,validation,5.7,6.7,1.2,1.2,high,3.17,1,Heavy Daytime Social Media Users,0,Healthy Lifestyle Users,1,Low Activity Moderate Social Users,0,Low Stress Users,Heavy Daytime Social Media Users | Healthy Lifestyle Users | Low Activity Moderate Social Users | Low Stress Users
3067,validation,8.0,5.1,0.7,1.6,medium,2.32,1,Heavy Daytime Social Media Users,1,Lifestyle Risk Users,1,Low Activity Moderate Social Users,1,High Stress Users,Heavy Daytime Social Media Users | Lifestyle Risk Users | Low Activity Moderate Social Users | High Stress Users
1096,validation,5.8,7.2,1.1,0.4,low,2.69,1,Heavy Daytime Social Media Users,1,Lifestyle Risk Users,0,Socially Isolated Users,0,Low Stress Users,Heavy Daytime Social Media Users | Lifestyle Risk Users | Socially Isolated Users | Low Stress Users
1174,validation,3.0,6.2,0.8,1.1,low,3.96,0,Light / Rested Users,0,Healthy Lifestyle Users,0,Socially Isolated Users,1,High Stress Users,Light / Rested Users | Healthy Lifestyle Users | Socially Isolated Users | High Stress Users
718,validation,2.3,4.3,0.9,0.1,high,3.27,1,Heavy Daytime Social Media Users,0,Healthy Lifestyle Users,1,Low Activity Moderate Social Users,1,High Stress Users,Heavy Daytime Social Media Users | Healthy Lifestyle Users | Low Activity Moderate Social Users | High Stress Users
3584,validation,4.1,5.7,2.6,1.9,low,2.32,2,Heavy Night Social Media Users,1,Lifestyle Risk Users,0,Socially Isolated Users,1,High Stress Users,Heavy Night Social Media Users | Lifestyle Risk Users | Socially Isolated Users | High Stress Users
1253,validation,2.9,7.2,2.3,1.2,medium,3.76,0,Light / Rested Users,0,Healthy Lifestyle Users,2,Moderately Social Users,0,Low Stress Users,Light / Rested Users | Healthy Lifestyle Users | Moderately Social Users | Low Stress Users
2983,validation,7.4,4.8,2.2,0.3,low,2.03,2,Heavy Night Social Media Users,1,Lifestyle Risk Users,0,Socially Isolated Users,1,High Stress Users,Heavy Night Social Media Users | Lifestyle Risk Users | Socially Isolated Users | High Stress Users
2796,validation,6.4,5.6,2.0,1.6,high,2.31,2,Heavy Night Social Media Users,1,Lifestyle Risk Users,1,Low Activity Moderate Social Users,1,High Stress Users,Heavy Night Social Media Users | Lifestyle Risk Users | Low Activity Moderate Social Users | High Stress Users
304,validation,6.7,7.0,2.2,0.7,high,2.61,2,Heavy Night Social Media Users,1,Lifestyle Risk Users,1,Low Activity Moderate Social Users,0,Low Stress Users,Heavy Night Social Media Users | Lifestyle Risk Users | Low Activity Moderate Social Users | Low Stress Users
2492,validation,6.3,5.4,1.6,0.7,high,2.21,1,Heavy Daytime Social Media Users,1,Lifestyle Risk Users,1,Low Activity Moderate Social Users,1,High Stress Users,Heavy Daytime Social Media Users | Lifestyle Risk Users | Low Activity Moderate Social Users | High Stress Users
1923,validation,5.9,4.2,2.8,0.7,low,2.33,2,Heavy Night Social Media Users,1,Lifestyle Risk Users,0,Socially Isolated Users,1,High Stress Users,Heavy Night Social Media Users | Lifestyle Risk Users | Socially Isolated Users | High Stress Users
55,validation,7.4,8.6,0.9,0.0,low,2.3,1,Heavy Daytime Social Media Users,1,Lifestyle Risk Users,0,Socially Isolated Users,0,Low Stress Users,Heavy Daytime Social Media Users | Lifestyle Risk Users | Socially Isolated Users | Low Stress Users
522,validation,4.7,8.2,2.7,0.3,high,3.04,0,Light / Rested Users,0,Healthy Lifestyle Users,1,Low Activity Moderate Social Users,0,Low Stress Users,Light / Rested Users | Healthy Lifestyle Users | Low Activity Moderate Social Users | Low Stress Users
1617,validation,3.7,6.5,0.9,1.2,medium,3.06,1,Heavy Daytime Social Media Users,0,Healthy Lifestyle Users,2,Moderately Social Users,0,Low Stress Users,Heavy Daytime Social Media Users | Healthy Lifestyle Users | Moderately Social Users | Low Stress Users
2374,validation,4.1,6.1,3.0,0.9,low,2.76,2,Heavy Night Social Media Users,1,Lifestyle Risk Users,0,Socially Isolated Users,1,High Stress Users,Heavy Night Social Media Users | Lifestyle Risk Users | Socially Isolated Users | High Stress Users
1204,validation,1.2,8.8,0.9,1.9,high,3.61,0,Light / Rested Users,0,Healthy Lifestyle Users,2,Moderately Social Users,0,Low Stress Users,Light / Rested Users | Healthy Lifestyle Users | Moderately Social Users | Low Stress Users
2907,validation,4.8,5.3,2.7,0.9,medium,2.24,2,Heavy Night Social Media Users,1,Lifestyle Risk Users,1,Low Activity Moderate Social Users,1,High Stress Users,Heavy Night Social Media Users | Lifestyle Risk Users | Low Activity Moderate Social Users | High Stress Users
3489,validation,4.5,5.8,2.5,1.4,medium,2.92,2,Heavy Night Social Media Users,1,Lifestyle Risk Users,2,Moderately Social Users,0,Low Stress Users,Heavy Night Social Media Users | Lifestyle Risk Users | Moderately Social Users | Low Stress Users
3006,validation,1.7,9.0,0.8,0.4,medium,3.63,0,Light / Rested Users,0,Healthy Lifestyle Users,2,Moderately Social Users,0,Low Stress Users,Light / Rested Users | Healthy Lifestyle Users | Moderately Social Users | Low Stress Users
2367,validation,5.0,6.4,1.8,1.2,high,2.87,1,Heavy Daytime Social Media Users,1,Lifestyle Risk Users,1,Low Activity Moderate Social Users,0,Low Stress Users,Heavy Daytime Social Media Users | Lifestyle Risk Users | Low Activity Moderate Social Users | Low Stress Users
734,validation,2.5,5.4,2.3,0.5,high,3.43,2,Heavy Night Social Media Users,0,Healthy Lifestyle Users,2,Moderately Social Users,0,Low Stress Users,Heavy Night Social Media Users | Healthy Lifestyle Users | Moderately Social Users | Low Stress Users
902,validation,1.3,5.7,1.1,1.3,low,3.74,0,Light / Rested Users,0,Healthy Lifestyle Users,0,Socially Isolated Users,0,Low Stress Users,Light / Rested Users | Healthy Lifestyle Users | Socially Isolated Users | Low Stress Users
1325,validation,3.3,6.9,1.9,1.5,high,3.58,0,Light / Rested Users,0,Healthy Lifestyle Users,2,Moderately Social Users,0,Low Stress Users,Light / Rested Users | Healthy Lifestyle Users | Moderately Social Users | Low Stress Users
1827,validation,5.7,6.3,1.0,1.5,high,2.76,1,Heavy Daytime Social Media Users,1,Lifestyle Risk Users,2,Moderately Social Users,1,High Stress Users,Heavy Daytime Social Media Users | Lifestyle Risk Users | Moderately Social Users | High Stress Users
2251,validation,4.7,6.1,2.7,1.9,medium,3.03,2,Heavy Night Social Media Users,0,Healthy Lifestyle Users,2,Moderately Social Users,1,High Stress Users,Heavy Night Social Media Users | Healthy Lifestyle Users | Moderately Social Users | High Stress Users
1473,validation,5.3,5.4,1.9,1.3,medium,2.96,2,Heavy Night Social Media Users,1,Lifestyle Risk Users,1,Low Activity Moderate Social Users,1,High Stress Users,Heavy Night Social Media Users | Lifestyle Risk Users | Low Activity Moderate Social Users | High Stress Users
305,validation,3.8,4.8,1.9,0.2,high,3.97,2,Heavy Night Social Media Users,0,Healthy Lifestyle Users,1,Low Activity Moderate Social Users,1,High Stress Users,Heavy Night Social Media Users | Healthy Lifestyle Users | Low Activity Moderate Social Users | High Stress Users
2900,validation,7.4,5.1,2.1,1.7,high,2.55,2,Heavy Night Social Media Users,1,Lifestyle Risk Users,1,Low Activity Moderate Social Users,1,High Stress Users,Heavy Night Social Media Users | Lifestyle Risk Users | Low Activity Moderate Social Users | High Stress Users
3275,validation,4.5,4.9,3.0,0.6,low,2.74,2,Heavy Night Social Media Users,1,Lifestyle Risk Users,0,Socially Isolated Users,0,Low Stress Users,Heavy Night Social Media Users | Lifestyle Risk Users | Socially Isolated Users | Low Stress Users
1909,validation,1.8,8.0,1.2,1.9,medium,4.0,0,Light / Rested Users,0,Healthy Lifestyle Users,2,Moderately Social Users,0,Low Stress Users,Light / Rested Users | Healthy Lifestyle Users | Moderately Social Users | Low Stress Users
2280,validation,4.3,6.0,2.6,1.3,medium,2.86,2,Heavy Night Social Media Users,1,Lifestyle Risk Users,2,Moderately Social Users,0,Low Stress Users,Heavy Night Social Media Users | Lifestyle Risk Users | Moderately Social Users | Low Stress Users
270,validation,4.2,5.7,1.0,0.1,high,2.77,1,Heavy Daytime Social Media Users,1,Lifestyle Risk Users,1,Low Activity Moderate Social Users,1,High Stress Users,Heavy Daytime Social Media Users | Lifestyle Risk Users | Low Activity Moderate Social Users | High Stress Users
1480,validation,2.4,7.6,2.4,1.1,high,3.56,0,Light / Rested Users,0,Healthy Lifestyle Users,2,Moderately Social Users,0,Low Stress Users,Light / Rested Users | Healthy Lifestyle Users | Moderately Social Users | Low Stress Users
2990,validation,7.8,4.1,2.4,0.1,medium,2.05,2,Heavy Night Social Media Users,1,Lifestyle Risk Users,1,Low Activity Moderate Social Users,1,High Stress Users,Heavy Night Social Media Users | Lifestyle Risk Users | Low Activity Moderate Social Users | High Stress Users
400,validation,7.1,6.5,1.6,0.3,medium,2.03,1,Heavy Daytime Social Media Users,1,Lifestyle Risk Users,1,Low Activity Moderate Social Users,1,High Stress Users,Heavy Daytime Social Media Users | Lifestyle Risk Users | Low Activity Moderate Social Users | High Stress Users
2121,validation,3.5,6.3,2.2,1.6,medium,3.2,0,Light / Rested Users,0,Healthy Lifestyle Users,2,Moderately Social Users,0,Low Stress Users,Light / Rested Users | Healthy Lifestyle Users | Moderately Social Users | Low Stress Users
2458,validation,7.4,4.8,0.6,0.4,medium,2.17,1,Heavy Daytime Social Media Users,1,Lifestyle Risk Users,1,Low Activity Moderate Social Users,1,High Stress Users,Heavy Daytime Social Media Users | Lifestyle Risk Users | Low Activity Moderate Social Users | High Stress Users
2718,validation,6.9,5.3,1.7,1.9,low,2.29,1,Heavy Daytime Social Media Users,1,Lifestyle Risk Users,0,Socially Isolated Users,1,High Stress Users,Heavy Daytime Social Media Users | Lifestyle Risk Users | Socially Isolated Users | High Stress Users
3317,validation,1.9,7.5,1.7,1.6,high,3.35,0,Light / Rested Users,0,Healthy Lifestyle Users,2,Moderately Social Users,0,Low Stress Users,Light / Rested Users | Healthy Lifestyle Users | Moderately Social Users | Low Stress Users
1759,validation,2.1,8.0,1.0,0.3,high,3.57,0,Light / Rested Users,0,Healthy Lifestyle Users,1,Low Activity Moderate Social Users,0,Low Stress Users,Light / Rested Users | Healthy Lifestyle Users | Low Activity Moderate Social Users | Low Stress Users
546,validation,1.7,8.6,0.9,1.7,low,2.36,0,Light / Rested Users,0,Healthy Lifestyle Users,0,Socially Isolated Users,0,Low Stress Users,Light / Rested Users | Healthy Lifestyle Users | Socially Isolated Users | Low Stress Users
746,validation,7.0,4.5,1.6,0.4,medium,2.83,1,Heavy Daytime Social Media Users,1,Lifestyle Risk Users,1,Low Activity Moderate Social Users,1,High Stress Users,Heavy Daytime Social Media Users | Lifestyle Risk Users | Low Activity Moderate Social Users | High Stress Users
1391,validation,1.5,7.7,1.1,1.8,low,3.93,0,Light / Rested Users,0,Healthy Lifestyle Users,0,Socially Isolated Users,0,Low Stress Users,Light / Rested Users | Healthy Lifestyle Users | Socially Isolated Users | Low Stress Users
2834,validation,6.0,5.9,1.5,1.6,high,2.65,1,Heavy Daytime Social Media Users,1,Lifestyle Risk Users,2,Moderately Social Users,1,High Stress Users,Heavy Daytime Social Media Users | Lifestyle Risk Users | Moderately Social Users | High Stress Users
1160,validation,7.7,7.5,1.4,0.1,low,2.24,1,Heavy Daytime Social Media Users,1,Lifestyle Risk Users,0,Socially Isolated Users,0,Low Stress Users,Heavy Daytime Social Media Users | Lifestyle Risk Users | Socially Isolated Users | Low Stress Users
1057,validation,7.1,5.7,1.2,2.0,medium,3.83,1,Heavy Daytime Social Media Users,0,Healthy Lifestyle Users,2,Moderately Social Users,1,High Stress Users,Heavy Daytime Social Media Users | Healthy Lifestyle Users | Moderately Social Users | High Stress Users
2080,validation,1.5,6.1,1.6,1.1,medium,3.25,0,Light / Rested Users,0,Healthy Lifestyle Users,2,Moderately Social Users,0,Low Stress Users,Light / Rested Users | Healthy Lifestyle Users | Moderately Social Users | Low Stress Users
551,validation,1.9,5.6,2.3,1.9,medium,2.8,2,Heavy Night Social Media Users,0,Healthy Lifestyle Users,2,Moderately Social Users,0,Low Stress Users,Heavy Night Social Media Users | Healthy Lifestyle Users | Moderately Social Users | Low Stress Users
3120,validation,2.0,7.3,1.9,1.6,medium,3.86,0,Light / Rested Users,0,Healthy Lifestyle Users,2,Moderately Social Users,0,Low Stress Users,Light / Rested Users | Healthy Lifestyle Users | Moderately Social Users | Low Stress Users
2366,validation,1.4,7.3,2.3,1.7,low,3.81,0,Light / Rested Users,0,Healthy Lifestyle Users,0,Socially Isolated Users,0,Low Stress Users,Light / Rested Users | Healthy Lifestyle Users | Socially Isolated Users | Low Stress Users
1610,validation,1.9,7.5,0.7,1.4,low,3.88,0,Light / Rested Users,0,Healthy Lifestyle Users,0,Socially Isolated Users,0,Low Stress Users,Light / Rested Users | Healthy Lifestyle Users | Socially Isolated Users | Low Stress Users
2924,validation,2.9,7.7,0.6,0.6,high,3.13,0,Light / Rested Users,0,Healthy Lifestyle Users,2,Moderately Social Users,0,Low Stress Users,Light / Rested Users | Healthy Lifestyle Users | Moderately Social Users | Low Stress Users
1783,validation,4.5,5.9,1.4,1.1,medium,2.67,1,Heavy Daytime Social Media Users,1,Lifestyle Risk Users,2,Moderately Social Users,1,High Stress Users,Heavy Daytime Social Media Users | Lifestyle Risk Users | Moderately Social Users | High Stress Users
1246,validation,1.3,7.1,0.7,0.8,high,3.53,0,Light / Rested Users,0,Healthy Lifestyle Users,2,Moderately Social Users,0,Low Stress Users,Light / Rested Users | Healthy Lifestyle Users | Moderately Social Users | Low Stress Users
3674,validation,2.9,7.0,0.9,1.7,high,3.22,0,Light / Rested Users,0,Healthy Lifestyle Users,2,Moderately Social Users,0,Low Stress Users,Light / Rested Users | Healthy Lifestyle Users | Moderately Social Users | Low Stress Users
2751,validation,1.4,7.7,0.9,0.6,medium,3.14,0,Light / Rested Users,0,Healthy Lifestyle Users,2,Moderately Social Users,0,Low Stress Users,Light / Rested Users | Healthy Lifestyle Users | Moderately Social Users | Low Stress Users
2883,validation,1.3,7.4,2.5,0.4,low,3.16,0,Light / Rested Users,0,Healthy Lifestyle Users,0,Socially Isolated Users,0,Low Stress Users,Light / Rested Users | Healthy Lifestyle Users | Socially Isolated Users | Low Stress Users
2239,validation,4.8,5.3,1.7,1.5,medium,2.77,2,Heavy Night Social Media Users,1,Lifestyle Risk Users,2,Moderately Social Users,1,High Stress Users,Heavy Night Social Media Users | Lifestyle Risk Users | Moderately Social Users | High Stress Users
1582,validation,5.1,5.6,1.7,1.2,medium,2.54,1,Heavy Daytime Social Media Users,1,Lifestyle Risk Users,1,Low Activity Moderate Social Users,1,High Stress Users,Heavy Daytime Social Media Users | Lifestyle Risk Users | Low Activity Moderate Social Users | High Stress Users
3016,validation,2.9,6.3,2.5,1.6,low,3.5,2,Heavy Night Social Media Users,0,Healthy Lifestyle Users,0,Socially Isolated Users,0,Low Stress Users,Heavy Night Social Media Users | Healthy Lifestyle Users | Socially Isolated Users | Low Stress Users
1657,validation,2.0,6.6,2.4,0.2,high,3.04,0,Light / Rested Users,0,Healthy Lifestyle Users,1,Low Activity Moderate Social Users,0,Low Stress Users,Light / Rested Users | Healthy Lifestyle Users | Low Activity Moderate Social Users | Low Stress Users
451,validation,6.4,4.1,1.3,1.3,low,2.77,1,Heavy Daytime Social Media Users,1,Lifestyle Risk Users,0,Socially Isolated Users,1,High Stress Users,Heavy Daytime Social Media Users | Lifestyle Risk Users | Socially Isolated Users | High Stress Users
104,validation,2.7,6.6,1.9,1.9,medium,2.75,0,Light / Rested Users,0,Healthy Lifestyle Users,2,Moderately Social Users,0,Low Stress Users,Light / Rested Users | Healthy Lifestyle Users | Moderately Social Users | Low Stress Users
497,validation,5.2,4.0,2.4,1.6,low,2.35,2,Heavy Night Social Media Users,1,Lifestyle Risk Users,0,Socially Isolated Users,1,High Stress Users,Heavy Night Social Media Users | Lifestyle Risk Users | Socially Isolated Users | High Stress Users
1911,validation,6.6,5.1,2.2,0.2,medium,2.32,2,Heavy Night Social Media Users,1,Lifestyle Risk Users,1,Low Activity Moderate Social Users,1,High Stress Users,Heavy Night Social Media Users | Lifestyle Risk Users | Low Activity Moderate Social Users | High Stress Users
2770,validation,6.3,6.1,1.1,0.5,medium,2.61,1,Heavy Daytime Social Media Users,1,Lifestyle Risk Users,1,Low Activity Moderate Social Users,1,High Stress Users,Heavy Daytime Social Media Users | Lifestyle Risk Users | Low Activity Moderate Social Users | High Stress Users
1962,validation,3.1,5.3,2.4,0.0,low,2.69,2,Heavy Night Social Media Users,1,Lifestyle Risk Users,0,Socially Isolated Users,1,High Stress Users,Heavy Night Social Media Users | Lifestyle Risk Users | Socially Isolated Users | High Stress Users
3589,validation,3.5,7.4,1.0,0.8,medium,3.2,0,Light / Rested Users,0,Healthy Lifestyle Users,2,Moderately Social Users,0,Low Stress Users,Light / Rested Users | Healthy Lifestyle Users | Moderately Social Users | Low Stress Users
3508,validation,3.7,5.7,1.2,0.8,high,2.93,1,Heavy Daytime Social Media Users,0,Healthy Lifestyle Users,1,Low Activity Moderate Social Users,0,Low Stress Users,Heavy Daytime Social Media Users | Healthy Lifestyle Users | Low Activity Moderate Social Users | Low Stress Users
3069,validation,2.9,6.4,2.9,0.8,medium,3.71,2,Heavy Night Social Media Users,0,Healthy Lifestyle Users,2,Moderately Social Users,0,Low Stress Users,Heavy Night Social Media Users | Healthy Lifestyle Users | Moderately Social Users | Low Stress Users
2471,validation,6.4,6.1,1.1,0.4,medium,2.35,1,Heavy Daytime Social Media Users,1,Lifestyle Risk Users,1,Low Activity Moderate Social Users,1,High Stress Users,Heavy Daytime Social Media Users | Lifestyle Risk Users | Low Activity Moderate Social Users | High Stress Users
377,validation,3.0,6.0,1.0,0.1,low,2.63,0,Light / Rested Users,1,Lifestyle Risk Users,0,Socially Isolated Users,1,High Stress Users,Light / Rested Users | Lifestyle Risk Users | Socially Isolated Users | High Stress Users
1053,validation,7.6,5.4,1.9,1.4,low,2.56,1,Heavy Daytime Social Media Users,1,Lifestyle Risk Users,0,Socially Isolated Users,1,High Stress Users,Heavy Daytime Social Media Users | Lifestyle Risk Users | Socially Isolated Users | High Stress Users
2439,validation,5.3,6.3,0.6,1.8,medium,2.99,1,Heavy Daytime Social Media Users,0,Healthy Lifestyle Users,2,Moderately Social Users,0,Low Stress Users,Heavy Daytime Social Media Users | Healthy Lifestyle Users | Moderately Social Users | Low Stress Users
698,validation,6.7,4.3,1.8,0.7,high,3.69,2,Heavy Night Social Media Users,1,Lifestyle Risk Users,1,Low Activity Moderate Social Users,1,High Stress Users,Heavy Night Social Media Users | Lifestyle Risk Users | Low Activity Moderate Social Users | High Stress Users
2515,validation,5.8,4.4,2.8,1.8,medium,2.14,2,Heavy Night Social Media Users,1,Lifestyle Risk Users,2,Moderately Social Users,1,High Stress Users,Heavy Night Social Media Users | Lifestyle Risk Users | Moderately Social Users | High Stress Users
417,validation,5.9,7.0,2.3,1.6,low,3.0,2,Heavy Night Social Media Users,0,Healthy Lifestyle Users,0,Socially Isolated Users,0,Low Stress Users,Heavy Night Social Media Users | Healthy Lifestyle Users | Socially Isolated Users | Low Stress Users
75,validation,6.9,8.2,0.8,0.0,medium,2.36,1,Heavy Daytime Social Media Users,1,Lifestyle Risk Users,1,Low Activity Moderate Social Users,1,High Stress Users,Heavy Daytime Social Media Users | Lifestyle Risk Users | Low Activity Moderate Social Users | High Stress Users
2668,validation,7.0,5.9,1.5,0.3,low,2.25,1,Heavy Daytime Social Media Users,1,Lifestyle Risk Users,0,Socially Isolated Users,1,High Stress Users,Heavy Daytime Social Media Users | Lifestyle Risk Users | Socially Isolated Users | High Stress Users
439,validation,2.4,5.5,0.6,1.6,medium,3.56,1,Heavy Daytime Social Media Users,0,Healthy Lifestyle Users,2,Moderately Social Users,0,Low Stress Users,Heavy Daytime Social Media Users | Healthy Lifestyle Users | Moderately Social Users | Low Stress Users
1851,validation,2.7,6.5,2.1,0.9,medium,2.91,0,Light / Rested Users,0,Healthy Lifestyle Users,2,Moderately Social Users,0,Low Stress Users,Light / Rested Users | Healthy Lifestyle Users | Moderately Social Users | Low Stress Users
2703,validation,4.1,5.6,2.9,1.0,high,3.03,2,Heavy Night Social Media Users,1,Lifestyle Risk Users,2,Moderately Social Users,0,Low Stress Users,Heavy Night Social Media Users | Lifestyle Risk Users | Moderately Social Users | Low Stress Users
1739,validation,3.8,6.1,1.8,0.6,medium,3.06,0,Light / Rested Users,0,Healthy Lifestyle Users,1,Low Activity Moderate Social Users,0,Low Stress Users,Light / Rested Users | Healthy Lifestyle Users | Low Activity Moderate Social Users | Low Stress Users
19,validation,1.2,7.6,1.0,0.8,high,3.85,0,Light / Rested Users,0,Healthy Lifestyle Users,2,Moderately Social Users,0,Low Stress Users,Light / Rested Users | Healthy Lifestyle Users | Moderately Social Users | Low Stress Users
1774,validation,5.3,5.1,1.9,0.3,high,2.41,2,Heavy Night Social Media Users,1,Lifestyle Risk Users,1,Low Activity Moderate Social Users,1,High Stress Users,Heavy Night Social Media Users | Lifestyle Risk Users | Low Activity Moderate Social Users | High Stress Users
1262,validation,2.6,6.7,0.5,1.4,medium,3.45,0,Light / Rested Users,0,Healthy Lifestyle Users,2,Moderately Social Users,0,Low Stress Users,Light / Rested Users | Healthy Lifestyle Users | Moderately Social Users | Low Stress Users
3434,validation,1.2,8.4,1.6,1.4,low,3.96,0,Light / Rested Users,0,Healthy Lifestyle Users,0,Socially Isolated Users,0,Low Stress Users,Light / Rested Users | Healthy Lifestyle Users | Socially Isolated Users | Low Stress Users
2387,validation,6.4,5.7,1.3,1.3,low,2.72,1,Heavy Daytime Social Media Users,1,Lifestyle Risk Users,0,Socially Isolated Users,1,High Stress Users,Heavy Daytime Social Media Users | Lifestyle Risk Users | Socially Isolated Users | High Stress Users
3290,validation,6.7,5.4,2.1,0.0,high,2.36,2,Heavy Night Social Media Users,1,Lifestyle Risk Users,1,Low Activity Moderate Social Users,1,High Stress Users,Heavy Night Social Media Users | Lifestyle Risk Users | Low Activity Moderate Social Users | High Stress Users
2518,validation,3.6,7.4,0.7,1.7,medium,3.34,0,Light / Rested Users,0,Healthy Lifestyle Users,2,Moderately Social Users,0,Low Stress Users,Light / Rested Users | Healthy Lifestyle Users | Moderately Social Users | Low Stress Users
2019,validation,6.0,6.5,2.5,1.9,low,2.97,2,Heavy Night Social Media Users,1,Lifestyle Risk Users,0,Socially Isolated Users,1,High Stress Users,Heavy Night Social Media Users | Lifestyle Risk Users | Socially Isolated Users | High Stress Users
2882,validation,5.6,5.2,0.6,0.2,low,2.49,1,Heavy Daytime Social Media Users,1,Lifestyle Risk Users,0,Socially Isolated Users,1,High Stress Users,Heavy Daytime Social Media Users | Lifestyle Risk Users | Socially Isolated Users | High Stress Users
323,validation,7.2,6.7,0.9,0.6,low,2.36,1,Heavy Daytime Social Media Users,1,Lifestyle Risk Users,0,Socially Isolated Users,1,High Stress Users,Heavy Daytime Social Media Users | Lifestyle Risk Users | Socially Isolated Users | High Stress Users
1367,validation,6.9,5.9,1.0,1.8,low,2.42,1,Heavy Daytime Social Media Users,1,Lifestyle Risk Users,0,Socially Isolated Users,1,High Stress Users,Heavy Daytime Social Media Users | Lifestyle Risk Users | Socially Isolated Users | High Stress Users
2273,validation,1.5,6.2,2.7,1.4,high,4.0,0,Light / Rested Users,0,Healthy Lifestyle Users,2,Moderately Social Users,0,Low Stress Users,Light / Rested Users | Healthy Lifestyle Users | Moderately Social Users | Low Stress Users
2006,validation,6.9,6.1,0.8,1.5,medium,2.6,1,Heavy Daytime Social Media Users,1,Lifestyle Risk Users,1,Low Activity Moderate Social Users,1,High Stress Users,Heavy Daytime Social Media Users | Lifestyle Risk Users | Low Activity Moderate Social Users | High Stress Users
2523,validation,6.0,6.1,1.7,2.0,low,2.42,1,Heavy Daytime Social Media Users,1,Lifestyle Risk Users,0,Socially Isolated Users,1,High Stress Users,Heavy Daytime Social Media Users | Lifestyle Risk Users | Socially Isolated Users | High Stress Users
227,validation,6.4,5.1,2.5,1.3,low,2.62,2,Heavy Night Social Media Users,1,Lifestyle Risk Users,0,Socially Isolated Users,1,High Stress Users,Heavy Night Social Media Users | Lifestyle Risk Users | Socially Isolated Users | High Stress Users
1046,validation,3.9,4.5,1.6,0.6,high,2.02,2,Heavy Night Social Media Users,1,Lifestyle Risk Users,1,Low Activity Moderate Social Users,1,High Stress Users,Heavy Night Social Media Users | Lifestyle Risk Users | Low Activity Moderate Social Users | High Stress Users
3359,validation,4.1,6.6,1.2,1.6,low,2.99,1,Heavy Daytime Social Media Users,0,Healthy Lifestyle Users,0,Socially Isolated Users,0,Low Stress Users,Heavy Daytime Social Media Users | Healthy Lifestyle Users | Socially Isolated Users | Low Stress Users
3642,validation,4.3,5.2,2.0,0.4,high,2.22,2,Heavy Night Social Media Users,1,Lifestyle Risk Users,1,Low Activity Moderate Social Users,1,High Stress Users,Heavy Night Social Media Users | Lifestyle Risk Users | Low Activity Moderate Social Users | High Stress Users
1847,validation,2.0,7.4,0.9,1.1,high,3.51,0,Light / Rested Users,0,Healthy Lifestyle Users,2,Moderately Social Users,0,Low Stress Users,Light / Rested Users | Healthy Lifestyle Users | Moderately Social Users | Low Stress Users
3352,validation,4.2,6.9,1.2,0.5,medium,3.35,0,Light / Rested Users,0,Healthy Lifestyle Users,1,Low Activity Moderate Social Users,0,Low Stress Users,Light / Rested Users | Healthy Lifestyle Users | Low Activity Moderate Social Users | Low Stress Users
9,validation,1.9,4.9,1.5,1.1,high,3.77,0,Light / Rested Users,0,Healthy Lifestyle Users,2,Moderately Social Users,0,Low Stress Users,Light / Rested Users | Healthy Lifestyle Users | Moderately Social Users | Low Stress Users
2609,validation,2.8,8.0,1.0,1.2,medium,3.51,0,Light / Rested Users,0,Healthy Lifestyle Users,2,Moderately Social Users,0,Low Stress Users,Light / Rested Users | Healthy Lifestyle Users | Moderately Social Users | Low Stress Users
206,validation,2.5,8.9,2.9,0.1,high,2.53,0,Light / Rested Users,0,Healthy Lifestyle Users,1,Low Activity Moderate Social Users,0,Low Stress Users,Light / Rested Users | Healthy Lifestyle Users | Low Activity Moderate Social Users | Low Stress Users
883,validation,2.0,8.2,1.0,0.9,medium,3.15,0,Light / Rested Users,0,Healthy Lifestyle Users,2,Moderately Social Users,0,Low Stress Users,Light / Rested Users | Healthy Lifestyle Users | Moderately Social Users | Low Stress Users
340,validation,2.3,7.8,3.0,1.4,medium,2.3,0,Light / Rested Users,0,Healthy Lifestyle Users,2,Moderately Social Users,0,Low Stress Users,Light / Rested Users | Healthy Lifestyle Users | Moderately Social Users | Low Stress Users
896,validation,6.8,5.4,0.9,0.3,high,2.64,1,Heavy Daytime Social Media Users,1,Lifestyle Risk Users,1,Low Activity Moderate Social Users,1,High Stress Users,Heavy Daytime Social Media Users | Lifestyle Risk Users | Low Activity Moderate Social Users | High Stress Users
1886,validation,2.3,6.6,1.1,1.2,low,3.27,0,Light / Rested Users,0,Healthy Lifestyle Users,0,Socially Isolated Users,0,Low Stress Users,Light / Rested Users | Healthy Lifestyle Users | Socially Isolated Users | Low Stress Users
2265,validation,6.1,4.9,1.6,1.1,medium,2.93,1,Heavy Daytime Social Media Users,1,Lifestyle Risk Users,1,Low Activity Moderate Social Users,1,High Stress Users,Heavy Daytime Social Media Users | Lifestyle Risk Users | Low Activity Moderate Social Users | High Stress Users
916,validation,4.7,8.7,2.0,1.7,low,3.23,0,Light / Rested Users,0,Healthy Lifestyle Users,0,Socially Isolated Users,0,Low Stress Users,Light / Rested Users | Healthy Lifestyle Users | Socially Isolated Users | Low Stress Users
2404,validation,5.3,5.1,2.1,0.1,low,2.92,2,Heavy Night Social Media Users,1,Lifestyle Risk Users,0,Socially Isolated Users,1,High Stress Users,Heavy Night Social Media Users | Lifestyle Risk Users | Socially Isolated Users | High Stress Users
2852,validation,5.5,6.1,2.2,1.4,medium,2.45,2,Heavy Night Social Media Users,1,Lifestyle Risk Users,2,Moderately Social Users,1,High Stress Users,Heavy Night Social Media Users | Lifestyle Risk Users | Moderately Social Users | High Stress Users
2349,validation,4.9,7.0,1.4,1.8,high,3.3,1,Heavy Daytime Social Media Users,0,Healthy Lifestyle Users,2,Moderately Social Users,0,Low Stress Users,Heavy Daytime Social Media Users | Healthy Lifestyle Users | Moderately Social Users | Low Stress Users
3049,validation,5.4,6.8,1.4,0.0,medium,2.72,1,Heavy Daytime Social Media Users,1,Lifestyle Risk Users,1,Low Activity Moderate Social Users,1,High Stress Users,Heavy Daytime Social Media Users | Lifestyle Risk Users | Low Activity Moderate Social Users | High Stress Users
1104,validation,2.5,6.3,1.8,0.1,high,2.2,0,Light / Rested Users,1,Lifestyle Risk Users,1,Low Activity Moderate Social Users,0,Low Stress Users,Light / Rested Users | Lifestyle Risk Users | Low Activity Moderate Social Users | Low Stress Users
633,validation,7.7,8.4,2.8,0.2,medium,3.43,2,Heavy Night Social Media Users,0,Healthy Lifestyle Users,1,Low Activity Moderate Social Users,1,High Stress Users,Heavy Night Social Media Users | Healthy Lifestyle Users | Low Activity Moderate Social Users | High Stress Users
1864,validation,7.8,6.1,0.5,0.1,low,2.23,1,Heavy Daytime Social Media Users,1,Lifestyle Risk Users,0,Socially Isolated Users,1,High Stress Users,Heavy Daytime Social Media Users | Lifestyle Risk Users | Socially Isolated Users | High Stress Users
3381,validation,3.2,5.9,2.7,1.8,medium,3.44,2,Heavy Night Social Media Users,0,Healthy Lifestyle Users,2,Moderately Social Users,0,Low Stress Users,Heavy Night Social Media Users | Healthy Lifestyle Users | Moderately Social Users | Low Stress Users
2958,validation,2.2,7.9,0.7,1.4,medium,3.79,0,Light / Rested Users,0,Healthy Lifestyle Users,2,Moderately Social Users,0,Low Stress Users,Light / Rested Users | Healthy Lifestyle Users | Moderately Social Users | Low Stress Users
2398,validation,3.0,6.8,1.6,1.5,low,3.08,0,Light / Rested Users,0,Healthy Lifestyle Users,0,Socially Isolated Users,0,Low Stress Users,Light / Rested Users | Healthy Lifestyle Users | Socially Isolated Users | Low Stress Users
2961,validation,7.4,6.2,0.7,1.9,low,2.59,1,Heavy Daytime Social Media Users,1,Lifestyle Risk Users,0,Socially Isolated Users,1,High Stress Users,Heavy Daytime Social Media Users | Lifestyle Risk Users | Socially Isolated Users | High Stress Users
2972,validation,5.2,5.8,1.0,0.5,medium,2.7,1,Heavy Daytime Social Media Users,1,Lifestyle Risk Users,1,Low Activity Moderate Social Users,1,High Stress Users,Heavy Daytime Social Media Users | Lifestyle Risk Users | Low Activity Moderate Social Users | High Stress Users
376,validation,4.8,5.0,2.6,1.6,low,3.25,2,Heavy Night Social Media Users,1,Lifestyle Risk Users,0,Socially Isolated Users,1,High Stress Users,Heavy Night Social Media Users | Lifestyle Risk Users | Socially Isolated Users | High Stress Users
1320,validation,3.0,6.1,2.5,1.1,high,3.06,2,Heavy Night Social Media Users,0,Healthy Lifestyle Users,2,Moderately Social Users,0,Low Stress Users,Heavy Night Social Media Users | Healthy Lifestyle Users | Moderately Social Users | Low Stress Users
2095,validation,7.4,6.3,0.6,0.8,low,2.3,1,Heavy Daytime Social Media Users,1,Lifestyle Risk Users,0,Socially Isolated Users,1,High Stress Users,Heavy Daytime Social Media Users | Lifestyle Risk Users | Socially Isolated Users | High Stress Users
618,validation,6.8,4.4,2.1,0.4,high,3.69,2,Heavy Night Social Media Users,1,Lifestyle Risk Users,1,Low Activity Moderate Social Users,1,High Stress Users,Heavy Night Social Media Users | Lifestyle Risk Users | Low Activity Moderate Social Users | High Stress Users
1493,validation,5.5,4.8,2.6,2.0,high,2.45,2,Heavy Night Social Media Users,1,Lifestyle Risk Users,2,Moderately Social Users,1,High Stress Users,Heavy Night Social Media Users | Lifestyle Risk Users | Moderately Social Users | High Stress Users
1186,validation,1.6,5.4,2.0,1.8,low,3.2,0,Light / Rested Users,0,Healthy Lifestyle Users,0,Socially Isolated Users,1,High Stress Users,Light / Rested Users | Healthy Lifestyle Users | Socially Isolated Users | High Stress Users
3388,validation,7.6,4.3,2.7,1.8,low,2.0,2,Heavy Night Social Media Users,1,Lifestyle Risk Users,0,Socially Isolated Users,1,High Stress Users,Heavy Night Social Media Users | Lifestyle Risk Users | Socially Isolated Users | High Stress Users
841,validation,3.9,4.0,1.8,1.4,high,2.19,2,Heavy Night Social Media Users,1,Lifestyle Risk Users,2,Moderately Social Users,0,Low Stress Users,Heavy Night Social Media Users | Lifestyle Risk Users | Moderately Social Users | Low Stress Users
472,validation,6.1,5.7,2.0,1.0,low,3.9,2,Heavy Night Social Media Users,0,Healthy Lifestyle Users,0,Socially Isolated Users,1,High Stress Users,Heavy Night Social Media Users | Healthy Lifestyle Users | Socially Isolated Users | High Stress Users
3376,validation,7.0,5.9,1.4,0.9,high,2.0,1,Heavy Daytime Social Media Users,1,Lifestyle Risk Users,1,Low Activity Moderate Social Users,1,High Stress Users,Heavy Daytime Social Media Users | Lifestyle Risk Users | Low Activity Moderate Social Users | High Stress Users
3540,validation,7.0,4.7,2.2,1.9,medium,2.0,2,Heavy Night Social Media Users,1,Lifestyle Risk Users,2,Moderately Social Users,1,High Stress Users,Heavy Night Social Media Users | Lifestyle Risk Users | Moderately Social Users | High Stress Users
144,validation,2.9,7.5,0.9,2.0,high,2.62,0,Light / Rested Users,0,Healthy Lifestyle Users,2,Moderately Social Users,0,Low Stress Users,Light / Rested Users | Healthy Lifestyle Users | Moderately Social Users | Low Stress Users
262,validation,3.6,4.3,2.9,1.0,high,2.2,2,Heavy Night Social Media Users,1,Lifestyle Risk Users,2,Moderately Social Users,1,High Stress Users,Heavy Night Social Media Users | Lifestyle Risk Users | Moderately Social Users | High Stress Users
2527,validation,4.2,5.7,1.3,1.3,high,2.83,1,Heavy Daytime Social Media Users,1,Lifestyle Risk Users,2,Moderately Social Users,1,High Stress Users,Heavy Daytime Social Media Users | Lifestyle Risk Users | Moderately Social Users | High Stress Users
2050,validation,3.8,6.4,2.9,0.0,low,2.97,2,Heavy Night Social Media Users,1,Lifestyle Risk Users,0,Socially Isolated Users,0,Low Stress Users,Heavy Night Social Media Users | Lifestyle Risk Users | Socially Isolated Users | Low Stress Users
1818,validation,1.6,6.2,2.2,1.7,medium,3.77,0,Light / Rested Users,0,Healthy Lifestyle Users,2,Moderately Social Users,0,Low Stress Users,Light / Rested Users | Healthy Lifestyle Users | Moderately Social Users | Low Stress Users
3260,validation,1.1,7.8,1.1,1.5,medium,3.78,0,Light / Rested Users,0,Healthy Lifestyle Users,2,Moderately Social Users,0,Low Stress Users,Light / Rested Users | Healthy Lifestyle Users | Moderately Social Users | Low Stress Users
2688,validation,4.7,6.3,1.7,0.8,high,2.49,1,Heavy Daytime Social Media Users,1,Lifestyle Risk Users,1,Low Activity Moderate Social Users,1,High Stress Users,Heavy Daytime Social Media Users | Lifestyle Risk Users | Low Activity Moderate Social Users | High Stress Users
1959,validation,2.9,6.5,1.1,1.0,medium,3.07,0,Light / Rested Users,0,Healthy Lifestyle Users,2,Moderately Social Users,0,Low Stress Users,Light / Rested Users | Healthy Lifestyle Users | Moderately Social Users | Low Stress Users
563,validation,5.7,6.1,0.7,0.6,medium,3.08,1,Heavy Daytime Social Media Users,1,Lifestyle Risk Users,1,Low Activity Moderate Social Users,1,High Stress Users,Heavy Daytime Social Media Users | Lifestyle Risk Users | Low Activity Moderate Social Users | High Stress Users
2340,validation,7.5,4.2,2.2,1.4,high,2.0,2,Heavy Night Social Media Users,1,Lifestyle Risk Users,1,Low Activity Moderate Social Users,1,High Stress Users,Heavy Night Social Media Users | Lifestyle Risk Users | Low Activity Moderate Social Users | High Stress Users
2985,validation,7.3,5.4,0.8,0.5,high,2.09,1,Heavy Daytime Social Media Users,1,Lifestyle Risk Users,1,Low Activity Moderate Social Users,1,High Stress Users,Heavy Daytime Social Media Users | Lifestyle Risk Users | Low Activity Moderate Social Users | High Stress Users
3534,validation,4.8,5.8,2.6,2.0,medium,2.86,2,Heavy Night Social Media Users,1,Lifestyle Risk Users,2,Moderately Social Users,0,Low Stress Users,Heavy Night Social Media Users | Lifestyle Risk Users | Moderately Social Users | Low Stress Users
286,validation,4.4,5.7,1.0,1.9,high,3.2,1,Heavy Daytime Social Media Users,0,Healthy Lifestyle Users,2,Moderately Social Users,0,Low Stress Users,Heavy Daytime Social Media Users | Healthy Lifestyle Users | Moderately Social Users | Low Stress Users
587,validation,2.3,8.7,1.2,1.5,high,3.25,0,Light / Rested Users,0,Healthy Lifestyle Users,2,Moderately Social Users,0,Low Stress Users,Light / Rested Users | Healthy Lifestyle Users | Moderately Social Users | Low Stress Users
3670,validation,3.9,6.1,2.6,1.3,medium,3.27,2,Heavy Night Social Media Users,0,Healthy Lifestyle Users,2,Moderately Social Users,0,Low Stress Users,Heavy Night Social Media Users | Healthy Lifestyle Users | Moderately Social Users | Low Stress Users
405,validation,4.3,6.0,1.4,1.7,low,2.98,1,Heavy Daytime Social Media Users,0,Healthy Lifestyle Users,0,Socially Isolated Users,1,High Stress Users,Heavy Daytime Social Media Users | Healthy Lifestyle Users | Socially Isolated Users | High Stress Users
922,validation,7.3,7.6,1.9,0.8,medium,2.31,1,Heavy Daytime Social Media Users,1,Lifestyle Risk Users,1,Low Activity Moderate Social Users,1,High Stress Users,Heavy Daytime Social Media Users | Lifestyle Risk Users | Low Activity Moderate Social Users | High Stress Users
1365,validation,1.9,7.7,1.7,0.7,low,3.52,0,Light / Rested Users,0,Healthy Lifestyle Users,0,Socially Isolated Users,0,Low Stress Users,Light / Rested Users | Healthy Lifestyle Users | Socially Isolated Users | Low Stress Users
3297,validation,4.8,6.9,1.6,1.9,medium,3.32,0,Light / Rested Users,0,Healthy Lifestyle Users,2,Moderately Social Users,0,Low Stress Users,Light / Rested Users | Healthy Lifestyle Users | Moderately Social Users | Low Stress Users
1416,validation,3.3,7.1,2.0,0.7,low,3.0,0,Light / Rested Users,0,Healthy Lifestyle Users,0,Socially Isolated Users,0,Low Stress Users,Light / Rested Users | Healthy Lifestyle Users | Socially Isolated Users | Low Stress Users
3189,validation,3.8,6.2,1.6,1.4,high,3.03,0,Light / Rested Users,0,Healthy Lifestyle Users,2,Moderately Social Users,1,High Stress Users,Light / Rested Users | Healthy Lifestyle Users | Moderately Social Users | High Stress Users
2085,validation,1.5,6.4,2.6,1.9,medium,3.53,0,Light / Rested Users,0,Healthy Lifestyle Users,2,Moderately Social Users,0,Low Stress Users,Light / Rested Users | Healthy Lifestyle Users | Moderately Social Users | Low Stress Users
567,validation,2.7,8.5,0.8,1.3,low,2.91,0,Light / Rested Users,0,Healthy Lifestyle Users,0,Socially Isolated Users,0,Low Stress Users,Light / Rested Users | Healthy Lifestyle Users | Socially Isolated Users | Low Stress Users
3516,validation,5.6,6.7,0.7,1.9,low,2.79,1,Heavy Daytime Social Media Users,0,Healthy Lifestyle Users,0,Socially Isolated Users,1,High Stress Users,Heavy Daytime Social Media Users | Healthy Lifestyle Users | Socially Isolated Users | High Stress Users
1458,validation,3.1,6.1,1.8,0.7,high,2.82,0,Light / Rested Users,0,Healthy Lifestyle Users,2,Moderately Social Users,0,Low Stress Users,Light / Rested Users | Healthy Lifestyle Users | Moderately Social Users | Low Stress Users
2480,validation,7.9,4.2,2.4,1.9,low,2.1,2,Heavy Night Social Media Users,1,Lifestyle Risk Users,0,Socially Isolated Users,1,High Stress Users,Heavy Night Social Media Users | Lifestyle Risk Users | Socially Isolated Users | High Stress Users
714,validation,1.1,4.6,1.8,1.1,medium,2.35,2,Heavy Night Social Media Users,1,Lifestyle Risk Users,2,Moderately Social Users,1,High Stress Users,Heavy Night Social Media Users | Lifestyle Risk Users | Moderately Social Users | High Stress Users
138,validation,6.4,6.0,1.1,0.9,medium,3.81,1,Heavy Daytime Social Media Users,0,Healthy Lifestyle Users,1,Low Activity Moderate Social Users,1,High Stress Users,Heavy Daytime Social Media Users | Healthy Lifestyle Users | Low Activity Moderate Social Users | High Stress Users
3596,validation,5.0,5.8,1.4,1.0,high,2.66,1,Heavy Daytime Social Media Users,1,Lifestyle Risk Users,1,Low Activity Moderate Social Users,1,High Stress Users,Heavy Daytime Social Media Users | Lifestyle Risk Users | Low Activity Moderate Social Users | High Stress Users
946,validation,1.8,7.6,1.2,1.1,high,2.84,0,Light / Rested Users,0,Healthy Lifestyle Users,2,Moderately Social Users,0,Low Stress Users,Light / Rested Users | Healthy Lifestyle Users | Moderately Social Users | Low Stress Users
489,validation,4.4,8.2,1.5,1.4,high,3.98,0,Light / Rested Users,0,Healthy Lifestyle Users,2,Moderately Social Users,0,Low Stress Users,Light / Rested Users | Healthy Lifestyle Users | Moderately Social Users | Low Stress Users
1456,validation,6.7,5.7,1.1,1.7,high,2.56,1,Heavy Daytime Social Media Users,1,Lifestyle Risk Users,1,Low Activity Moderate Social Users,1,High Stress Users,Heavy Daytime Social Media Users | Lifestyle Risk Users | Low Activity Moderate Social Users | High Stress Users
1873,validation,4.0,6.2,1.4,0.6,low,2.58,1,Heavy Daytime Social Media Users,1,Lifestyle Risk Users,0,Socially Isolated Users,1,High Stress Users,Heavy Daytime Social Media Users | Lifestyle Risk Users | Socially Isolated Users | High Stress Users
2731,validation,2.5,7.7,2.0,1.8,high,3.4,0,Light / Rested Users,0,Healthy Lifestyle Users,2,Moderately Social Users,0,Low Stress Users,Light / Rested Users | Healthy Lifestyle Users | Moderately Social Users | Low Stress Users
1076,validation,7.9,7.0,2.7,1.0,medium,3.9,2,Heavy Night Social Media Users,0,Healthy Lifestyle Users,1,Low Activity Moderate Social Users,0,Low Stress Users,Heavy Night Social Media Users | Healthy Lifestyle Users | Low Activity Moderate Social Users | Low Stress Users
2620,validation,7.6,4.6,1.6,1.5,high,2.0,1,Heavy Daytime Social Media Users,1,Lifestyle Risk Users,1,Low Activity Moderate Social Users,1,High Stress Users,Heavy Daytime Social Media Users | Lifestyle Risk Users | Low Activity Moderate Social Users | High Stress Users
1874,validation,5.5,6.0,2.0,1.2,low,2.88,2,Heavy Night Social Media Users,1,Lifestyle Risk Users,0,Socially Isolated Users,1,High Stress Users,Heavy Night Social Media Users | Lifestyle Risk Users | Socially Isolated Users | High Stress Users
1065,validation,4.0,8.0,2.0,1.4,high,3.04,0,Light / Rested Users,0,Healthy Lifestyle Users,2,Moderately Social Users,0,Low Stress Users,Light / Rested Users | Healthy Lifestyle Users | Moderately Social Users | Low Stress Users
3044,validation,6.2,5.8,0.5,1.7,high,2.32,1,Heavy Daytime Social Media Users,1,Lifestyle Risk Users,2,Moderately Social Users,1,High Stress Users,Heavy Daytime Social Media Users | Lifestyle Risk Users | Moderately Social Users | High Stress Users
2062,validation,3.0,6.7,2.1,0.1,medium,3.26,0,Light / Rested Users,0,Healthy Lifestyle Users,1,Low Activity Moderate Social Users,0,Low Stress Users,Light / Rested Users | Healthy Lifestyle Users | Low Activity Moderate Social Users | Low Stress Users
2602,validation,8.0,4.6,2.3,0.6,high,2.0,2,Heavy Night Social Media Users,1,Lifestyle Risk Users,1,Low Activity Moderate Social Users,1,High Stress Users,Heavy Night Social Media Users | Lifestyle Risk Users | Low Activity Moderate Social Users | High Stress Users
3045,validation,2.8,7.1,2.1,0.5,medium,3.31,0,Light / Rested Users,0,Healthy Lifestyle Users,0,Socially Isolated Users,0,Low Stress Users,Light / Rested Users | Healthy Lifestyle Users | Socially Isolated Users | Low Stress Users
3407,validation,2.1,6.8,1.2,2.0,high,3.7,0,Light / Rested Users,0,Healthy Lifestyle Users,2,Moderately Social Users,0,Low Stress Users,Light / Rested Users | Healthy Lifestyle Users | Moderately Social Users | Low Stress Users
815,validation,3.3,5.2,1.8,1.2,low,2.1,2,Heavy Night Social Media Users,1,Lifestyle Risk Users,0,Socially Isolated Users,0,Low Stress Users,Heavy Night Social Media Users | Lifestyle Risk Users | Socially Isolated Users | Low Stress Users
3315,validation,6.0,6.1,0.8,1.0,low,2.76,1,Heavy Daytime Social Media Users,1,Lifestyle Risk Users,0,Socially Isolated Users,1,High Stress Users,Heavy Daytime Social Media Users | Lifestyle Risk Users | Socially Isolated Users | High Stress Users
64,validation,7.9,5.1,1.7,0.8,low,2.8,1,Heavy Daytime Social Media Users,1,Lifestyle Risk Users,0,Socially Isolated Users,1,High Stress Users,Heavy Daytime Social Media Users | Lifestyle Risk Users | Socially Isolated Users | High Stress Users
2710,validation,1.6,6.9,2.4,1.3,high,3.4,0,Light / Rested Users,0,Healthy Lifestyle Users,2,Moderately Social Users,0,Low Stress Users,Light / Rested Users | Healthy Lifestyle Users | Moderately Social Users | Low Stress Users
2543,validation,7.8,4.0,2.1,1.4,high,2.15,2,Heavy Night Social Media Users,1,Lifestyle Risk Users,1,Low Activity Moderate Social Users,1,High Stress Users,Heavy Night Social Media Users | Lifestyle Risk Users | Low Activity Moderate Social Users | High Stress Users
2381,validation,5.0,5.5,2.0,1.8,high,2.81,2,Heavy Night Social Media Users,1,Lifestyle Risk Users,2,Moderately Social Users,0,Low Stress Users,Heavy Night Social Media Users | Lifestyle Risk Users | Moderately Social Users | Low Stress Users
1295,validation,7.2,4.9,2.6,0.2,high,2.41,2,Heavy Night Social Media Users,1,Lifestyle Risk Users,1,Low Activity Moderate Social Users,1,High Stress Users,Heavy Night Social Media Users | Lifestyle Risk Users | Low Activity Moderate Social Users | High Stress Users
1644,validation,5.7,6.0,1.3,1.8,medium,3.2,1,Heavy Daytime Social Media Users,0,Healthy Lifestyle Users,2,Moderately Social Users,1,High Stress Users,Heavy Daytime Social Media Users | Healthy Lifestyle Users | Moderately Social Users | High Stress Users
2270,validation,5.0,6.2,1.5,1.7,medium,3.0,1,Heavy Daytime Social Media Users,0,Healthy Lifestyle Users,2,Moderately Social Users,0,Low Stress Users,Heavy Daytime Social Media Users | Healthy Lifestyle Users | Moderately Social Users | Low Stress Users
2920,validation,6.7,5.3,2.3,1.8,high,2.24,2,Heavy Night Social Media Users,1,Lifestyle Risk Users,2,Moderately Social Users,1,High Stress Users,Heavy Night Social Media Users | Lifestyle Risk Users | Moderately Social Users | High Stress Users
3510,validation,7.4,4.4,2.4,1.0,medium,2.53,2,Heavy Night Social Media Users,1,Lifestyle Risk Users,1,Low Activity Moderate Social Users,1,High Stress Users,Heavy Night Social Media Users | Lifestyle Risk Users | Low Activity Moderate Social Users | High Stress Users
379,validation,6.9,5.0,1.2,1.6,high,2.56,1,Heavy Daytime Social Media Users,1,Lifestyle Risk Users,1,Low Activity Moderate Social Users,1,High Stress Users,Heavy Daytime Social Media Users | Lifestyle Risk Users | Low Activity Moderate Social Users | High Stress Users
402,validation,7.7,4.7,2.8,1.5,low,3.5,2,Heavy Night Social Media Users,1,Lifestyle Risk Users,0,Socially Isolated Users,1,High Stress Users,Heavy Night Social Media Users | Lifestyle Risk Users | Socially Isolated Users | High Stress Users
890,validation,2.5,4.6,2.2,0.7,medium,2.05,2,Heavy Night Social Media Users,1,Lifestyle Risk Users,2,Moderately Social Users,1,High Stress Users,Heavy Night Social Media Users | Lifestyle Risk Users | Moderately Social Users | High Stress Users
3025,validation,5.7,6.5,1.0,1.9,high,2.85,1,Heavy Daytime Social Media Users,0,Healthy Lifestyle Users,2,Moderately Social Users,1,High Stress Users,Heavy Daytime Social Media Users | Healthy Lifestyle Users | Moderately Social Users | High Stress Users
1798,validation,1.2,7.2,2.4,0.9,low,3.49,0,Light / Rested Users,0,Healthy Lifestyle Users,0,Socially Isolated Users,0,Low Stress Users,Light / Rested Users | Healthy Lifestyle Users | Socially Isolated Users | Low Stress Users
394,validation,4.2,7.1,2.1,1.8,medium,2.21,0,Light / Rested Users,1,Lifestyle Risk Users,2,Moderately Social Users,0,Low Stress Users,Light / Rested Users | Lifestyle Risk Users | Moderately Social Users | Low Stress Users
1871,validation,4.5,6.2,2.2,1.0,high,3.19,2,Heavy Night Social Media Users,0,Healthy Lifestyle Users,1,Low Activity Moderate Social Users,0,Low Stress Users,Heavy Night Social Media Users | Healthy Lifestyle Users | Low Activity Moderate Social Users | Low Stress Users
741,validation,3.6,5.6,1.7,1.5,low,3.57,2,Heavy Night Social Media Users,0,Healthy Lifestyle Users,0,Socially Isolated Users,1,High Stress Users,Heavy Night Social Media Users | Healthy Lifestyle Users | Socially Isolated Users | High Stress Users
404,validation,8.0,6.9,2.5,1.7,medium,2.45,2,Heavy Night Social Media Users,1,Lifestyle Risk Users,1,Low Activity Moderate Social Users,1,High Stress Users,Heavy Night Social Media Users | Lifestyle Risk Users | Low Activity Moderate Social Users | High Stress Users
1369,validation,6.1,6.0,1.6,1.0,medium,2.36,1,Heavy Daytime Social Media Users,1,Lifestyle Risk Users,1,Low Activity Moderate Social Users,1,High Stress Users,Heavy Daytime Social Media Users | Lifestyle Risk Users | Low Activity Moderate Social Users | High Stress Users
1632,validation,7.7,4.0,2.5,0.3,medium,2.0,2,Heavy Night Social Media Users,1,Lifestyle Risk Users,1,Low Activity Moderate Social Users,1,High Stress Users,Heavy Night Social Media Users | Lifestyle Risk Users | Low Activity Moderate Social Users | High Stress Users
2232,validation,5.7,6.2,2.0,1.4,high,3.01,2,Heavy Night Social Media Users,1,Lifestyle Risk Users,1,Low Activity Moderate Social Users,0,Low Stress Users,Heavy Night Social Media Users | Lifestyle Risk Users | Low Activity Moderate Social Users | Low Stress Users
3282,validation,5.3,5.6,2.9,1.0,high,2.74,2,Heavy Night Social Media Users,1,Lifestyle Risk Users,1,Low Activity Moderate Social Users,1,High Stress Users,Heavy Night Social Media Users | Lifestyle Risk Users | Low Activity Moderate Social Users | High Stress Users
1861,validation,6.5,5.9,1.6,1.3,medium,2.52,1,Heavy Daytime Social Media Users,1,Lifestyle Risk Users,1,Low Activity Moderate Social Users,1,High Stress Users,Heavy Daytime Social Media Users | Lifestyle Risk Users | Low Activity Moderate Social Users | High Stress Users
1590,validation,7.6,4.9,0.6,0.0,high,2.13,1,Heavy Daytime Social Media Users,1,Lifestyle Risk Users,1,Low Activity Moderate Social Users,1,High Stress Users,Heavy Daytime Social Media Users | Lifestyle Risk Users | Low Activity Moderate Social Users | High Stress Users
2667,validation,5.0,5.4,1.3,0.0,high,2.13,1,Heavy Daytime Social Media Users,1,Lifestyle Risk Users,1,Low Activity Moderate Social Users,1,High Stress Users,Heavy Daytime Social Media Users | Lifestyle Risk Users | Low Activity Moderate Social Users | High Stress Users
1888,validation,3.6,7.4,1.5,0.4,high,3.28,0,Light / Rested Users,0,Healthy Lifestyle Users,1,Low Activity Moderate Social Users,0,Low Stress Users,Light / Rested Users | Healthy Lifestyle Users | Low Activity Moderate Social Users | Low Stress Users
3383,validation,1.9,7.2,1.6,0.3,medium,3.31,0,Light / Rested Users,0,Healthy Lifestyle Users,0,Socially Isolated Users,0,Low Stress Users,Light / Rested Users | Healthy Lifestyle Users | Socially Isolated Users | Low Stress Users
1532,validation,4.5,6.9,0.7,1.2,high,2.9,1,Heavy Daytime Social Media Users,0,Healthy Lifestyle Users,2,Moderately Social Users,0,Low Stress Users,Heavy Daytime Social Media Users | Healthy Lifestyle Users | Moderately Social Users | Low Stress Users
1436,validation,7.0,5.8,1.3,0.6,low,2.34,1,Heavy Daytime Social Media Users,1,Lifestyle Risk Users,0,Socially Isolated Users,1,High Stress Users,Heavy Daytime Social Media Users | Lifestyle Risk Users | Socially Isolated Users | High Stress Users
2757,validation,6.4,5.9,2.3,1.3,medium,2.54,2,Heavy Night Social Media Users,1,Lifestyle Risk Users,1,Low Activity Moderate Social Users,1,High Stress Users,Heavy Night Social Media Users | Lifestyle Risk Users | Low Activity Moderate Social Users | High Stress Users
2194,validation,7.4,5.1,1.9,0.4,high,2.0,2,Heavy Night Social Media Users,1,Lifestyle Risk Users,1,Low Activity Moderate Social Users,1,High Stress Users,Heavy Night Social Media Users | Lifestyle Risk Users | Low Activity Moderate Social Users | High Stress Users
1925,validation,5.7,6.0,2.4,1.0,high,2.22,2,Heavy Night Social Media Users,1,Lifestyle Risk Users,1,Low Activity Moderate Social Users,1,High Stress Users,Heavy Night Social Media Users | Lifestyle Risk Users | Low Activity Moderate Social Users | High Stress Users
1726,validation,6.6,5.3,1.1,1.3,high,2.3,1,Heavy Daytime Social Media Users,1,Lifestyle Risk Users,1,Low Activity Moderate Social Users,1,High Stress Users,Heavy Daytime Social Media Users | Lifestyle Risk Users | Low Activity Moderate Social Users | High Stress Users
1438,validation,5.0,6.1,1.2,1.5,medium,2.92,1,Heavy Daytime Social Media Users,0,Healthy Lifestyle Users,2,Moderately Social Users,0,Low Stress Users,Heavy Daytime Social Media Users | Healthy Lifestyle Users | Moderately Social Users | Low Stress Users
699,validation,3.4,5.6,1.7,0.3,high,3.38,2,Heavy Night Social Media Users,0,Healthy Lifestyle Users,1,Low Activity Moderate Social Users,1,High Stress Users,Heavy Night Social Media Users | Healthy Lifestyle Users | Low Activity Moderate Social Users | High Stress Users
1709,validation,5.7,6.0,1.3,0.3,high,2.55,1,Heavy Daytime Social Media Users,1,Lifestyle Risk Users,1,Low Activity Moderate Social Users,1,High Stress Users,Heavy Daytime Social Media Users | Lifestyle Risk Users | Low Activity Moderate Social Users | High Stress Users
1834,validation,5.0,6.2,0.8,1.2,high,2.74,1,Heavy Daytime Social Media Users,1,Lifestyle Risk Users,1,Low Activity Moderate Social Users,1,High Stress Users,Heavy Daytime Social Media Users | Lifestyle Risk Users | Low Activity Moderate Social Users | High Stress Users
940,validation,5.3,8.4,0.6,0.4,medium,3.08,0,Light / Rested Users,0,Healthy Lifestyle Users,1,Low Activity Moderate Social Users,0,Low Stress Users,Light / Rested Users | Healthy Lifestyle Users | Low Activity Moderate Social Users | Low Stress Users
1723,validation,3.9,6.0,1.9,0.5,medium,3.04,2,Heavy Night Social Media Users,0,Healthy Lifestyle Users,1,Low Activity Moderate Social Users,0,Low Stress Users,Heavy Night Social Media Users | Healthy Lifestyle Users | Low Activity Moderate Social Users | Low Stress Users
188,validation,4.2,7.3,1.1,1.6,medium,3.1,0,Light / Rested Users,0,Healthy Lifestyle Users,2,Moderately Social Users,0,Low Stress Users,Light / Rested Users | Healthy Lifestyle Users | Moderately Social Users | Low Stress Users
1749,validation,7.3,5.3,1.0,1.3,high,2.0,1,Heavy Daytime Social Media Users,1,Lifestyle Risk Users,1,Low Activity Moderate Social Users,1,High Stress Users,Heavy Daytime Social Media Users | Lifestyle Risk Users | Low Activity Moderate Social Users | High Stress Users
1645,validation,1.6,7.9,1.5,1.5,medium,3.88,0,Light / Rested Users,0,Healthy Lifestyle Users,2,Moderately Social Users,0,Low Stress Users,Light / Rested Users | Healthy Lifestyle Users | Moderately Social Users | Low Stress Users
507,validation,6.4,4.9,2.1,1.0,high,2.78,2,Heavy Night Social Media Users,1,Lifestyle Risk Users,1,Low Activity Moderate Social Users,0,Low Stress Users,Heavy Night Social Media Users | Lifestyle Risk Users | Low Activity Moderate Social Users | Low Stress Users
2431,validation,7.4,6.0,0.7,1.6,low,2.64,1,Heavy Daytime Social Media Users,1,Lifestyle Risk Users,0,Socially Isolated Users,1,High Stress Users,Heavy Daytime Social Media Users | Lifestyle Risk Users | Socially Isolated Users | High Stress Users
2756,validation,5.9,5.8,2.4,0.3,low,2.4,2,Heavy Night Social Media Users,1,Lifestyle Risk Users,0,Socially Isolated Users,1,High Stress Users,Heavy Night Social Media Users | Lifestyle Risk Users | Socially Isolated Users | High Stress Users
1130,validation,4.7,6.8,1.4,0.8,high,3.91,1,Heavy Daytime Social Media Users,0,Healthy Lifestyle Users,1,Low Activity Moderate Social Users,1,High Stress Users,Heavy Daytime Social Media Users | Healthy Lifestyle Users | Low Activity Moderate Social Users | High Stress Users
1504,validation,6.1,6.0,0.7,1.2,low,2.95,1,Heavy Daytime Social Media Users,1,Lifestyle Risk Users,0,Socially Isolated Users,1,High Stress Users,Heavy Daytime Social Media Users | Lifestyle Risk Users | Socially Isolated Users | High Stress Users
3082,validation,6.7,5.5,1.0,0.3,high,2.15,1,Heavy Daytime Social Media Users,1,Lifestyle Risk Users,1,Low Activity Moderate Social Users,1,High Stress Users,Heavy Daytime Social Media Users | Lifestyle Risk Users | Low Activity Moderate Social Users | High Stress Users
2049,validation,1.0,9.0,1.3,1.9,low,4.0,0,Light / Rested Users,0,Healthy Lifestyle Users,2,Moderately Social Users,0,Low Stress Users,Light / Rested Users | Healthy Lifestyle Users | Moderately Social Users | Low Stress Users
3313,validation,5.5,5.6,1.9,0.2,high,2.65,2,Heavy Night Social Media Users,1,Lifestyle Risk Users,1,Low Activity Moderate Social Users,1,High Stress Users,Heavy Night Social Media Users | Lifestyle Risk Users | Low Activity Moderate Social Users | High Stress Users
2886,validation,7.2,4.6,1.7,0.8,medium,2.53,1,Heavy Daytime Social Media Users,1,Lifestyle Risk Users,1,Low Activity Moderate Social Users,1,High Stress Users,Heavy Daytime Social Media Users | Lifestyle Risk Users | Low Activity Moderate Social Users | High Stress Users
2558,validation,3.4,6.5,1.8,0.8,high,2.8,0,Light / Rested Users,0,Healthy Lifestyle Users,2,Moderately Social Users,0,Low Stress Users,Light / Rested Users | Healthy Lifestyle Users | Moderately Social Users | Low Stress Users
788,validation,5.5,5.0,0.9,1.1,low,2.93,1,Heavy Daytime Social Media Users,1,Lifestyle Risk Users,0,Socially Isolated Users,1,High Stress Users,Heavy Daytime Social Media Users | Lifestyle Risk Users | Socially Isolated Users | High Stress Users
3003,validation,1.9,7.5,1.4,0.3,high,3.95,0,Light / Rested Users,0,Healthy Lifestyle Users,2,Moderately Social Users,0,Low Stress Users,Light / Rested Users | Healthy Lifestyle Users | Moderately Social Users | Low Stress Users
42,validation,7.3,7.7,1.4,0.3,medium,3.42,1,Heavy Daytime Social Media Users,0,Healthy Lifestyle Users,1,Low Activity Moderate Social Users,0,Low Stress Users,Heavy Daytime Social Media Users | Healthy Lifestyle Users | Low Activity Moderate Social Users | Low Stress Users
96,validation,3.1,5.4,1.9,0.4,low,3.66,2,Heavy Night Social Media Users,0,Healthy Lifestyle Users,0,Socially Isolated Users,0,Low Stress Users,Heavy Night Social Media Users | Healthy Lifestyle Users | Socially Isolated Users | Low Stress Users
3529,validation,4.2,5.6,2.0,0.6,medium,2.8,2,Heavy Night Social Media Users,1,Lifestyle Risk Users,1,Low Activity Moderate Social Users,1,High Stress Users,Heavy Night Social Media Users | Lifestyle Risk Users | Low Activity Moderate Social Users | High Stress Users
2853,validation,5.5,5.2,2.6,0.5,low,2.36,2,Heavy Night Social Media Users,1,Lifestyle Risk Users,0,Socially Isolated Users,1,High Stress Users,Heavy Night Social Media Users | Lifestyle Risk Users | Socially Isolated Users | High Stress Users
363,validation,3.8,4.4,1.9,0.5,medium,2.04,2,Heavy Night Social Media Users,1,Lifestyle Risk Users,1,Low Activity Moderate Social Users,1,High Stress Users,Heavy Night Social Media Users | Lifestyle Risk Users | Low Activity Moderate Social Users | High Stress Users
266,validation,7.1,4.5,2.4,0.4,high,3.53,2,Heavy Night Social Media Users,1,Lifestyle Risk Users,1,Low Activity Moderate Social Users,1,High Stress Users,Heavy Night Social Media Users | Lifestyle Risk Users | Low Activity Moderate Social Users | High Stress Users
1929,validation,1.4,7.9,2.4,0.7,medium,3.68,0,Light / Rested Users,0,Healthy Lifestyle Users,2,Moderately Social Users,0,Low Stress Users,Light / Rested Users | Healthy Lifestyle Users | Moderately Social Users | Low Stress Users
2787,validation,2.8,6.9,2.2,1.9,low,3.6,0,Light / Rested Users,0,Healthy Lifestyle Users,0,Socially Isolated Users,0,Low Stress Users,Light / Rested Users | Healthy Lifestyle Users | Socially Isolated Users | Low Stress Users
250,validation,7.9,7.2,1.5,0.2,medium,2.36,1,Heavy Daytime Social Media Users,1,Lifestyle Risk Users,1,Low Activity Moderate Social Users,1,High Stress Users,Heavy Daytime Social Media Users | Lifestyle Risk Users | Low Activity Moderate Social Users | High Stress Users
3380,validation,6.1,4.5,2.3,0.1,medium,2.09,2,Heavy Night Social Media Users,1,Lifestyle Risk Users,1,Low Activity Moderate Social Users,1,High Stress Users,Heavy Night Social Media Users | Lifestyle Risk Users | Low Activity Moderate Social Users | High Stress Users
2631,validation,3.0,7.3,2.5,1.9,medium,3.47,0,Light / Rested Users,0,Healthy Lifestyle Users,2,Moderately Social Users,0,Low Stress Users,Light / Rested Users | Healthy Lifestyle Users | Moderately Social Users | Low Stress Users
2572,validation,1.2,6.7,2.1,1.2,low,3.6,0,Light / Rested Users,0,Healthy Lifestyle Users,0,Socially Isolated Users,0,Low Stress Users,Light / Rested Users | Healthy Lifestyle Users | Socially Isolated Users | Low Stress Users
2388,validation,7.8,5.9,1.0,0.1,high,2.45,1,Heavy Daytime Social Media Users,1,Lifestyle Risk Users,1,Low Activity Moderate Social Users,1,High Stress Users,Heavy Daytime Social Media Users | Lifestyle Risk Users | Low Activity Moderate Social Users | High Stress Users
230,validation,2.4,8.5,2.4,1.1,low,2.79,0,Light / Rested Users,0,Healthy Lifestyle Users,0,Socially Isolated Users,0,Low Stress Users,Light / Rested Users | Healthy Lifestyle Users | Socially Isolated Users | Low Stress Users
3648,validation,6.8,5.4,1.4,0.7,medium,2.0,1,Heavy Daytime Social Media Users,1,Lifestyle Risk Users,1,Low Activity Moderate Social Users,1,High Stress Users,Heavy Daytime Social Media Users | Lifestyle Risk Users | Low Activity Moderate Social Users | High Stress Users
2775,validation,5.1,6.1,1.0,1.6,medium,2.85,1,Heavy Daytime Social Media Users,0,Healthy Lifestyle Users,2,Moderately Social Users,1,High Stress Users,Heavy Daytime Social Media Users | Healthy Lifestyle Users | Moderately Social Users | High Stress Users
504,validation,4.6,8.6,2.0,0.0,low,3.01,0,Light / Rested Users,0,Healthy Lifestyle Users,0,Socially Isolated Users,0,Low Stress Users,Light / Rested Users | Healthy Lifestyle Users | Socially Isolated Users | Low Stress Users
1382,validation,2.2,5.7,2.5,1.9,medium,3.47,2,Heavy Night Social Media Users,0,Healthy Lifestyle Users,2,Moderately Social Users,0,Low Stress Users,Heavy Night Social Media Users | Healthy Lifestyle Users | Moderately Social Users | Low Stress Users
393,validation,4.0,4.2,0.5,0.6,low,2.46,1,Heavy Daytime Social Media Users,1,Lifestyle Risk Users,0,Socially Isolated Users,1,High Stress Users,Heavy Daytime Social Media Users | Lifestyle Risk Users | Socially Isolated Users | High Stress Users
2574,validation,1.9,7.8,0.5,1.9,high,3.75,0,Light / Rested Users,0,Healthy Lifestyle Users,2,Moderately Social Users,0,Low Stress Users,Light / Rested Users | Healthy Lifestyle Users | Moderately Social Users | Low Stress Users
791,validation,4.4,5.3,0.9,0.5,high,3.75,1,Heavy Daytime Social Media Users,0,Healthy Lifestyle Users,1,Low Activity Moderate Social Users,1,High Stress Users,Heavy Daytime Social Media Users | Healthy Lifestyle Users | Low Activity Moderate Social Users | High Stress Users
3592,validation,2.9,7.4,1.4,0.9,medium,3.11,0,Light / Rested Users,0,Healthy Lifestyle Users,2,Moderately Social Users,0,Low Stress Users,Light / Rested Users | Healthy Lifestyle Users | Moderately Social Users | Low Stress Users
3011,validation,5.6,4.9,2.5,1.1,low,2.14,2,Heavy Night Social Media Users,1,Lifestyle Risk Users,0,Socially Isolated Users,1,High Stress Users,Heavy Night Social Media Users | Lifestyle Risk Users | Socially Isolated Users | High Stress Users
1107,validation,4.6,7.0,1.6,0.9,low,2.74,0,Light / Rested Users,0,Healthy Lifestyle Users,0,Socially Isolated Users,0,Low Stress Users,Light / Rested Users | Healthy Lifestyle Users | Socially Isolated Users | Low Stress Users
1193,validation,7.2,8.1,2.1,0.4,medium,2.52,1,Heavy Daytime Social Media Users,1,Lifestyle Risk Users,1,Low Activity Moderate Social Users,0,Low Stress Users,Heavy Daytime Social Media Users | Lifestyle Risk Users | Low Activity Moderate Social Users | Low Stress Users
3200,validation,7.8,4.4,1.1,0.1,low,2.18,1,Heavy Daytime Social Media Users,1,Lifestyle Risk Users,0,Socially Isolated Users,1,High Stress Users,Heavy Daytime Social Media Users | Lifestyle Risk Users | Socially Isolated Users | High Stress Users
1805,validation,6.2,6.9,0.6,1.0,high,2.19,1,Heavy Daytime Social Media Users,1,Lifestyle Risk Users,1,Low Activity Moderate Social Users,1,High Stress Users,Heavy Daytime Social Media Users | Lifestyle Risk Users | Low Activity Moderate Social Users | High Stress Users
784,validation,3.7,5.7,1.7,0.2,low,2.88,2,Heavy Night Social Media Users,1,Lifestyle Risk Users,0,Socially Isolated Users,1,High Stress Users,Heavy Night Social Media Users | Lifestyle Risk Users | Socially Isolated Users | High Stress Users
662,validation,5.0,6.3,3.0,1.6,medium,3.72,2,Heavy Night Social Media Users,0,Healthy Lifestyle Users,2,Moderately Social Users,1,High Stress Users,Heavy Night Social Media Users | Healthy Lifestyle Users | Moderately Social Users | High Stress Users
1169,validation,4.3,6.7,2.5,1.0,high,3.19,2,Heavy Night Social Media Users,0,Healthy Lifestyle Users,2,Moderately Social Users,0,Low Stress Users,Heavy Night Social Media Users | Healthy Lifestyle Users | Moderately Social Users | Low Stress Users
2988,validation,7.3,5.3,0.9,0.4,medium,2.14,1,Heavy Daytime Social Media Users,1,Lifestyle Risk Users,1,Low Activity Moderate Social Users,1,High Stress Users,Heavy Daytime Social Media Users | Lifestyle Risk Users | Low Activity Moderate Social Users | High Stress Users
1389,validation,4.9,5.4,2.7,1.6,high,2.36,2,Heavy Night Social Media Users,1,Lifestyle Risk Users,2,Moderately Social Users,1,High Stress Users,Heavy Night Social Media Users | Lifestyle Risk Users | Moderately Social Users | High Stress Users
3242,validation,6.4,5.4,2.5,0.5,high,2.37,2,Heavy Night Social Media Users,1,Lifestyle Risk Users,1,Low Activity Moderate Social Users,1,High Stress Users,Heavy Night Social Media Users | Lifestyle Risk Users | Low Activity Moderate Social Users | High Stress Users
3538,validation,2.5,6.5,1.7,1.0,high,3.13,0,Light / Rested Users,0,Healthy Lifestyle Users,2,Moderately Social Users,0,Low Stress Users,Light / Rested Users | Healthy Lifestyle Users | Moderately Social Users | Low Stress Users
1554,validation,5.1,6.5,1.2,0.4,high,2.74,1,Heavy Daytime Social Media Users,1,Lifestyle Risk Users,1,Low Activity Moderate Social Users,1,High Stress Users,Heavy Daytime Social Media Users | Lifestyle Risk Users | Low Activity Moderate Social Users | High Stress Users
1899,validation,7.0,4.0,2.8,1.8,low,2.0,2,Heavy Night Social Media Users,1,Lifestyle Risk Users,0,Socially Isolated Users,1,High Stress Users,Heavy Night Social Media Users | Lifestyle Risk Users | Socially Isolated Users | High Stress Users
93,validation,5.6,6.8,2.0,1.0,medium,2.22,2,Heavy Night Social Media Users,1,Lifestyle Risk Users,1,Low Activity Moderate Social Users,1,High Stress Users,Heavy Night Social Media Users | Lifestyle Risk Users | Low Activity Moderate Social Users | High Stress Users
2360,validation,1.7,7.6,1.5,1.5,high,3.75,0,Light / Rested Users,0,Healthy Lifestyle Users,2,Moderately Social Users,0,Low Stress Users,Light / Rested Users | Healthy Lifestyle Users | Moderately Social Users | Low Stress Users
324,validation,2.9,4.6,2.3,0.3,low,3.03,2,Heavy Night Social Media Users,1,Lifestyle Risk Users,0,Socially Isolated Users,0,Low Stress Users,Heavy Night Social Media Users | Lifestyle Risk Users | Socially Isolated Users | Low Stress Users
1514,validation,3.2,7.2,1.9,1.6,high,3.23,0,Light / Rested Users,0,Healthy Lifestyle Users,2,Moderately Social Users,0,Low Stress Users,Light / Rested Users | Healthy Lifestyle Users | Moderately Social Users | Low Stress Users
1865,validation,3.8,6.5,2.1,1.4,low,2.98,0,Light / Rested Users,0,Healthy Lifestyle Users,0,Socially Isolated Users,0,Low Stress Users,Light / Rested Users | Healthy Lifestyle Users | Socially Isolated Users | Low Stress Users
3622,validation,6.8,5.5,2.7,0.1,low,2.27,2,Heavy Night Social Media Users,1,Lifestyle Risk Users,0,Socially Isolated Users,1,High Stress Users,Heavy Night Social Media Users | Lifestyle Risk Users | Socially Isolated Users | High Stress Users
2165,validation,3.4,7.1,0.7,0.4,low,3.33,0,Light / Rested Users,0,Healthy Lifestyle Users,0,Socially Isolated Users,0,Low Stress Users,Light / Rested Users | Healthy Lifestyle Users | Socially Isolated Users | Low Stress Users
3501,validation,2.3,7.2,1.1,1.3,high,3.7,0,Light / Rested Users,0,Healthy Lifestyle Users,2,Moderately Social Users,0,Low Stress Users,Light / Rested Users | Healthy Lifestyle Users | Moderately Social Users | Low Stress Users
1110,validation,3.2,5.9,0.7,0.8,low,3.98,1,Heavy Daytime Social Media Users,0,Healthy Lifestyle Users,0,Socially Isolated Users,1,High Stress Users,Heavy Daytime Social Media Users | Healthy Lifestyle Users | Socially Isolated Users | High Stress Users
82,validation,1.2,5.2,2.2,1.9,medium,2.19,2,Heavy Night Social Media Users,1,Lifestyle Risk Users,2,Moderately Social Users,1,High Stress Users,Heavy Night Social Media Users | Lifestyle Risk Users | Moderately Social Users | High Stress Users
174,validation,1.9,5.8,2.3,0.3,high,2.47,0,Light / Rested Users,1,Lifestyle Risk Users,2,Moderately Social Users,1,High Stress Users,Light / Rested Users | Lifestyle Risk Users | Moderately Social Users | High Stress Users
956,validation,5.7,8.7,2.0,1.7,low,3.14,0,Light / Rested Users,0,Healthy Lifestyle Users,0,Socially Isolated Users,0,Low Stress Users,Light / Rested Users | Healthy Lifestyle Users | Socially Isolated Users | Low Stress Users
397,validation,1.0,6.6,1.4,1.9,low,2.02,0,Light / Rested Users,0,Healthy Lifestyle Users,2,Moderately Social Users,0,Low Stress Users,Light / Rested Users | Healthy Lifestyle Users | Moderately Social Users | Low Stress Users
139,validation,2.3,6.5,2.6,0.1,low,3.18,0,Light / Rested Users,0,Healthy Lifestyle Users,0,Socially Isolated Users,0,Low Stress Users,Light / Rested Users | Healthy Lifestyle Users | Socially Isolated Users | Low Stress Users
2358,validation,4.0,6.9,2.3,0.4,low,3.63,0,Light / Rested Users,0,Healthy Lifestyle Users,0,Socially Isolated Users,0,Low Stress Users,Light / Rested Users | Healthy Lifestyle Users | Socially Isolated Users | Low Stress Users
60,validation,1.6,5.1,2.7,0.8,high,3.57,2,Heavy Night Social Media Users,0,Healthy Lifestyle Users,2,Moderately Social Users,0,Low Stress Users,Heavy Night Social Media Users | Healthy Lifestyle Users | Moderately Social Users | Low Stress Users
3636,validation,4.2,7.2,0.7,1.7,medium,3.05,0,Light / Rested Users,0,Healthy Lifestyle Users,2,Moderately Social Users,0,Low Stress Users,Light / Rested Users | Healthy Lifestyle Users | Moderately Social Users | Low Stress Users
1544,validation,4.1,6.0,2.8,1.7,medium,3.12,2,Heavy Night Social Media Users,0,Healthy Lifestyle Users,2,Moderately Social Users,0,Low Stress Users,Heavy Night Social Media Users | Healthy Lifestyle Users | Moderately Social Users | Low Stress Users
3026,validation,7.9,5.1,2.0,0.1,low,2.29,2,Heavy Night Social Media Users,1,Lifestyle Risk Users,0,Socially Isolated Users,1,High Stress Users,Heavy Night Social Media Users | Lifestyle Risk Users | Socially Isolated Users | High Stress Users
21,validation,4.1,7.4,2.4,1.5,medium,2.38,0,Light / Rested Users,0,Healthy Lifestyle Users,2,Moderately Social Users,0,Low Stress Users,Light / Rested Users | Healthy Lifestyle Users | Moderately Social Users | Low Stress Users
1220,validation,7.3,5.6,0.6,0.2,medium,2.22,1,Heavy Daytime Social Media Users,1,Lifestyle Risk Users,1,Low Activity Moderate Social Users,1,High Stress Users,Heavy Daytime Social Media Users | Lifestyle Risk Users | Low Activity Moderate Social Users | High Stress Users
3460,validation,2.5,6.8,2.5,0.1,high,3.11,0,Light / Rested Users,0,Healthy Lifestyle Users,1,Low Activity Moderate Social Users,0,Low Stress Users,Light / Rested Users | Healthy Lifestyle Users | Low Activity Moderate Social Users | Low Stress Users
542,validation,2.1,6.7,0.9,0.7,low,3.73,0,Light / Rested Users,0,Healthy Lifestyle Users,0,Socially Isolated Users,0,Low Stress Users,Light / Rested Users | Healthy Lifestyle Users | Socially Isolated Users | Low Stress Users
113,validation,4.6,5.2,1.4,1.9,low,2.98,1,Heavy Daytime Social Media Users,1,Lifestyle Risk Users,0,Socially Isolated Users,0,Low Stress Users,Heavy Daytime Social Media Users | Lifestyle Risk Users | Socially Isolated Users | Low Stress Users
3649,validation,5.6,5.3,2.8,2.0,high,2.75,2,Heavy Night Social Media Users,1,Lifestyle Risk Users,2,Moderately Social Users,1,High Stress Users,Heavy Night Social Media Users | Lifestyle Risk Users | Moderately Social Users | High Stress Users
1264,validation,7.5,4.3,1.7,1.6,low,2.0,1,Heavy Daytime Social Media Users,1,Lifestyle Risk Users,0,Socially Isolated Users,1,High Stress Users,Heavy Daytime Social Media Users | Lifestyle Risk Users | Socially Isolated Users | High Stress Users
1928,validation,2.2,6.4,2.0,1.6,low,3.54,0,Light / Rested Users,0,Healthy Lifestyle Users,0,Socially Isolated Users,0,Low Stress Users,Light / Rested Users | Healthy Lifestyle Users | Socially Isolated Users | Low Stress Users
3614,validation,6.2,5.4,0.6,0.3,low,2.31,1,Heavy Daytime Social Media Users,1,Lifestyle Risk Users,0,Socially Isolated Users,1,High Stress Users,Heavy Daytime Social Media Users | Lifestyle Risk Users | Socially Isolated Users | High Stress Users
1055,validation,2.6,6.8,1.7,0.4,medium,2.06,0,Light / Rested Users,1,Lifestyle Risk Users,0,Socially Isolated Users,0,Low Stress Users,Light / Rested Users | Lifestyle Risk Users | Socially Isolated Users | Low Stress Users
995,validation,6.5,6.5,1.5,0.5,low,2.05,1,Heavy Daytime Social Media Users,1,Lifestyle Risk Users,0,Socially Isolated Users,1,High Stress Users,Heavy Daytime Social Media Users | Lifestyle Risk Users | Socially Isolated Users | High Stress Users
1312,validation,7.9,5.7,0.5,1.9,high,2.29,1,Heavy Daytime Social Media Users,1,Lifestyle Risk Users,1,Low Activity Moderate Social Users,1,High Stress Users,Heavy Daytime Social Media Users | Lifestyle Risk Users | Low Activity Moderate Social Users | High Stress Users
990,validation,7.2,6.4,2.9,1.0,medium,3.82,2,Heavy Night Social Media Users,0,Healthy Lifestyle Users,1,Low Activity Moderate Social Users,1,High Stress Users,Heavy Night Social Media Users | Healthy Lifestyle Users | Low Activity Moderate Social Users | High Stress Users
361,validation,7.2,6.1,0.8,0.2,low,3.9,1,Heavy Daytime Social Media Users,0,Healthy Lifestyle Users,0,Socially Isolated Users,1,High Stress Users,Heavy Daytime Social Media Users | Healthy Lifestyle Users | Socially Isolated Users | High Stress Users
2736,validation,3.7,5.5,2.6,0.6,medium,2.69,2,Heavy Night Social Media Users,1,Lifestyle Risk Users,1,Low Activity Moderate Social Users,0,Low Stress Users,Heavy Night Social Media Users | Lifestyle Risk Users | Low Activity Moderate Social Users | Low Stress Users
757,validation,1.3,7.6,0.6,1.9,low,3.46,0,Light / Rested Users,0,Healthy Lifestyle Users,2,Moderately Social Users,0,Low Stress Users,Light / Rested Users | Healthy Lifestyle Users | Moderately Social Users | Low Stress Users
3296,validation,4.8,4.8,2.8,1.8,high,2.51,2,Heavy Night Social Media Users,1,Lifestyle Risk Users,2,Moderately Social Users,1,High Stress Users,Heavy Night Social Media Users | Lifestyle Risk Users | Moderately Social Users | High Stress Users
154,validation,3.6,8.9,1.9,1.7,low,2.11,0,Light / Rested Users,0,Healthy Lifestyle Users,0,Socially Isolated Users,0,Low Stress Users,Light / Rested Users | Healthy Lifestyle Users | Socially Isolated Users | Low Stress Users
2434,validation,3.1,5.6,2.4,0.5,low,3.0,2,Heavy Night Social Media Users,1,Lifestyle Risk Users,0,Socially Isolated Users,1,High Stress Users,Heavy Night Social Media Users | Lifestyle Risk Users | Socially Isolated Users | High Stress Users
545,validation,5.0,7.6,2.0,0.5,low,3.94,0,Light / Rested Users,0,Healthy Lifestyle Users,0,Socially Isolated Users,0,Low Stress Users,Light / Rested Users | Healthy Lifestyle Users | Socially Isolated Users | Low Stress Users
1180,validation,4.1,7.5,1.7,2.0,medium,3.12,0,Light / Rested Users,0,Healthy Lifestyle Users,2,Moderately Social Users,0,Low Stress Users,Light / Rested Users | Healthy Lifestyle Users | Moderately Social Users | Low Stress Users
36,validation,4.6,5.5,2.5,0.8,high,3.96,2,Heavy Night Social Media Users,0,Healthy Lifestyle Users,1,Low Activity Moderate Social Users,1,High Stress Users,Heavy Night Social Media Users | Healthy Lifestyle Users | Low Activity Moderate Social Users | High Stress Users
2167,validation,1.2,8.4,1.2,1.4,low,3.38,0,Light / Rested Users,0,Healthy Lifestyle Users,0,Socially Isolated Users,0,Low Stress Users,Light / Rested Users | Healthy Lifestyle Users | Socially Isolated Users | Low Stress Users
2948,validation,6.2,6.4,1.0,1.8,high,2.54,1,Heavy Daytime Social Media Users,1,Lifestyle Risk Users,2,Moderately Social Users,1,High Stress Users,Heavy Daytime Social Media Users | Lifestyle Risk Users | Moderately Social Users | High Stress Users
2504,validation,1.4,7.3,0.8,1.5,medium,3.86,0,Light / Rested Users,0,Healthy Lifestyle Users,2,Moderately Social Users,0,Low Stress Users,Light / Rested Users | Healthy Lifestyle Users | Moderately Social Users | Low Stress Users
3446,validation,7.9,4.7,0.9,0.3,high,2.56,1,Heavy Daytime Social Media Users,1,Lifestyle Risk Users,1,Low Activity Moderate Social Users,1,High Stress Users,Heavy Daytime Social Media Users | Lifestyle Risk Users | Low Activity Moderate Social Users | High Stress Users
2979,validation,3.1,6.4,1.0,1.6,low,3.24,0,Light / Rested Users,0,Healthy Lifestyle Users,0,Socially Isolated Users,0,Low Stress Users,Light / Rested Users | Healthy Lifestyle Users | Socially Isolated Users | Low Stress Users
1878,validation,2.9,6.5,2.7,0.2,medium,3.03,2,Heavy Night Social Media Users,0,Healthy Lifestyle Users,1,Low Activity Moderate Social Users,0,Low Stress Users,Heavy Night Social Media Users | Healthy Lifestyle Users | Low Activity Moderate Social Users | Low Stress Users
1310,validation,2.9,5.8,2.8,0.2,high,3.17,2,Heavy Night Social Media Users,0,Healthy Lifestyle Users,1,Low Activity Moderate Social Users,0,Low Stress Users,Heavy Night Social Media Users | Healthy Lifestyle Users | Low Activity Moderate Social Users | Low Stress Users
3462,validation,7.8,4.3,2.0,0.1,high,2.4,2,Heavy Night Social Media Users,1,Lifestyle Risk Users,1,Low Activity Moderate Social Users,1,High Stress Users,Heavy Night Social Media Users | Lifestyle Risk Users | Low Activity Moderate Social Users | High Stress Users
3005,validation,2.4,7.4,1.4,0.2,low,3.09,0,Light / Rested Users,0,Healthy Lifestyle Users,0,Socially Isolated Users,0,Low Stress Users,Light / Rested Users | Healthy Lifestyle Users | Socially Isolated Users | Low Stress Users
3439,validation,2.1,8.1,1.6,1.7,low,3.68,0,Light / Rested Users,0,Healthy Lifestyle Users,0,Socially Isolated Users,0,Low Stress Users,Light / Rested Users | Healthy Lifestyle Users | Socially Isolated Users | Low Stress Users
2792,validation,6.0,5.7,1.1,0.4,high,2.25,1,Heavy Daytime Social Media Users,1,Lifestyle Risk Users,1,Low Activity Moderate Social Users,1,High Stress Users,Heavy Daytime Social Media Users | Lifestyle Risk Users | Low Activity Moderate Social Users | High Stress Users
1259,validation,6.8,5.3,2.0,1.6,low,2.29,2,Heavy Night Social Media Users,1,Lifestyle Risk Users,0,Socially Isolated Users,1,High Stress Users,Heavy Night Social Media Users | Lifestyle Risk Users | Socially Isolated Users | High Stress Users
2780,validation,1.4,6.5,2.2,1.6,low,3.45,0,Light / Rested Users,0,Healthy Lifestyle Users,0,Socially Isolated Users,0,Low Stress Users,Light / Rested Users | Healthy Lifestyle Users | Socially Isolated Users | Low Stress Users
1006,validation,2.7,7.5,1.5,1.4,low,3.23,0,Light / Rested Users,0,Healthy Lifestyle Users,0,Socially Isolated Users,0,Low Stress Users,Light / Rested Users | Healthy Lifestyle Users | Socially Isolated Users | Low Stress Users
3185,validation,4.1,6.5,0.5,1.3,low,3.43,1,Heavy Daytime Social Media Users,0,Healthy Lifestyle Users,0,Socially Isolated Users,0,Low Stress Users,Heavy Daytime Social Media Users | Healthy Lifestyle Users | Socially Isolated Users | Low Stress Users
2218,validation,6.7,6.1,0.8,0.1,medium,2.02,1,Heavy Daytime Social Media Users,1,Lifestyle Risk Users,1,Low Activity Moderate Social Users,1,High Stress Users,Heavy Daytime Social Media Users | Lifestyle Risk Users | Low Activity Moderate Social Users | High Stress Users
667,validation,1.1,8.2,2.7,0.2,high,2.84,0,Light / Rested Users,0,Healthy Lifestyle Users,2,Moderately Social Users,0,Low Stress Users,Light / Rested Users | Healthy Lifestyle Users | Moderately Social Users | Low Stress Users
2835,validation,1.8,7.9,1.3,1.5,medium,3.58,0,Light / Rested Users,0,Healthy Lifestyle Users,2,Moderately Social Users,0,Low Stress Users,Light / Rested Users | Healthy Lifestyle Users | Moderately Social Users | Low Stress Users
2198,validation,3.4,6.3,2.3,2.0,medium,3.44,2,Heavy Night Social Media Users,0,Healthy Lifestyle Users,2,Moderately Social Users,0,Low Stress Users,Heavy Night Social Media Users | Healthy Lifestyle Users | Moderately Social Users | Low Stress Users
2361,validation,6.9,5.7,0.5,0.7,high,2.06,1,Heavy Daytime Social Media Users,1,Lifestyle Risk Users,1,Low Activity Moderate Social Users,1,High Stress Users,Heavy Daytime Social Media Users | Lifestyle Risk Users | Low Activity Moderate Social Users | High Stress Users
1047,validation,5.5,4.0,2.4,0.9,low,3.01,2,Heavy Night Social Media Users,1,Lifestyle Risk Users,0,Socially Isolated Users,1,High Stress Users,Heavy Night Social Media Users | Lifestyle Risk Users | Socially Isolated Users | High Stress Users
2890,validation,5.7,6.3,1.3,0.1,high,2.59,1,Heavy Daytime Social Media Users,1,Lifestyle Risk Users,1,Low Activity Moderate Social Users,1,High Stress Users,Heavy Daytime Social Media Users | Lifestyle Risk Users | Low Activity Moderate Social Users | High Stress Users
2704,validation,5.0,6.8,1.2,1.0,low,2.97,1,Heavy Daytime Social Media Users,0,Healthy Lifestyle Users,0,Socially Isolated Users,0,Low Stress Users,Heavy Daytime Social Media Users | Healthy Lifestyle Users | Socially Isolated Users | Low Stress Users
3646,validation,2.1,6.5,1.9,0.8,high,3.57,0,Light / Rested Users,0,Healthy Lifestyle Users,2,Moderately Social Users,0,Low Stress Users,Light / Rested Users | Healthy Lifestyle Users | Moderately Social Users | Low Stress Users
1513,validation,1.1,7.8,0.9,1.8,high,3.8,0,Light / Rested Users,0,Healthy Lifestyle Users,2,Moderately Social Users,0,Low Stress Users,Light / Rested Users | Healthy Lifestyle Users | Moderately Social Users | Low Stress Users
1993,validation,4.6,6.2,0.9,0.9,high,2.94,1,Heavy Daytime Social Media Users,0,Healthy Lifestyle Users,1,Low Activity Moderate Social Users,0,Low Stress Users,Heavy Daytime Social Media Users | Healthy Lifestyle Users | Low Activity Moderate Social Users | Low Stress Users
3349,validation,7.6,4.8,1.5,0.1,high,2.04,1,Heavy Daytime Social Media Users,1,Lifestyle Risk Users,1,Low Activity Moderate Social Users,1,High Stress Users,Heavy Daytime Social Media Users | Lifestyle Risk Users | Low Activity Moderate Social Users | High Stress Users
117,validation,7.8,8.8,2.1,1.3,high,3.75,1,Heavy Daytime Social Media Users,0,Healthy Lifestyle Users,1,Low Activity Moderate Social Users,1,High Stress Users,Heavy Daytime Social Media Users | Healthy Lifestyle Users | Low Activity Moderate Social Users | High Stress Users
360,validation,6.0,6.1,0.9,0.3,medium,2.68,1,Heavy Daytime Social Media Users,1,Lifestyle Risk Users,1,Low Activity Moderate Social Users,1,High Stress Users,Heavy Daytime Social Media Users | Lifestyle Risk Users | Low Activity Moderate Social Users | High Stress Users
2134,validation,2.3,6.9,2.4,1.7,medium,3.42,0,Light / Rested Users,0,Healthy Lifestyle Users,2,Moderately Social Users,0,Low Stress Users,Light / Rested Users | Healthy Lifestyle Users | Moderately Social Users | Low Stress Users
1450,validation,7.9,4.3,2.5,0.9,medium,2.0,2,Heavy Night Social Media Users,1,Lifestyle Risk Users,1,Low Activity Moderate Social Users,1,High Stress Users,Heavy Night Social Media Users | Lifestyle Risk Users | Low Activity Moderate Social Users | High Stress Users
843,validation,3.9,8.7,1.1,0.3,high,2.82,0,Light / Rested Users,0,Healthy Lifestyle Users,1,Low Activity Moderate Social Users,0,Low Stress Users,Light / Rested Users | Healthy Lifestyle Users | Low Activity Moderate Social Users | Low Stress Users
3400,validation,1.8,6.4,0.9,2.0,high,3.56,0,Light / Rested Users,0,Healthy Lifestyle Users,2,Moderately Social Users,0,Low Stress Users,Light / Rested Users | Healthy Lifestyle Users | Moderately Social Users | Low Stress Users
50,validation,6.2,7.1,2.2,0.2,medium,3.43,2,Heavy Night Social Media Users,0,Healthy Lifestyle Users,1,Low Activity Moderate Social Users,0,Low Stress Users,Heavy Night Social Media Users | Healthy Lifestyle Users | Low Activity Moderate Social Users | Low Stress Users
1093,validation,2.9,8.7,0.9,0.8,medium,2.99,0,Light / Rested Users,0,Healthy Lifestyle Users,2,Moderately Social Users,0,Low Stress Users,Light / Rested Users | Healthy Lifestyle Users | Moderately Social Users | Low Stress Users
2143,validation,3.2,6.0,1.7,0.5,high,3.09,0,Light / Rested Users,0,Healthy Lifestyle Users,1,Low Activity Moderate Social Users,0,Low Stress Users,Light / Rested Users | Healthy Lifestyle Users | Low Activity Moderate Social Users | Low Stress Users
3039,validation,6.3,5.6,0.7,1.2,low,2.7,1,Heavy Daytime Social Media Users,1,Lifestyle Risk Users,0,Socially Isolated Users,1,High Stress Users,Heavy Daytime Social Media Users | Lifestyle Risk Users | Socially Isolated Users | High Stress Users
3494,validation,6.6,5.4,2.6,1.8,low,2.57,2,Heavy Night Social Media Users,1,Lifestyle Risk Users,0,Socially Isolated Users,1,High Stress Users,Heavy Night Social Media Users | Lifestyle Risk Users | Socially Isolated Users | High Stress Users
846,validation,2.2,6.1,0.9,0.1,high,3.81,0,Light / Rested Users,0,Healthy Lifestyle Users,1,Low Activity Moderate Social Users,0,Low Stress Users,Light / Rested Users | Healthy Lifestyle Users | Low Activity Moderate Social Users | Low Stress Users
1198,validation,3.9,8.5,2.1,0.6,high,3.19,0,Light / Rested Users,0,Healthy Lifestyle Users,1,Low Activity Moderate Social Users,0,Low Stress Users,Light / Rested Users | Healthy Lifestyle Users | Low Activity Moderate Social Users | Low Stress Users
34,validation,6.6,7.3,1.6,0.1,medium,3.27,1,Heavy Daytime Social Media Users,0,Healthy Lifestyle Users,1,Low Activity Moderate Social Users,1,High Stress Users,Heavy Daytime Social Media Users | Healthy Lifestyle Users | Low Activity Moderate Social Users | High Stress Users
1,validation,1.9,8.0,2.9,0.8,high,3.22,0,Light / Rested Users,0,Healthy Lifestyle Users,2,Moderately Social Users,0,Low Stress Users,Light / Rested Users | Healthy Lifestyle Users | Moderately Social Users | Low Stress Users
1039,validation,5.0,5.2,2.6,1.7,medium,2.04,2,Heavy Night Social Media Users,1,Lifestyle Risk Users,2,Moderately Social Users,1,High Stress Users,Heavy Night Social Media Users | Lifestyle Risk Users | Moderately Social Users | High Stress Users
237,validation,1.2,5.0,1.5,0.6,medium,2.09,0,Light / Rested Users,1,Lifestyle Risk Users,2,Moderately Social Users,0,Low Stress Users,Light / Rested Users | Lifestyle Risk Users | Moderately Social Users | Low Stress Users
1437,validation,7.7,5.5,0.8,1.8,high,2.49,1,Heavy Daytime Social Media Users,1,Lifestyle Risk Users,1,Low Activity Moderate Social Users,1,High Stress Users,Heavy Daytime Social Media Users | Lifestyle Risk Users | Low Activity Moderate Social Users | High Stress Users
2744,validation,4.5,6.7,0.6,1.7,low,3.33,1,Heavy Daytime Social Media Users,0,Healthy Lifestyle Users,0,Socially Isolated Users,0,Low Stress Users,Heavy Daytime Social Media Users | Healthy Lifestyle Users | Socially Isolated Users | Low Stress Users
1292,validation,2.4,6.3,2.5,0.5,low,3.51,0,Light / Rested Users,0,Healthy Lifestyle Users,0,Socially Isolated Users,0,Low Stress Users,Light / Rested Users | Healthy Lifestyle Users | Socially Isolated Users | Low Stress Users
3367,validation,6.0,5.6,1.8,1.0,low,2.57,1,Heavy Daytime Social Media Users,1,Lifestyle Risk Users,0,Socially Isolated Users,1,High Stress Users,Heavy Daytime Social Media Users | Lifestyle Risk Users | Socially Isolated Users | High Stress Users
1411,validation,5.6,6.1,2.2,0.1,low,2.0,2,Heavy Night Social Media Users,1,Lifestyle Risk Users,0,Socially Isolated Users,1,High Stress Users,Heavy Night Social Media Users | Lifestyle Risk Users | Socially Isolated Users | High Stress Users
1734,validation,1.4,7.6,1.4,0.2,high,3.46,0,Light / Rested Users,0,Healthy Lifestyle Users,2,Moderately Social Users,0,Low Stress Users,Light / Rested Users | Healthy Lifestyle Users | Moderately Social Users | Low Stress Users
2484,validation,3.6,7.6,0.6,0.4,medium,3.32,0,Light / Rested Users,0,Healthy Lifestyle Users,1,Low Activity Moderate Social Users,0,Low Stress Users,Light / Rested Users | Healthy Lifestyle Users | Low Activity Moderate Social Users | Low Stress Users
99,validation,8.0,5.5,1.4,0.3,medium,2.95,1,Heavy Daytime Social Media Users,1,Lifestyle Risk Users,1,Low Activity Moderate Social Users,1,High Stress Users,Heavy Daytime Social Media Users | Lifestyle Risk Users | Low Activity Moderate Social Users | High Stress Users
3131,validation,7.0,4.6,2.6,1.6,high,2.05,2,Heavy Night Social Media Users,1,Lifestyle Risk Users,1,Low Activity Moderate Social Users,1,High Stress Users,Heavy Night Social Media Users | Lifestyle Risk Users | Low Activity Moderate Social Users | High Stress Users
3083,validation,3.6,6.6,0.6,1.6,high,3.28,1,Heavy Daytime Social Media Users,0,Healthy Lifestyle Users,2,Moderately Social Users,0,Low Stress Users,Heavy Daytime Social Media Users | Healthy Lifestyle Users | Moderately Social Users | Low Stress Users
2012,validation,7.5,5.5,1.9,0.2,high,2.3,1,Heavy Daytime Social Media Users,1,Lifestyle Risk Users,1,Low Activity Moderate Social Users,1,High Stress Users,Heavy Daytime Social Media Users | Lifestyle Risk Users | Low Activity Moderate Social Users | High Stress Users
1710,validation,4.8,7.3,0.7,0.4,high,2.69,1,Heavy Daytime Social Media Users,0,Healthy Lifestyle Users,1,Low Activity Moderate Social Users,0,Low Stress Users,Heavy Daytime Social Media Users | Healthy Lifestyle Users | Low Activity Moderate Social Users | Low Stress Users
3182,validation,3.6,6.6,1.8,0.1,high,2.62,0,Light / Rested Users,1,Lifestyle Risk Users,1,Low Activity Moderate Social Users,0,Low Stress Users,Light / Rested Users | Lifestyle Risk Users | Low Activity Moderate Social Users | Low Stress Users
1190,validation,3.8,8.4,0.9,1.9,high,3.6,0,Light / Rested Users,0,Healthy Lifestyle Users,2,Moderately Social Users,0,Low Stress Users,Light / Rested Users | Healthy Lifestyle Users | Moderately Social Users | Low Stress Users
871,validation,4.2,7.3,2.6,0.2,high,3.2,0,Light / Rested Users,0,Healthy Lifestyle Users,1,Low Activity Moderate Social Users,0,Low Stress Users,Light / Rested Users | Healthy Lifestyle Users | Low Activity Moderate Social Users | Low Stress Users
167,validation,1.5,8.7,1.2,0.1,low,2.52,0,Light / Rested Users,0,Healthy Lifestyle Users,0,Socially Isolated Users,0,Low Stress Users,Light / Rested Users | Healthy Lifestyle Users | Socially Isolated Users | Low Stress Users
2428,validation,1.9,7.1,2.0,1.2,medium,3.7,0,Light / Rested Users,0,Healthy Lifestyle Users,2,Moderately Social Users,0,Low Stress Users,Light / Rested Users | Healthy Lifestyle Users | Moderately Social Users | Low Stress Users
822,validation,1.6,4.4,1.4,1.1,high,2.03,2,Heavy Night Social Media Users,1,Lifestyle Risk Users,2,Moderately Social Users,0,Low Stress Users,Heavy Night Social Media Users | Lifestyle Risk Users | Moderately Social Users | Low Stress Users
3586,validation,3.6,6.2,2.4,0.4,low,2.72,2,Heavy Night Social Media Users,1,Lifestyle Risk Users,0,Socially Isolated Users,0,Low Stress Users,Heavy Night Social Media Users | Lifestyle Risk Users | Socially Isolated Users | Low Stress Users
1545,validation,5.5,4.4,2.9,0.4,high,2.53,2,Heavy Night Social Media Users,1,Lifestyle Risk Users,1,Low Activity Moderate Social Users,1,High Stress Users,Heavy Night Social Media Users | Lifestyle Risk Users | Low Activity Moderate Social Users | High Stress Users
2771,validation,5.0,6.0,1.2,2.0,high,2.4,1,Heavy Daytime Social Media Users,1,Lifestyle Risk Users,2,Moderately Social Users,1,High Stress Users,Heavy Daytime Social Media Users | Lifestyle Risk Users | Moderately Social Users | High Stress Users
3171,validation,4.4,5.6,2.9,1.6,medium,2.91,2,Heavy Night Social Media Users,1,Lifestyle Risk Users,2,Moderately Social Users,0,Low Stress Users,Heavy Night Social Media Users | Lifestyle Risk Users | Moderately Social Users | Low Stress Users
2448,validation,6.4,5.8,1.4,0.6,high,2.61,1,Heavy Daytime Social Media Users,1,Lifestyle Risk Users,1,Low Activity Moderate Social Users,1,High Stress Users,Heavy Daytime Social Media Users | Lifestyle Risk Users | Low Activity Moderate Social Users | High Stress Users
475,validation,5.0,5.8,1.3,0.1,low,2.12,1,Heavy Daytime Social Media Users,1,Lifestyle Risk Users,0,Socially Isolated Users,1,High Stress Users,Heavy Daytime Social Media Users | Lifestyle Risk Users | Socially Isolated Users | High Stress Users
2105,validation,5.8,6.1,1.0,1.9,high,2.66,1,Heavy Daytime Social Media Users,1,Lifestyle Risk Users,2,Moderately Social Users,1,High Stress Users,Heavy Daytime Social Media Users | Lifestyle Risk Users | Moderately Social Users | High Stress Users
62,validation,4.3,5.8,0.7,0.1,medium,3.15,1,Heavy Daytime Social Media Users,0,Healthy Lifestyle Users,1,Low Activity Moderate Social Users,0,Low Stress Users,Heavy Daytime Social Media Users | Healthy Lifestyle Users | Low Activity Moderate Social Users | Low Stress Users
3669,validation,1.6,7.4,1.2,1.6,medium,3.45,0,Light / Rested Users,0,Healthy Lifestyle Users,2,Moderately Social Users,0,Low Stress Users,Light / Rested Users | Healthy Lifestyle Users | Moderately Social Users | Low Stress Users
1996,validation,8.0,4.4,2.3,0.7,high,2.0,2,Heavy Night Social Media Users,1,Lifestyle Risk Users,1,Low Activity Moderate Social Users,1,High Stress Users,Heavy Night Social Media Users | Lifestyle Risk Users | Low Activity Moderate Social Users | High Stress Users
1078,validation,6.4,7.7,0.7,1.5,high,3.86,1,Heavy Daytime Social Media Users,0,Healthy Lifestyle Users,1,Low Activity Moderate Social Users,1,High Stress Users,Heavy Daytime Social Media Users | Healthy Lifestyle Users | Low Activity Moderate Social Users | High Stress Users
898,validation,7.6,6.0,2.9,1.8,high,2.72,2,Heavy Night Social Media Users,1,Lifestyle Risk Users,1,Low Activity Moderate Social Users,1,High Stress Users,Heavy Night Social Media Users | Lifestyle Risk Users | Low Activity Moderate Social Users | High Stress Users
3020,validation,5.0,5.8,2.2,0.8,medium,2.91,2,Heavy Night Social Media Users,1,Lifestyle Risk Users,1,Low Activity Moderate Social Users,0,Low Stress Users,Heavy Night Social Media Users | Lifestyle Risk Users | Low Activity Moderate Social Users | Low Stress Users
536,validation,5.7,4.8,2.2,0.9,low,3.66,2,Heavy Night Social Media Users,1,Lifestyle Risk Users,0,Socially Isolated Users,1,High Stress Users,Heavy Night Social Media Users | Lifestyle Risk Users | Socially Isolated Users | High Stress Users
814,validation,5.9,7.4,1.7,0.7,high,2.5,1,Heavy Daytime Social Media Users,1,Lifestyle Risk Users,1,Low Activity Moderate Social Users,1,High Stress Users,Heavy Daytime Social Media Users | Lifestyle Risk Users | Low Activity Moderate Social Users | High Stress Users
2171,validation,5.3,5.3,2.5,1.9,low,2.72,2,Heavy Night Social Media Users,1,Lifestyle Risk Users,0,Socially Isolated Users,1,High Stress Users,Heavy Night Social Media Users | Lifestyle Risk Users | Socially Isolated Users | High Stress Users
2037,validation,4.2,6.6,2.3,2.0,low,2.98,2,Heavy Night Social Media Users,0,Healthy Lifestyle Users,0,Socially Isolated Users,0,Low Stress Users,Heavy Night Social Media Users | Healthy Lifestyle Users | Socially Isolated Users | Low Stress Users
1614,validation,1.4,8.1,0.9,0.3,medium,3.63,0,Light / Rested Users,0,Healthy Lifestyle Users,2,Moderately Social Users,0,Low Stress Users,Light / Rested Users | Healthy Lifestyle Users | Moderately Social Users | Low Stress Users
696,validation,3.9,7.4,2.5,0.3,medium,3.74,0,Light / Rested Users,0,Healthy Lifestyle Users,1,Low Activity Moderate Social Users,0,Low Stress Users,Light / Rested Users | Healthy Lifestyle Users | Low Activity Moderate Social Users | Low Stress Users
2333,validation,4.1,6.1,2.1,0.3,high,3.42,2,Heavy Night Social Media Users,0,Healthy Lifestyle Users,1,Low Activity Moderate Social Users,0,Low Stress Users,Heavy Night Social Media Users | Healthy Lifestyle Users | Low Activity Moderate Social Users | Low Stress Users
2466,validation,3.5,7.0,1.3,0.9,low,3.22,0,Light / Rested Users,0,Healthy Lifestyle Users,0,Socially Isolated Users,0,Low Stress Users,Light / Rested Users | Healthy Lifestyle Users | Socially Isolated Users | Low Stress Users
914,validation,4.8,6.0,2.1,1.8,high,2.39,2,Heavy Night Social Media Users,1,Lifestyle Risk Users,2,Moderately Social Users,1,High Stress Users,Heavy Night Social Media Users | Lifestyle Risk Users | Moderately Social Users | High Stress Users
234,validation,2.9,5.1,2.2,0.7,low,3.81,2,Heavy Night Social Media Users,0,Healthy Lifestyle Users,0,Socially Isolated Users,1,High Stress Users,Heavy Night Social Media Users | Healthy Lifestyle Users | Socially Isolated Users | High Stress Users
1175,validation,6.0,4.2,2.2,0.5,medium,2.27,2,Heavy Night Social Media Users,1,Lifestyle Risk Users,1,Low Activity Moderate Social Users,1,High Stress Users,Heavy Night Social Media Users | Lifestyle Risk Users | Low Activity Moderate Social Users | High Stress Users
1714,validation,3.0,5.6,1.7,0.4,medium,3.0,0,Light / Rested Users,0,Healthy Lifestyle Users,1,Low Activity Moderate Social Users,0,Low Stress Users,Light / Rested Users | Healthy Lifestyle Users | Low Activity Moderate Social Users | Low Stress Users
1595,validation,6.1,5.9,1.1,0.1,high,2.12,1,Heavy Daytime Social Media Users,1,Lifestyle Risk Users,1,Low Activity Moderate Social Users,1,High Stress Users,Heavy Daytime Social Media Users | Lifestyle Risk Users | Low Activity Moderate Social Users | High Stress Users
1105,validation,5.5,7.4,2.0,1.8,high,2.8,0,Light / Rested Users,0,Healthy Lifestyle Users,2,Moderately Social Users,1,High Stress Users,Light / Rested Users | Healthy Lifestyle Users | Moderately Social Users | High Stress Users
1843,validation,2.6,6.7,0.8,1.4,low,3.23,0,Light / Rested Users,0,Healthy Lifestyle Users,0,Socially Isolated Users,0,Low Stress Users,Light / Rested Users | Healthy Lifestyle Users | Socially Isolated Users | Low Stress Users
35,test,5.0,4.9,2.1,1.0,low,2.01,2,Heavy Night Social Media Users,1,Lifestyle Risk Users,0,Socially Isolated Users,1,High Stress Users,Heavy Night Social Media Users | Lifestyle Risk Users | Socially Isolated Users | High Stress Users
1539,test,1.8,8.0,1.2,0.4,high,3.66,0,Light / Rested Users,0,Healthy Lifestyle Users,2,Moderately Social Users,0,Low Stress Users,Light / Rested Users | Healthy Lifestyle Users | Moderately Social Users | Low Stress Users
3416,test,7.5,5.7,1.6,0.7,low,2.16,1,Heavy Daytime Social Media Users,1,Lifestyle Risk Users,0,Socially Isolated Users,1,High Stress Users,Heavy Daytime Social Media Users | Lifestyle Risk Users | Socially Isolated Users | High Stress Users
1649,test,2.4,7.1,1.8,0.4,high,3.46,0,Light / Rested Users,0,Healthy Lifestyle Users,2,Moderately Social Users,0,Low Stress Users,Light / Rested Users | Healthy Lifestyle Users | Moderately Social Users | Low Stress Users
2311,test,5.0,4.9,1.1,1.2,low,2.62,1,Heavy Daytime Social Media Users,1,Lifestyle Risk Users,0,Socially Isolated Users,1,High Stress Users,Heavy Daytime Social Media Users | Lifestyle Risk Users | Socially Isolated Users | High Stress Users
1853,test,6.3,5.6,1.8,0.6,low,2.48,1,Heavy Daytime Social Media Users,1,Lifestyle Risk Users,0,Socially Isolated Users,1,High Stress Users,Heavy Daytime Social Media Users | Lifestyle Risk Users | Socially Isolated Users | High Stress Users
2355,test,5.3,5.4,2.0,1.1,high,2.89,2,Heavy Night Social Media Users,1,Lifestyle Risk Users,1,Low Activity Moderate Social Users,1,High Stress Users,Heavy Night Social Media Users | Lifestyle Risk Users | Low Activity Moderate Social Users | High Stress Users
1967,test,4.8,6.2,1.8,1.7,medium,2.44,1,Heavy Daytime Social Media Users,1,Lifestyle Risk Users,2,Moderately Social Users,0,Low Stress Users,Heavy Daytime Social Media Users | Lifestyle Risk Users | Moderately Social Users | Low Stress Users
2591,test,7.5,6.1,0.8,1.1,medium,2.54,1,Heavy Daytime Social Media Users,1,Lifestyle Risk Users,1,Low Activity Moderate Social Users,1,High Stress Users,Heavy Daytime Social Media Users | Lifestyle Risk Users | Low Activity Moderate Social Users | High Stress Users
295,test,6.4,8.3,1.3,1.2,high,2.21,1,Heavy Daytime Social Media Users,1,Lifestyle Risk Users,1,Low Activity Moderate Social Users,0,Low Stress Users,Heavy Daytime Social Media Users | Lifestyle Risk Users | Low Activity Moderate Social Users | Low Stress Users
1788,test,7.6,5.0,1.0,1.9,medium,2.45,1,Heavy Daytime Social Media Users,1,Lifestyle Risk Users,1,Low Activity Moderate Social Users,1,High Stress Users,Heavy Daytime Social Media Users | Lifestyle Risk Users | Low Activity Moderate Social Users | High Stress Users
46,test,6.8,8.6,1.1,1.6,high,2.36,1,Heavy Daytime Social Media Users,0,Healthy Lifestyle Users,1,Low Activity Moderate Social Users,0,Low Stress Users,Heavy Daytime Social Media Users | Healthy Lifestyle Users | Low Activity Moderate Social Users | Low Stress Users
541,test,7.8,7.4,1.7,1.1,low,2.76,1,Heavy Daytime Social Media Users,1,Lifestyle Risk Users,0,Socially Isolated Users,1,High Stress Users,Heavy Daytime Social Media Users | Lifestyle Risk Users | Socially Isolated Users | High Stress Users
3117,test,5.2,5.9,1.7,0.4,high,2.37,1,Heavy Daytime Social Media Users,1,Lifestyle Risk Users,1,Low Activity Moderate Social Users,1,High Stress Users,Heavy Daytime Social Media Users | Lifestyle Risk Users | Low Activity Moderate Social Users | High Stress Users
1568,test,6.6,5.9,1.9,2.0,high,2.78,1,Heavy Daytime Social Media Users,1,Lifestyle Risk Users,2,Moderately Social Users,1,High Stress Users,Heavy Daytime Social Media Users | Lifestyle Risk Users | Moderately Social Users | High Stress Users
2074,test,3.2,5.3,2.9,1.3,high,3.18,2,Heavy Night Social Media Users,0,Healthy Lifestyle Users,2,Moderately Social Users,0,Low Stress Users,Heavy Night Social Media Users | Healthy Lifestyle Users | Moderately Social Users | Low Stress Users
2817,test,4.7,6.9,1.4,0.4,high,2.8,1,Heavy Daytime Social Media Users,0,Healthy Lifestyle Users,1,Low Activity Moderate Social Users,0,Low Stress Users,Heavy Daytime Social Media Users | Healthy Lifestyle Users | Low Activity Moderate Social Users | Low Stress Users
2550,test,1.9,6.8,2.3,1.4,low,3.33,0,Light / Rested Users,0,Healthy Lifestyle Users,0,Socially Isolated Users,0,Low Stress Users,Light / Rested Users | Healthy Lifestyle Users | Socially Isolated Users | Low Stress Users
3611,test,4.8,5.3,2.3,1.1,medium,2.4,2,Heavy Night Social Media Users,1,Lifestyle Risk Users,1,Low Activity Moderate Social Users,1,High Stress Users,Heavy Night Social Media Users | Lifestyle Risk Users | Low Activity Moderate Social Users | High Stress Users
1058,test,1.3,8.7,0.9,0.1,low,4.0,0,Light / Rested Users,0,Healthy Lifestyle Users,0,Socially Isolated Users,0,Low Stress Users,Light / Rested Users | Healthy Lifestyle Users | Socially Isolated Users | Low Stress Users
3552,test,4.8,5.9,1.5,0.7,high,2.73,1,Heavy Daytime Social Media Users,1,Lifestyle Risk Users,1,Low Activity Moderate Social Users,1,High Stress Users,Heavy Daytime Social Media Users | Lifestyle Risk Users | Low Activity Moderate Social Users | High Stress Users
2858,test,4.1,6.5,1.7,1.7,high,3.07,0,Light / Rested Users,0,Healthy Lifestyle Users,2,Moderately Social Users,0,Low Stress Users,Light / Rested Users | Healthy Lifestyle Users | Moderately Social Users | Low Stress Users
3455,test,4.9,6.2,0.9,0.2,high,2.68,1,Heavy Daytime Social Media Users,1,Lifestyle Risk Users,1,Low Activity Moderate Social Users,1,High Stress Users,Heavy Daytime Social Media Users | Lifestyle Risk Users | Low Activity Moderate Social Users | High Stress Users
1263,test,6.7,5.6,1.0,0.6,high,2.18,1,Heavy Daytime Social Media Users,1,Lifestyle Risk Users,1,Low Activity Moderate Social Users,1,High Stress Users,Heavy Daytime Social Media Users | Lifestyle Risk Users | Low Activity Moderate Social Users | High Stress Users
2577,test,4.0,7.6,1.1,0.1,medium,3.01,0,Light / Rested Users,0,Healthy Lifestyle Users,1,Low Activity Moderate Social Users,0,Low Stress Users,Light / Rested Users | Healthy Lifestyle Users | Low Activity Moderate Social Users | Low Stress Users
574,test,1.5,8.0,0.7,0.6,medium,2.18,0,Light / Rested Users,0,Healthy Lifestyle Users,2,Moderately Social Users,0,Low Stress Users,Light / Rested Users | Healthy Lifestyle Users | Moderately Social Users | Low Stress Users
2510,test,3.9,6.5,0.9,1.2,high,3.43,1,Heavy Daytime Social Media Users,0,Healthy Lifestyle Users,2,Moderately Social Users,0,Low Stress Users,Heavy Daytime Social Media Users | Healthy Lifestyle Users | Moderately Social Users | Low Stress Users
3098,test,4.5,5.5,1.7,1.5,medium,2.29,2,Heavy Night Social Media Users,1,Lifestyle Risk Users,2,Moderately Social Users,1,High Stress Users,Heavy Night Social Media Users | Lifestyle Risk Users | Moderately Social Users | High Stress Users
422,test,2.9,4.0,0.5,0.2,high,3.16,1,Heavy Daytime Social Media Users,1,Lifestyle Risk Users,1,Low Activity Moderate Social Users,1,High Stress Users,Heavy Daytime Social Media Users | Lifestyle Risk Users | Low Activity Moderate Social Users | High Stress Users
672,test,7.9,5.7,1.6,0.6,medium,3.67,1,Heavy Daytime Social Media Users,1,Lifestyle Risk Users,1,Low Activity Moderate Social Users,1,High Stress Users,Heavy Daytime Social Media Users | Lifestyle Risk Users | Low Activity Moderate Social Users | High Stress Users
3186,test,6.4,5.3,1.1,0.7,low,2.18,1,Heavy Daytime Social Media Users,1,Lifestyle Risk Users,0,Socially Isolated Users,1,High Stress Users,Heavy Daytime Social Media Users | Lifestyle Risk Users | Socially Isolated Users | High Stress Users
2154,test,5.5,6.7,0.7,0.7,high,2.84,1,Heavy Daytime Social Media Users,0,Healthy Lifestyle Users,1,Low Activity Moderate Social Users,1,High Stress Users,Heavy Daytime Social Media Users | Healthy Lifestyle Users | Low Activity Moderate Social Users | High Stress Users
1200,test,3.8,6.5,1.7,1.2,low,2.77,0,Light / Rested Users,0,Healthy Lifestyle Users,0,Socially Isolated Users,0,Low Stress Users,Light / Rested Users | Healthy Lifestyle Users | Socially Isolated Users | Low Stress Users
118,test,6.5,4.1,2.7,1.1,medium,3.66,2,Heavy Night Social Media Users,1,Lifestyle Risk Users,1,Low Activity Moderate Social Users,1,High Stress Users,Heavy Night Social Media Users | Lifestyle Risk Users | Low Activity Moderate Social Users | High Stress Users
1623,test,5.1,5.5,2.8,1.6,medium,3.37,2,Heavy Night Social Media Users,1,Lifestyle Risk Users,2,Moderately Social Users,0,Low Stress Users,Heavy Night Social Media Users | Lifestyle Risk Users | Moderately Social Users | Low Stress Users
1616,test,7.3,5.2,2.0,1.3,low,2.29,2,Heavy Night Social Media Users,1,Lifestyle Risk Users,0,Socially Isolated Users,1,High Stress Users,Heavy Night Social Media Users | Lifestyle Risk Users | Socially Isolated Users | High Stress Users
1692,test,5.5,6.1,1.0,1.5,high,3.29,1,Heavy Daytime Social Media Users,0,Healthy Lifestyle Users,2,Moderately Social Users,1,High Stress Users,Heavy Daytime Social Media Users | Healthy Lifestyle Users | Moderately Social Users | High Stress Users
40,test,6.4,5.7,0.9,1.8,high,2.06,1,Heavy Daytime Social Media Users,1,Lifestyle Risk Users,2,Moderately Social Users,1,High Stress Users,Heavy Daytime Social Media Users | Lifestyle Risk Users | Moderately Social Users | High Stress Users
3354,test,1.2,7.8,0.7,0.0,high,3.92,0,Light / Rested Users,0,Healthy Lifestyle Users,1,Low Activity Moderate Social Users,0,Low Stress Users,Light / Rested Users | Healthy Lifestyle Users | Low Activity Moderate Social Users | Low Stress Users
1713,test,1.5,6.4,2.9,0.8,high,3.69,0,Light / Rested Users,0,Healthy Lifestyle Users,2,Moderately Social Users,0,Low Stress Users,Light / Rested Users | Healthy Lifestyle Users | Moderately Social Users | Low Stress Users
719,test,2.7,6.6,1.6,1.6,high,3.36,0,Light / Rested Users,0,Healthy Lifestyle Users,2,Moderately Social Users,0,Low Stress Users,Light / Rested Users | Healthy Lifestyle Users | Moderately Social Users | Low Stress Users
3304,test,2.8,7.2,0.6,1.8,medium,3.45,0,Light / Rested Users,0,Healthy Lifestyle Users,2,Moderately Social Users,0,Low Stress Users,Light / Rested Users | Healthy Lifestyle Users | Moderately Social Users | Low Stress Users
195,test,6.6,4.9,3.0,0.9,medium,2.99,2,Heavy Night Social Media Users,1,Lifestyle Risk Users,1,Low Activity Moderate Social Users,1,High Stress Users,Heavy Night Social Media Users | Lifestyle Risk Users | Low Activity Moderate Social Users | High Stress Users
2494,test,5.3,5.1,2.9,1.9,low,2.98,2,Heavy Night Social Media Users,1,Lifestyle Risk Users,0,Socially Isolated Users,0,Low Stress Users,Heavy Night Social Media Users | Lifestyle Risk Users | Socially Isolated Users | Low Stress Users
646,test,7.4,7.4,0.9,1.3,medium,3.7,1,Heavy Daytime Social Media Users,0,Healthy Lifestyle Users,1,Low Activity Moderate Social Users,1,High Stress Users,Heavy Daytime Social Media Users | Healthy Lifestyle Users | Low Activity Moderate Social Users | High Stress Users
976,test,6.5,6.7,2.5,0.1,high,2.98,2,Heavy Night Social Media Users,1,Lifestyle Risk Users,1,Low Activity Moderate Social Users,1,High Stress Users,Heavy Night Social Media Users | Lifestyle Risk Users | Low Activity Moderate Social Users | High Stress Users
797,test,3.7,7.1,1.7,1.8,medium,2.5,0,Light / Rested Users,0,Healthy Lifestyle Users,2,Moderately Social Users,1,High Stress Users,Light / Rested Users | Healthy Lifestyle Users | Moderately Social Users | High Stress Users
1048,test,7.5,6.3,2.8,1.8,low,3.04,2,Heavy Night Social Media Users,1,Lifestyle Risk Users,0,Socially Isolated Users,0,Low Stress Users,Heavy Night Social Media Users | Lifestyle Risk Users | Socially Isolated Users | Low Stress Users
3009,test,6.8,6.2,1.0,0.2,medium,2.45,1,Heavy Daytime Social Media Users,1,Lifestyle Risk Users,1,Low Activity Moderate Social Users,1,High Stress Users,Heavy Daytime Social Media Users | Lifestyle Risk Users | Low Activity Moderate Social Users | High Stress Users
1927,test,7.1,5.3,1.6,1.0,medium,2.18,1,Heavy Daytime Social Media Users,1,Lifestyle Risk Users,1,Low Activity Moderate Social Users,1,High Stress Users,Heavy Daytime Social Media Users | Lifestyle Risk Users | Low Activity Moderate Social Users | High Stress Users
3467,test,1.9,6.9,1.1,1.1,low,3.03,0,Light / Rested Users,0,Healthy Lifestyle Users,0,Socially Isolated Users,0,Low Stress Users,Light / Rested Users | Healthy Lifestyle Users | Socially Isolated Users | Low Stress Users
2546,test,4.3,6.8,1.4,0.2,high,3.03,0,Light / Rested Users,0,Healthy Lifestyle Users,1,Low Activity Moderate Social Users,0,Low Stress Users,Light / Rested Users | Healthy Lifestyle Users | Low Activity Moderate Social Users | Low Stress Users
529,test,4.2,7.9,2.7,0.1,medium,3.76,0,Light / Rested Users,0,Healthy Lifestyle Users,1,Low Activity Moderate Social Users,1,High Stress Users,Light / Rested Users | Healthy Lifestyle Users | Low Activity Moderate Social Users | High Stress Users
1120,test,3.9,4.2,2.1,1.1,medium,2.28,2,Heavy Night Social Media Users,1,Lifestyle Risk Users,2,Moderately Social Users,1,High Stress Users,Heavy Night Social Media Users | Lifestyle Risk Users | Moderately Social Users | High Stress Users
1953,test,3.9,7.5,0.7,1.3,low,3.32,0,Light / Rested Users,0,Healthy Lifestyle Users,0,Socially Isolated Users,0,Low Stress Users,Light / Rested Users | Healthy Lifestyle Users | Socially Isolated Users | Low Stress Users
3060,test,3.8,6.0,2.9,1.0,high,2.97,2,Heavy Night Social Media Users,1,Lifestyle Risk Users,2,Moderately Social Users,0,Low Stress Users,Heavy Night Social Media Users | Lifestyle Risk Users | Moderately Social Users | Low Stress Users
3014,test,5.8,4.9,1.9,1.5,high,2.03,2,Heavy Night Social Media Users,1,Lifestyle Risk Users,2,Moderately Social Users,1,High Stress Users,Heavy Night Social Media Users | Lifestyle Risk Users | Moderately Social Users | High Stress Users
2078,test,5.4,5.9,2.1,1.3,high,2.62,2,Heavy Night Social Media Users,1,Lifestyle Risk Users,1,Low Activity Moderate Social Users,1,High Stress Users,Heavy Night Social Media Users | Lifestyle Risk Users | Low Activity Moderate Social Users | High Stress Users
3427,test,5.4,5.2,2.3,0.2,high,2.0,2,Heavy Night Social Media Users,1,Lifestyle Risk Users,1,Low Activity Moderate Social Users,1,High Stress Users,Heavy Night Social Media Users | Lifestyle Risk Users | Low Activity Moderate Social Users | High Stress Users
564,test,1.5,7.9,1.8,1.1,medium,2.85,0,Light / Rested Users,0,Healthy Lifestyle Users,2,Moderately Social Users,0,Low Stress Users,Light / Rested Users | Healthy Lifestyle Users | Moderately Social Users | Low Stress Users
460,test,5.3,5.1,1.2,1.8,low,3.32,1,Heavy Daytime Social Media Users,1,Lifestyle Risk Users,0,Socially Isolated Users,1,High Stress Users,Heavy Daytime Social Media Users | Lifestyle Risk Users | Socially Isolated Users | High Stress Users
3264,test,1.1,7.8,2.4,1.8,medium,3.72,0,Light / Rested Users,0,Healthy Lifestyle Users,2,Moderately Social Users,0,Low Stress Users,Light / Rested Users | Healthy Lifestyle Users | Moderately Social Users | Low Stress Users
337,test,3.4,8.6,0.8,0.4,low,3.08,0,Light / Rested Users,0,Healthy Lifestyle Users,0,Socially Isolated Users,0,Low Stress Users,Light / Rested Users | Healthy Lifestyle Users | Socially Isolated Users | Low Stress Users
1183,test,6.6,9.0,2.9,1.7,medium,2.47,0,Light / Rested Users,0,Healthy Lifestyle Users,1,Low Activity Moderate Social Users,0,Low Stress Users,Light / Rested Users | Healthy Lifestyle Users | Low Activity Moderate Social Users | Low Stress Users
1860,test,3.1,7.1,2.4,1.0,low,3.44,0,Light / Rested Users,0,Healthy Lifestyle Users,0,Socially Isolated Users,0,Low Stress Users,Light / Rested Users | Healthy Lifestyle Users | Socially Isolated Users | Low Stress Users
1228,test,2.6,7.4,1.9,1.2,low,3.11,0,Light / Rested Users,0,Healthy Lifestyle Users,0,Socially Isolated Users,0,Low Stress Users,Light / Rested Users | Healthy Lifestyle Users | Socially Isolated Users | Low Stress Users
251,test,4.6,7.3,1.6,0.4,low,2.91,0,Light / Rested Users,0,Healthy Lifestyle Users,0,Socially Isolated Users,1,High Stress Users,Light / Rested Users | Healthy Lifestyle Users | Socially Isolated Users | High Stress Users
2786,test,3.3,6.7,1.1,0.4,low,2.77,0,Light / Rested Users,0,Healthy Lifestyle Users,0,Socially Isolated Users,0,Low Stress Users,Light / Rested Users | Healthy Lifestyle Users | Socially Isolated Users | Low Stress Users
3192,test,3.9,6.0,1.6,0.6,high,2.98,1,Heavy Daytime Social Media Users,0,Healthy Lifestyle Users,1,Low Activity Moderate Social Users,0,Low Stress Users,Heavy Daytime Social Media Users | Healthy Lifestyle Users | Low Activity Moderate Social Users | Low Stress Users
2784,test,2.3,7.0,1.4,1.5,medium,3.51,0,Light / Rested Users,0,Healthy Lifestyle Users,2,Moderately Social Users,0,Low Stress Users,Light / Rested Users | Healthy Lifestyle Users | Moderately Social Users | Low Stress Users
2301,test,7.7,5.0,1.9,2.0,low,2.34,2,Heavy Night Social Media Users,1,Lifestyle Risk Users,0,Socially Isolated Users,1,High Stress Users,Heavy Night Social Media Users | Lifestyle Risk Users | Socially Isolated Users | High Stress Users
1199,test,4.7,6.5,1.0,0.9,medium,2.91,1,Heavy Daytime Social Media Users,0,Healthy Lifestyle Users,1,Low Activity Moderate Social Users,1,High Stress Users,Heavy Daytime Social Media Users | Healthy Lifestyle Users | Low Activity Moderate Social Users | High Stress Users
1858,test,5.5,5.8,2.3,1.9,high,3.23,2,Heavy Night Social Media Users,1,Lifestyle Risk Users,2,Moderately Social Users,0,Low Stress Users,Heavy Night Social Media Users | Lifestyle Risk Users | Moderately Social Users | Low Stress Users
2783,test,3.2,5.9,1.9,0.9,low,3.16,0,Light / Rested Users,0,Healthy Lifestyle Users,0,Socially Isolated Users,0,Low Stress Users,Light / Rested Users | Healthy Lifestyle Users | Socially Isolated Users | Low Stress Users
1072,test,7.0,4.8,1.7,0.3,low,2.9,1,Heavy Daytime Social Media Users,1,Lifestyle Risk Users,0,Socially Isolated Users,1,High Stress Users,Heavy Daytime Social Media Users | Lifestyle Risk Users | Socially Isolated Users | High Stress Users
616,test,2.1,8.8,2.3,1.2,high,2.22,0,Light / Rested Users,0,Healthy Lifestyle Users,2,Moderately Social Users,0,Low Stress Users,Light / Rested Users | Healthy Lifestyle Users | Moderately Social Users | Low Stress Users
1448,test,1.7,7.7,0.8,0.4,low,3.58,0,Light / Rested Users,0,Healthy Lifestyle Users,0,Socially Isolated Users,0,Low Stress Users,Light / Rested Users | Healthy Lifestyle Users | Socially Isolated Users | Low Stress Users
3645,test,3.5,5.7,1.5,0.9,medium,2.94,1,Heavy Daytime Social Media Users,0,Healthy Lifestyle Users,2,Moderately Social Users,0,Low Stress Users,Heavy Daytime Social Media Users | Healthy Lifestyle Users | Moderately Social Users | Low Stress Users
2408,test,7.0,6.1,2.4,0.9,low,2.28,2,Heavy Night Social Media Users,1,Lifestyle Risk Users,0,Socially Isolated Users,1,High Stress Users,Heavy Night Social Media Users | Lifestyle Risk Users | Socially Isolated Users | High Stress Users
2209,test,4.0,6.4,1.2,1.9,low,3.44,1,Heavy Daytime Social Media Users,0,Healthy Lifestyle Users,0,Socially Isolated Users,0,Low Stress Users,Heavy Daytime Social Media Users | Healthy Lifestyle Users | Socially Isolated Users | Low Stress Users
3157,test,4.1,6.2,1.9,1.4,high,2.51,2,Heavy Night Social Media Users,1,Lifestyle Risk Users,2,Moderately Social Users,0,Low Stress Users,Heavy Night Social Media Users | Lifestyle Risk Users | Moderately Social Users | Low Stress Users
3347,test,1.7,7.8,1.6,0.9,high,3.57,0,Light / Rested Users,0,Healthy Lifestyle Users,2,Moderately Social Users,0,Low Stress Users,Light / Rested Users | Healthy Lifestyle Users | Moderately Social Users | Low Stress Users
2818,test,4.3,6.1,2.9,1.1,high,2.58,2,Heavy Night Social Media Users,1,Lifestyle Risk Users,2,Moderately Social Users,1,High Stress Users,Heavy Night Social Media Users | Lifestyle Risk Users | Moderately Social Users | High Stress Users
3128,test,4.5,5.4,2.1,1.8,medium,2.66,2,Heavy Night Social Media Users,1,Lifestyle Risk Users,2,Moderately Social Users,1,High Stress Users,Heavy Night Social Media Users | Lifestyle Risk Users | Moderately Social Users | High Stress Users
3323,test,5.9,6.9,1.5,0.9,high,2.89,1,Heavy Daytime Social Media Users,1,Lifestyle Risk Users,1,Low Activity Moderate Social Users,1,High Stress Users,Heavy Daytime Social Media Users | Lifestyle Risk Users | Low Activity Moderate Social Users | High Stress Users
2777,test,5.0,6.1,2.8,0.4,medium,2.66,2,Heavy Night Social Media Users,1,Lifestyle Risk Users,1,Low Activity Moderate Social Users,1,High Stress Users,Heavy Night Social Media Users | Lifestyle Risk Users | Low Activity Moderate Social Users | High Stress Users
2632,test,4.8,5.9,1.2,1.7,high,3.56,1,Heavy Daytime Social Media Users,0,Healthy Lifestyle Users,2,Moderately Social Users,0,Low Stress Users,Heavy Daytime Social Media Users | Healthy Lifestyle Users | Moderately Social Users | Low Stress Users
2524,test,5.1,5.5,2.0,0.4,low,2.89,2,Heavy Night Social Media Users,1,Lifestyle Risk Users,0,Socially Isolated Users,1,High Stress Users,Heavy Night Social Media Users | Lifestyle Risk Users | Socially Isolated Users | High Stress Users
208,test,2.2,5.2,1.4,1.5,medium,2.62,0,Light / Rested Users,0,Healthy Lifestyle Users,2,Moderately Social Users,1,High Stress Users,Light / Rested Users | Healthy Lifestyle Users | Moderately Social Users | High Stress Users
1299,test,3.9,6.0,1.1,1.5,high,3.2,1,Heavy Daytime Social Media Users,0,Healthy Lifestyle Users,2,Moderately Social Users,0,Low Stress Users,Heavy Daytime Social Media Users | Healthy Lifestyle Users | Moderately Social Users | Low Stress Users
3062,test,1.8,5.9,1.3,1.5,medium,3.34,0,Light / Rested Users,0,Healthy Lifestyle Users,2,Moderately Social Users,0,Low Stress Users,Light / Rested Users | Healthy Lifestyle Users | Moderately Social Users | Low Stress Users
2453,test,4.1,5.5,1.8,0.1,high,2.37,2,Heavy Night Social Media Users,1,Lifestyle Risk Users,1,Low Activity Moderate Social Users,1,High Stress Users,Heavy Night Social Media Users | Lifestyle Risk Users | Low Activity Moderate Social Users | High Stress Users
2820,test,5.5,6.6,1.2,1.6,low,3.26,1,Heavy Daytime Social Media Users,0,Healthy Lifestyle Users,0,Socially Isolated Users,1,High Stress Users,Heavy Daytime Social Media Users | Healthy Lifestyle Users | Socially Isolated Users | High Stress Users
781,test,5.4,7.3,2.0,0.9,medium,3.98,0,Light / Rested Users,0,Healthy Lifestyle Users,1,Low Activity Moderate Social Users,1,High Stress Users,Light / Rested Users | Healthy Lifestyle Users | Low Activity Moderate Social Users | High Stress Users
1022,test,3.8,7.1,0.5,0.2,medium,3.08,0,Light / Rested Users,0,Healthy Lifestyle Users,1,Low Activity Moderate Social Users,0,Low Stress Users,Light / Rested Users | Healthy Lifestyle Users | Low Activity Moderate Social Users | Low Stress Users
2866,test,4.3,5.2,2.3,0.9,low,2.72,2,Heavy Night Social Media Users,1,Lifestyle Risk Users,0,Socially Isolated Users,1,High Stress Users,Heavy Night Social Media Users | Lifestyle Risk Users | Socially Isolated Users | High Stress Users
780,test,3.5,8.8,1.8,0.8,low,3.5,0,Light / Rested Users,0,Healthy Lifestyle Users,0,Socially Isolated Users,0,Low Stress Users,Light / Rested Users | Healthy Lifestyle Users | Socially Isolated Users | Low Stress Users
501,test,6.5,7.4,1.9,1.1,medium,2.22,1,Heavy Daytime Social Media Users,1,Lifestyle Risk Users,1,Low Activity Moderate Social Users,1,High Stress Users,Heavy Daytime Social Media Users | Lifestyle Risk Users | Low Activity Moderate Social Users | High Stress Users
368,test,2.4,7.1,0.7,1.1,high,3.64,0,Light / Rested Users,0,Healthy Lifestyle Users,2,Moderately Social Users,0,Low Stress Users,Light / Rested Users | Healthy Lifestyle Users | Moderately Social Users | Low Stress Users
1674,test,6.9,4.7,2.7,0.1,high,2.0,2,Heavy Night Social Media Users,1,Lifestyle Risk Users,1,Low Activity Moderate Social Users,1,High Stress Users,Heavy Night Social Media Users | Lifestyle Risk Users | Low Activity Moderate Social Users | High Stress Users
2738,test,7.7,5.5,0.6,1.1,low,2.13,1,Heavy Daytime Social Media Users,1,Lifestyle Risk Users,0,Socially Isolated Users,1,High Stress Users,Heavy Daytime Social Media Users | Lifestyle Risk Users | Socially Isolated Users | High Stress Users
383,test,6.6,6.0,2.1,1.5,low,2.84,2,Heavy Night Social Media Users,1,Lifestyle Risk Users,0,Socially Isolated Users,1,High Stress Users,Heavy Night Social Media Users | Lifestyle Risk Users | Socially Isolated Users | High Stress Users
1757,test,5.2,5.4,2.4,1.4,low,2.35,2,Heavy Night Social Media Users,1,Lifestyle Risk Users,0,Socially Isolated Users,1,High Stress Users,Heavy Night Social Media Users | Lifestyle Risk Users | Socially Isolated Users | High Stress Users
2849,test,7.8,4.3,1.6,1.4,low,2.07,1,Heavy Daytime Social Media Users,1,Lifestyle Risk Users,0,Socially Isolated Users,1,High Stress Users,Heavy Daytime Social Media Users | Lifestyle Risk Users | Socially Isolated Users | High Stress Users
2443,test,2.0,7.0,1.4,0.2,medium,3.16,0,Light / Rested Users,0,Healthy Lifestyle Users,0,Socially Isolated Users,0,Low Stress Users,Light / Rested Users | Healthy Lifestyle Users | Socially Isolated Users | Low Stress Users
2827,test,2.8,7.5,2.7,1.6,medium,3.5,0,Light / Rested Users,0,Healthy Lifestyle Users,2,Moderately Social Users,0,Low Stress Users,Light / Rested Users | Healthy Lifestyle Users | Moderately Social Users | Low Stress Users
3476,test,6.9,4.9,2.0,0.4,low,2.0,2,Heavy Night Social Media Users,1,Lifestyle Risk Users,0,Socially Isolated Users,1,High Stress Users,Heavy Night Social Media Users | Lifestyle Risk Users | Socially Isolated Users | High Stress Users
2132,test,3.4,6.1,1.9,1.3,high,3.07,0,Light / Rested Users,0,Healthy Lifestyle Users,2,Moderately Social Users,0,Low Stress Users,Light / Rested Users | Healthy Lifestyle Users | Moderately Social Users | Low Stress Users
1043,test,7.2,5.0,2.9,0.4,medium,3.76,2,Heavy Night Social Media Users,1,Lifestyle Risk Users,1,Low Activity Moderate Social Users,1,High Stress Users,Heavy Night Social Media Users | Lifestyle Risk Users | Low Activity Moderate Social Users | High Stress Users
162,test,2.0,5.3,1.7,0.8,low,2.91,0,Light / Rested Users,0,Healthy Lifestyle Users,0,Socially Isolated Users,1,High Stress Users,Light / Rested Users | Healthy Lifestyle Users | Socially Isolated Users | High Stress Users
3071,test,7.8,5.7,0.7,1.0,medium,2.09,1,Heavy Daytime Social Media Users,1,Lifestyle Risk Users,1,Low Activity Moderate Social Users,1,High Stress Users,Heavy Daytime Social Media Users | Lifestyle Risk Users | Low Activity Moderate Social Users | High Stress Users
1596,test,1.3,7.4,2.8,0.6,medium,3.42,0,Light / Rested Users,0,Healthy Lifestyle Users,2,Moderately Social Users,0,Low Stress Users,Light / Rested Users | Healthy Lifestyle Users | Moderately Social Users | Low Stress Users
1583,test,6.8,6.0,1.6,0.1,medium,2.43,1,Heavy Daytime Social Media Users,1,Lifestyle Risk Users,1,Low Activity Moderate Social Users,1,High Stress Users,Heavy Daytime Social Media Users | Lifestyle Risk Users | Low Activity Moderate Social Users | High Stress Users
983,test,5.8,7.5,2.2,1.4,medium,3.65,0,Light / Rested Users,0,Healthy Lifestyle Users,1,Low Activity Moderate Social Users,0,Low Stress Users,Light / Rested Users | Healthy Lifestyle Users | Low Activity Moderate Social Users | Low Stress Users
202,test,1.2,8.1,2.0,1.5,medium,3.33,0,Light / Rested Users,0,Healthy Lifestyle Users,2,Moderately Social Users,0,Low Stress Users,Light / Rested Users | Healthy Lifestyle Users | Moderately Social Users | Low Stress Users
880,test,1.5,5.2,0.8,0.9,medium,2.16,0,Light / Rested Users,1,Lifestyle Risk Users,2,Moderately Social Users,1,High Stress Users,Light / Rested Users | Lifestyle Risk Users | Moderately Social Users | High Stress Users
1237,test,1.4,8.0,0.6,1.3,high,3.53,0,Light / Rested Users,0,Healthy Lifestyle Users,2,Moderately Social Users,0,Low Stress Users,Light / Rested Users | Healthy Lifestyle Users | Moderately Social Users | Low Stress Users
3238,test,6.7,5.4,1.3,1.8,low,2.3,1,Heavy Daytime Social Media Users,1,Lifestyle Risk Users,0,Socially Isolated Users,1,High Stress Users,Heavy Daytime Social Media Users | Lifestyle Risk Users | Socially Isolated Users | High Stress Users
1429,test,1.8,7.3,0.7,1.7,high,3.55,0,Light / Rested Users,0,Healthy Lifestyle Users,2,Moderately Social Users,0,Low Stress Users,Light / Rested Users | Healthy Lifestyle Users | Moderately Social Users | Low Stress Users
2788,test,4.2,6.8,0.6,1.9,medium,3.21,1,Heavy Daytime Social Media Users,0,Healthy Lifestyle Users,2,Moderately Social Users,0,Low Stress Users,Heavy Daytime Social Media Users | Healthy Lifestyle Users | Moderately Social Users | Low Stress Users
1355,test,4.0,5.8,2.8,2.0,high,3.39,2,Heavy Night Social Media Users,0,Healthy Lifestyle Users,2,Moderately Social Users,0,Low Stress Users,Heavy Night Social Media Users | Healthy Lifestyle Users | Moderately Social Users | Low Stress Users
1811,test,2.7,6.8,2.0,0.4,medium,2.6,0,Light / Rested Users,0,Healthy Lifestyle Users,1,Low Activity Moderate Social Users,0,Low Stress Users,Light / Rested Users | Healthy Lifestyle Users | Low Activity Moderate Social Users | Low Stress Users
474,test,5.2,5.6,1.1,0.1,medium,2.88,1,Heavy Daytime Social Media Users,1,Lifestyle Risk Users,1,Low Activity Moderate Social Users,1,High Stress Users,Heavy Daytime Social Media Users | Lifestyle Risk Users | Low Activity Moderate Social Users | High Stress Users
111,test,5.2,6.0,0.6,0.6,medium,3.07,1,Heavy Daytime Social Media Users,0,Healthy Lifestyle Users,1,Low Activity Moderate Social Users,0,Low Stress Users,Heavy Daytime Social Media Users | Healthy Lifestyle Users | Low Activity Moderate Social Users | Low Stress Users
1731,test,6.8,5.6,1.6,0.6,high,2.56,1,Heavy Daytime Social Media Users,1,Lifestyle Risk Users,1,Low Activity Moderate Social Users,1,High Stress Users,Heavy Daytime Social Media Users | Lifestyle Risk Users | Low Activity Moderate Social Users | High Stress Users
2964,test,6.3,6.8,0.9,1.6,medium,2.66,1,Heavy Daytime Social Media Users,1,Lifestyle Risk Users,1,Low Activity Moderate Social Users,1,High Stress Users,Heavy Daytime Social Media Users | Lifestyle Risk Users | Low Activity Moderate Social Users | High Stress Users
915,test,7.5,7.6,2.8,0.7,medium,3.1,2,Heavy Night Social Media Users,1,Lifestyle Risk Users,1,Low Activity Moderate Social Users,0,Low Stress Users,Heavy Night Social Media Users | Lifestyle Risk Users | Low Activity Moderate Social Users | Low Stress Users
2124,test,3.7,6.4,1.2,0.6,medium,3.17,0,Light / Rested Users,0,Healthy Lifestyle Users,1,Low Activity Moderate Social Users,0,Low Stress Users,Light / Rested Users | Healthy Lifestyle Users | Low Activity Moderate Social Users | Low Stress Users
2700,test,3.2,6.5,2.3,0.9,high,2.89,0,Light / Rested Users,0,Healthy Lifestyle Users,2,Moderately Social Users,0,Low Stress Users,Light / Rested Users | Healthy Lifestyle Users | Moderately Social Users | Low Stress Users
2259,test,7.8,5.0,1.4,2.0,high,2.42,1,Heavy Daytime Social Media Users,1,Lifestyle Risk Users,1,Low Activity Moderate Social Users,1,High Stress Users,Heavy Daytime Social Media Users | Lifestyle Risk Users | Low Activity Moderate Social Users | High Stress Users
1318,test,5.0,5.5,2.0,1.2,medium,2.28,2,Heavy Night Social Media Users,1,Lifestyle Risk Users,1,Low Activity Moderate Social Users,1,High Stress Users,Heavy Night Social Media Users | Lifestyle Risk Users | Low Activity Moderate Social Users | High Stress Users
1794,test,3.9,6.1,2.7,0.7,high,2.82,2,Heavy Night Social Media Users,1,Lifestyle Risk Users,1,Low Activity Moderate Social Users,0,Low Stress Users,Heavy Night Social Media Users | Lifestyle Risk Users | Low Activity Moderate Social Users | Low Stress Users
2873,test,3.5,6.9,1.8,1.6,high,3.63,0,Light / Rested Users,0,Healthy Lifestyle Users,2,Moderately Social Users,0,Low Stress Users,Light / Rested Users | Healthy Lifestyle Users | Moderately Social Users | Low Stress Users
778,test,3.8,8.9,2.5,0.6,high,2.29,0,Light / Rested Users,0,Healthy Lifestyle Users,1,Low Activity Moderate Social Users,1,High Stress Users,Light / Rested Users | Healthy Lifestyle Users | Low Activity Moderate Social Users | High Stress Users
776,test,6.9,8.0,1.6,0.1,medium,2.64,1,Heavy Daytime Social Media Users,1,Lifestyle Risk Users,1,Low Activity Moderate Social Users,0,Low Stress Users,Heavy Daytime Social Media Users | Lifestyle Risk Users | Low Activity Moderate Social Users | Low Stress Users
1887,test,7.7,5.0,2.7,1.9,medium,2.53,2,Heavy Night Social Media Users,1,Lifestyle Risk Users,1,Low Activity Moderate Social Users,1,High Stress Users,Heavy Night Social Media Users | Lifestyle Risk Users | Low Activity Moderate Social Users | High Stress Users
3160,test,5.4,5.4,0.9,1.9,medium,3.12,1,Heavy Daytime Social Media Users,1,Lifestyle Risk Users,2,Moderately Social Users,1,High Stress Users,Heavy Daytime Social Media Users | Lifestyle Risk Users | Moderately Social Users | High Stress Users
892,test,7.4,6.1,1.1,1.6,high,2.15,1,Heavy Daytime Social Media Users,1,Lifestyle Risk Users,1,Low Activity Moderate Social Users,1,High Stress Users,Heavy Daytime Social Media Users | Lifestyle Risk Users | Low Activity Moderate Social Users | High Stress Users
3412,test,1.5,7.7,1.5,0.7,low,3.71,0,Light / Rested Users,0,Healthy Lifestyle Users,0,Socially Isolated Users,0,Low Stress Users,Light / Rested Users | Healthy Lifestyle Users | Socially Isolated Users | Low Stress Users
1812,test,3.1,6.6,2.0,0.7,low,2.82,0,Light / Rested Users,0,Healthy Lifestyle Users,0,Socially Isolated Users,0,Low Stress Users,Light / Rested Users | Healthy Lifestyle Users | Socially Isolated Users | Low Stress Users
1089,test,2.9,8.2,2.3,0.9,low,2.48,0,Light / Rested Users,0,Healthy Lifestyle Users,0,Socially Isolated Users,0,Low Stress Users,Light / Rested Users | Healthy Lifestyle Users | Socially Isolated Users | Low Stress Users
2213,test,4.4,6.7,0.6,0.5,high,3.05,1,Heavy Daytime Social Media Users,0,Healthy Lifestyle Users,1,Low Activity Moderate Social Users,0,Low Stress Users,Heavy Daytime Social Media Users | Healthy Lifestyle Users | Low Activity Moderate Social Users | Low Stress Users
2630,test,8.0,5.0,2.2,0.9,high,2.06,2,Heavy Night Social Media Users,1,Lifestyle Risk Users,1,Low Activity Moderate Social Users,1,High Stress Users,Heavy Night Social Media Users | Lifestyle Risk Users | Low Activity Moderate Social Users | High Stress Users
2128,test,1.8,6.3,2.9,1.2,high,3.38,2,Heavy Night Social Media Users,0,Healthy Lifestyle Users,2,Moderately Social Users,0,Low Stress Users,Heavy Night Social Media Users | Healthy Lifestyle Users | Moderately Social Users | Low Stress Users
1854,test,3.2,6.8,1.0,0.3,low,2.83,0,Light / Rested Users,0,Healthy Lifestyle Users,0,Socially Isolated Users,0,Low Stress Users,Light / Rested Users | Healthy Lifestyle Users | Socially Isolated Users | Low Stress Users
2378,test,1.3,7.6,1.2,0.2,high,3.96,0,Light / Rested Users,0,Healthy Lifestyle Users,2,Moderately Social Users,0,Low Stress Users,Light / Rested Users | Healthy Lifestyle Users | Moderately Social Users | Low Stress Users
980,test,7.1,8.4,1.8,1.3,medium,2.93,1,Heavy Daytime Social Media Users,0,Healthy Lifestyle Users,1,Low Activity Moderate Social Users,0,Low Stress Users,Heavy Daytime Social Media Users | Healthy Lifestyle Users | Low Activity Moderate Social Users | Low Stress Users
480,test,6.2,4.6,1.1,1.8,high,2.94,1,Heavy Daytime Social Media Users,1,Lifestyle Risk Users,2,Moderately Social Users,1,High Stress Users,Heavy Daytime Social Media Users | Lifestyle Risk Users | Moderately Social Users | High Stress Users
3525,test,2.2,7.5,0.9,0.5,low,3.61,0,Light / Rested Users,0,Healthy Lifestyle Users,0,Socially Isolated Users,0,Low Stress Users,Light / Rested Users | Healthy Lifestyle Users | Socially Isolated Users | Low Stress Users
660,test,2.7,5.4,1.6,0.3,high,2.34,0,Light / Rested Users,1,Lifestyle Risk Users,1,Low Activity Moderate Social Users,0,Low Stress Users,Light / Rested Users | Lifestyle Risk Users | Low Activity Moderate Social Users | Low Stress Users
528,test,2.0,4.7,1.3,1.3,low,3.55,1,Heavy Daytime Social Media Users,0,Healthy Lifestyle Users,0,Socially Isolated Users,0,Low Stress Users,Heavy Daytime Social Media Users | Healthy Lifestyle Users | Socially Isolated Users | Low Stress Users
1431,test,6.0,5.8,1.3,0.6,low,2.4,1,Heavy Daytime Social Media Users,1,Lifestyle Risk Users,0,Socially Isolated Users,1,High Stress Users,Heavy Daytime Social Media Users | Lifestyle Risk Users | Socially Isolated Users | High Stress Users
3595,test,6.1,5.6,2.0,0.1,low,2.44,2,Heavy Night Social Media Users,1,Lifestyle Risk Users,0,Socially Isolated Users,1,High Stress Users,Heavy Night Social Media Users | Lifestyle Risk Users | Socially Isolated Users | High Stress Users
1123,test,2.2,4.4,1.7,1.1,high,2.86,2,Heavy Night Social Media Users,1,Lifestyle Risk Users,2,Moderately Social Users,1,High Stress Users,Heavy Night Social Media Users | Lifestyle Risk Users | Moderately Social Users | High Stress Users
1684,test,5.8,5.5,0.6,1.7,high,2.47,1,Heavy Daytime Social Media Users,1,Lifestyle Risk Users,2,Moderately Social Users,1,High Stress Users,Heavy Daytime Social Media Users | Lifestyle Risk Users | Moderately Social Users | High Stress Users
515,test,4.2,8.1,1.4,1.9,low,2.66,0,Light / Rested Users,0,Healthy Lifestyle Users,0,Socially Isolated Users,0,Low Stress Users,Light / Rested Users | Healthy Lifestyle Users | Socially Isolated Users | Low Stress Users
2860,test,3.5,7.3,0.9,1.2,low,3.5,0,Light / Rested Users,0,Healthy Lifestyle Users,0,Socially Isolated Users,0,Low Stress Users,Light / Rested Users | Healthy Lifestyle Users | Socially Isolated Users | Low Stress Users
1613,test,3.7,6.4,2.8,1.0,low,2.97,2,Heavy Night Social Media Users,0,Healthy Lifestyle Users,0,Socially Isolated Users,0,Low Stress Users,Heavy Night Social Media Users | Healthy Lifestyle Users | Socially Isolated Users | Low Stress Users
47,test,3.5,5.1,1.1,1.8,medium,2.27,1,Heavy Daytime Social Media Users,1,Lifestyle Risk Users,2,Moderately Social Users,0,Low Stress Users,Heavy Daytime Social Media Users | Lifestyle Risk Users | Moderately Social Users | Low Stress Users
128,test,1.1,8.0,2.7,0.1,low,2.04,0,Light / Rested Users,0,Healthy Lifestyle Users,0,Socially Isolated Users,0,Low Stress Users,Light / Rested Users | Healthy Lifestyle Users | Socially Isolated Users | Low Stress Users
204,test,1.1,6.8,2.0,1.3,medium,3.45,0,Light / Rested Users,0,Healthy Lifestyle Users,2,Moderately Social Users,0,Low Stress Users,Light / Rested Users | Healthy Lifestyle Users | Moderately Social Users | Low Stress Users
864,test,2.5,4.4,2.0,0.7,low,3.29,2,Heavy Night Social Media Users,1,Lifestyle Risk Users,0,Socially Isolated Users,0,Low Stress Users,Heavy Night Social Media Users | Lifestyle Risk Users | Socially Isolated Users | Low Stress Users
627,test,6.0,8.7,1.5,0.1,medium,3.76,0,Light / Rested Users,0,Healthy Lifestyle Users,1,Low Activity Moderate Social Users,0,Low Stress Users,Light / Rested Users | Healthy Lifestyle Users | Low Activity Moderate Social Users | Low Stress Users
1661,test,5.0,4.6,1.3,1.1,low,2.44,1,Heavy Daytime Social Media Users,1,Lifestyle Risk Users,0,Socially Isolated Users,1,High Stress Users,Heavy Daytime Social Media Users | Lifestyle Risk Users | Socially Isolated Users | High Stress Users
1455,test,5.1,5.7,2.1,1.3,low,2.67,2,Heavy Night Social Media Users,1,Lifestyle Risk Users,0,Socially Isolated Users,1,High Stress Users,Heavy Night Social Media Users | Lifestyle Risk Users | Socially Isolated Users | High Stress Users
1274,test,4.1,6.0,0.8,1.0,high,2.67,1,Heavy Daytime Social Media Users,1,Lifestyle Risk Users,2,Moderately Social Users,1,High Stress Users,Heavy Daytime Social Media Users | Lifestyle Risk Users | Moderately Social Users | High Stress Users
2135,test,2.0,6.3,3.0,0.4,low,3.18,2,Heavy Night Social Media Users,0,Healthy Lifestyle Users,0,Socially Isolated Users,0,Low Stress Users,Heavy Night Social Media Users | Healthy Lifestyle Users | Socially Isolated Users | Low Stress Users
2641,test,4.8,6.4,0.5,1.9,medium,3.68,1,Heavy Daytime Social Media Users,0,Healthy Lifestyle Users,2,Moderately Social Users,0,Low Stress Users,Heavy Daytime Social Media Users | Healthy Lifestyle Users | Moderately Social Users | Low Stress Users
126,test,6.6,5.6,0.8,1.7,medium,3.48,1,Heavy Daytime Social Media Users,0,Healthy Lifestyle Users,1,Low Activity Moderate Social Users,1,High Stress Users,Heavy Daytime Social Media Users | Healthy Lifestyle Users | Low Activity Moderate Social Users | High Stress Users
979,test,7.7,6.6,1.6,1.9,high,4.0,1,Heavy Daytime Social Media Users,0,Healthy Lifestyle Users,1,Low Activity Moderate Social Users,0,Low Stress Users,Heavy Daytime Social Media Users | Healthy Lifestyle Users | Low Activity Moderate Social Users | Low Stress Users
1327,test,7.0,6.1,0.9,1.6,low,2.07,1,Heavy Daytime Social Media Users,1,Lifestyle Risk Users,0,Socially Isolated Users,1,High Stress Users,Heavy Daytime Social Media Users | Lifestyle Risk Users | Socially Isolated Users | High Stress Users
732,test,7.9,5.7,2.4,1.9,high,3.59,2,Heavy Night Social Media Users,1,Lifestyle Risk Users,1,Low Activity Moderate Social Users,1,High Stress Users,Heavy Night Social Media Users | Lifestyle Risk Users | Low Activity Moderate Social Users | High Stress Users
635,test,7.7,7.6,2.9,0.5,high,3.81,2,Heavy Night Social Media Users,0,Healthy Lifestyle Users,1,Low Activity Moderate Social Users,1,High Stress Users,Heavy Night Social Media Users | Healthy Lifestyle Users | Low Activity Moderate Social Users | High Stress Users
38,test,1.3,8.0,2.0,1.8,high,2.84,0,Light / Rested Users,0,Healthy Lifestyle Users,2,Moderately Social Users,0,Low Stress Users,Light / Rested Users | Healthy Lifestyle Users | Moderately Social Users | Low Stress Users
742,test,3.2,4.6,2.5,1.8,low,2.62,2,Heavy Night Social Media Users,1,Lifestyle Risk Users,0,Socially Isolated Users,1,High Stress Users,Heavy Night Social Media Users | Lifestyle Risk Users | Socially Isolated Users | High Stress Users
1152,test,7.4,8.6,1.4,1.8,low,2.19,1,Heavy Daytime Social Media Users,1,Lifestyle Risk Users,0,Socially Isolated Users,1,High Stress Users,Heavy Daytime Social Media Users | Lifestyle Risk Users | Socially Isolated Users | High Stress Users
27,test,2.0,7.1,0.9,1.6,high,3.26,0,Light / Rested Users,0,Healthy Lifestyle Users,2,Moderately Social Users,0,Low Stress Users,Light / Rested Users | Healthy Lifestyle Users | Moderately Social Users | Low Stress Users
1791,test,1.6,7.3,1.2,1.1,high,3.19,0,Light / Rested Users,0,Healthy Lifestyle Users,2,Moderately Social Users,0,Low Stress Users,Light / Rested Users | Healthy Lifestyle Users | Moderately Social Users | Low Stress Users
1159,test,7.3,7.8,1.0,0.8,medium,2.91,1,Heavy Daytime Social Media Users,0,Healthy Lifestyle Users,1,Low Activity Moderate Social Users,1,High Stress Users,Heavy Daytime Social Media Users | Healthy Lifestyle Users | Low Activity Moderate Social Users | High Stress Users
1549,test,5.5,6.4,0.8,0.8,low,2.79,1,Heavy Daytime Social Media Users,1,Lifestyle Risk Users,0,Socially Isolated Users,1,High Stress Users,Heavy Daytime Social Media Users | Lifestyle Risk Users | Socially Isolated Users | High Stress Users
1109,test,1.6,8.6,1.4,1.6,medium,2.69,0,Light / Rested Users,0,Healthy Lifestyle Users,2,Moderately Social Users,0,Low Stress Users,Light / Rested Users | Healthy Lifestyle Users | Moderately Social Users | Low Stress Users
2612,test,3.1,5.3,2.7,0.2,high,3.23,2,Heavy Night Social Media Users,1,Lifestyle Risk Users,1,Low Activity Moderate Social Users,0,Low Stress Users,Heavy Night Social Media Users | Lifestyle Risk Users | Low Activity Moderate Social Users | Low Stress Users
1148,test,5.2,7.4,2.5,0.8,low,3.93,2,Heavy Night Social Media Users,0,Healthy Lifestyle Users,0,Socially Isolated Users,0,Low Stress Users,Heavy Night Social Media Users | Healthy Lifestyle Users | Socially Isolated Users | Low Stress Users
478,test,2.7,6.3,0.6,0.3,medium,3.88,0,Light / Rested Users,0,Healthy Lifestyle Users,1,Low Activity Moderate Social Users,0,Low Stress Users,Light / Rested Users | Healthy Lifestyle Users | Low Activity Moderate Social Users | Low Stress Users
724,test,8.0,4.7,0.6,1.8,medium,3.01,1,Heavy Daytime Social Media Users,1,Lifestyle Risk Users,1,Low Activity Moderate Social Users,1,High Stress Users,Heavy Daytime Social Media Users | Lifestyle Risk Users | Low Activity Moderate Social Users | High Stress Users
685,test,2.1,5.8,2.7,1.9,low,3.83,2,Heavy Night Social Media Users,0,Healthy Lifestyle Users,0,Socially Isolated Users,0,Low Stress Users,Heavy Night Social Media Users | Healthy Lifestyle Users | Socially Isolated Users | Low Stress Users
595,test,4.7,8.4,1.9,1.0,high,3.9,0,Light / Rested Users,0,Healthy Lifestyle Users,1,Low Activity Moderate Social Users,0,Low Stress Users,Light / Rested Users | Healthy Lifestyle Users | Low Activity Moderate Social Users | Low Stress Users
771,test,7.6,7.9,3.0,1.2,high,2.54,2,Heavy Night Social Media Users,1,Lifestyle Risk Users,1,Low Activity Moderate Social Users,1,High Stress Users,Heavy Night Social Media Users | Lifestyle Risk Users | Low Activity Moderate Social Users | High Stress Users
2862,test,5.9,6.4,0.8,1.6,high,3.0,1,Heavy Daytime Social Media Users,0,Healthy Lifestyle Users,2,Moderately Social Users,1,High Stress Users,Heavy Daytime Social Media Users | Healthy Lifestyle Users | Moderately Social Users | High Stress Users
2309,test,3.1,7.5,0.7,0.7,medium,3.64,0,Light / Rested Users,0,Healthy Lifestyle Users,2,Moderately Social Users,0,Low Stress Users,Light / Rested Users | Healthy Lifestyle Users | Moderately Social Users | Low Stress Users
457,test,6.3,6.9,1.3,1.4,low,2.15,1,Heavy Daytime Social Media Users,1,Lifestyle Risk Users,0,Socially Isolated Users,1,High Stress Users,Heavy Daytime Social Media Users | Lifestyle Risk Users | Socially Isolated Users | High Stress Users
2052,test,6.7,6.2,0.6,0.0,high,2.52,1,Heavy Daytime Social Media Users,1,Lifestyle Risk Users,1,Low Activity Moderate Social Users,1,High Stress Users,Heavy Daytime Social Media Users | Lifestyle Risk Users | Low Activity Moderate Social Users | High Stress Users
3027,test,7.9,4.0,2.8,1.5,low,2.03,2,Heavy Night Social Media Users,1,Lifestyle Risk Users,0,Socially Isolated Users,1,High Stress Users,Heavy Night Social Media Users | Lifestyle Risk Users | Socially Isolated Users | High Stress Users
134,test,2.6,8.8,1.7,1.0,medium,2.39,0,Light / Rested Users,0,Healthy Lifestyle Users,2,Moderately Social Users,0,Low Stress Users,Light / Rested Users | Healthy Lifestyle Users | Moderately Social Users | Low Stress Users
2351,test,4.4,7.8,0.9,0.6,medium,3.75,0,Light / Rested Users,0,Healthy Lifestyle Users,1,Low Activity Moderate Social Users,0,Low Stress Users,Light / Rested Users | Healthy Lifestyle Users | Low Activity Moderate Social Users | Low Stress Users
677,test,1.1,4.6,2.5,0.3,high,3.93,2,Heavy Night Social Media Users,0,Healthy Lifestyle Users,2,Moderately Social Users,1,High Stress Users,Heavy Night Social Media Users | Healthy Lifestyle Users | Moderately Social Users | High Stress Users
1570,test,1.6,8.0,1.3,1.9,medium,3.53,0,Light / Rested Users,0,Healthy Lifestyle Users,2,Moderately Social Users,0,Low Stress Users,Light / Rested Users | Healthy Lifestyle Users | Moderately Social Users | Low Stress Users
1407,test,3.1,6.4,1.9,0.9,low,2.9,0,Light / Rested Users,0,Healthy Lifestyle Users,0,Socially Isolated Users,0,Low Stress Users,Light / Rested Users | Healthy Lifestyle Users | Socially Isolated Users | Low Stress Users
2512,test,3.9,5.2,2.5,0.4,low,2.67,2,Heavy Night Social Media Users,1,Lifestyle Risk Users,0,Socially Isolated Users,1,High Stress Users,Heavy Night Social Media Users | Lifestyle Risk Users | Socially Isolated Users | High Stress Users
2060,test,2.3,7.3,0.6,1.7,low,3.48,0,Light / Rested Users,0,Healthy Lifestyle Users,0,Socially Isolated Users,0,Low Stress Users,Light / Rested Users | Healthy Lifestyle Users | Socially Isolated Users | Low Stress Users
1062,test,5.8,8.3,2.8,0.6,high,2.63,0,Light / Rested Users,1,Lifestyle Risk Users,1,Low Activity Moderate Social Users,0,Low Stress Users,Light / Rested Users | Lifestyle Risk Users | Low Activity Moderate Social Users | Low Stress Users
2921,test,3.3,6.7,2.1,1.0,high,3.17,0,Light / Rested Users,0,Healthy Lifestyle Users,2,Moderately Social Users,0,Low Stress Users,Light / Rested Users | Healthy Lifestyle Users | Moderately Social Users | Low Stress Users
492,test,4.0,5.0,2.9,0.1,low,3.84,2,Heavy Night Social Media Users,0,Healthy Lifestyle Users,0,Socially Isolated Users,1,High Stress Users,Heavy Night Social Media Users | Healthy Lifestyle Users | Socially Isolated Users | High Stress Users
2925,test,1.2,8.0,1.3,0.6,high,3.7,0,Light / Rested Users,0,Healthy Lifestyle Users,2,Moderately Social Users,0,Low Stress Users,Light / Rested Users | Healthy Lifestyle Users | Moderately Social Users | Low Stress Users
1678,test,1.9,7.7,1.6,1.3,low,3.8,0,Light / Rested Users,0,Healthy Lifestyle Users,0,Socially Isolated Users,0,Low Stress Users,Light / Rested Users | Healthy Lifestyle Users | Socially Isolated Users | Low Stress Users
1717,test,7.9,4.1,1.7,0.6,low,2.0,1,Heavy Daytime Social Media Users,1,Lifestyle Risk Users,0,Socially Isolated Users,1,High Stress Users,Heavy Daytime Social Media Users | Lifestyle Risk Users | Socially Isolated Users | High Stress Users
2397,test,6.3,4.6,2.9,0.8,low,2.43,2,Heavy Night Social Media Users,1,Lifestyle Risk Users,0,Socially Isolated Users,1,High Stress Users,Heavy Night Social Media Users | Lifestyle Risk Users | Socially Isolated Users | High Stress Users
2086,test,7.7,5.2,1.2,1.4,high,2.0,1,Heavy Daytime Social Media Users,1,Lifestyle Risk Users,1,Low Activity Moderate Social Users,1,High Stress Users,Heavy Daytime Social Media Users | Lifestyle Risk Users | Low Activity Moderate Social Users | High Stress Users
203,test,3.5,8.4,1.7,0.1,high,2.46,0,Light / Rested Users,0,Healthy Lifestyle Users,1,Low Activity Moderate Social Users,0,Low Stress Users,Light / Rested Users | Healthy Lifestyle Users | Low Activity Moderate Social Users | Low Stress Users
1877,test,3.8,6.2,1.1,0.0,medium,3.01,1,Heavy Daytime Social Media Users,0,Healthy Lifestyle Users,1,Low Activity Moderate Social Users,0,Low Stress Users,Heavy Daytime Social Media Users | Healthy Lifestyle Users | Low Activity Moderate Social Users | Low Stress Users
1852,test,6.3,5.7,0.7,0.7,high,2.63,1,Heavy Daytime Social Media Users,1,Lifestyle Risk Users,1,Low Activity Moderate Social Users,1,High Stress Users,Heavy Daytime Social Media Users | Lifestyle Risk Users | Low Activity Moderate Social Users | High Stress Users
199,test,1.7,6.3,1.5,1.8,low,2.66,0,Light / Rested Users,0,Healthy Lifestyle Users,0,Socially Isolated Users,0,Low Stress Users,Light / Rested Users | Healthy Lifestyle Users | Socially Isolated Users | Low Stress Users
1260,test,6.6,5.0,1.7,0.3,high,2.38,1,Heavy Daytime Social Media Users,1,Lifestyle Risk Users,1,Low Activity Moderate Social Users,1,High Stress Users,Heavy Daytime Social Media Users | Lifestyle Risk Users | Low Activity Moderate Social Users | High Stress Users
2441,test,3.3,6.5,2.4,1.3,low,2.93,0,Light / Rested Users,0,Healthy Lifestyle Users,0,Socially Isolated Users,0,Low Stress Users,Light / Rested Users | Healthy Lifestyle Users | Socially Isolated Users | Low Stress Users
654,test,4.5,6.2,2.8,0.1,high,2.74,2,Heavy Night Social Media Users,1,Lifestyle Risk Users,1,Low Activity Moderate Social Users,0,Low Stress Users,Heavy Night Social Media Users | Lifestyle Risk Users | Low Activity Moderate Social Users | Low Stress Users
1575,test,2.0,5.6,2.9,0.3,low,3.03,2,Heavy Night Social Media Users,0,Healthy Lifestyle Users,0,Socially Isolated Users,0,Low Stress Users,Heavy Night Social Media Users | Healthy Lifestyle Users | Socially Isolated Users | Low Stress Users
832,test,4.8,7.3,1.9,0.9,high,2.76,0,Light / Rested Users,0,Healthy Lifestyle Users,1,Low Activity Moderate Social Users,0,Low Stress Users,Light / Rested Users | Healthy Lifestyle Users | Low Activity Moderate Social Users | Low Stress Users
3107,test,3.5,5.8,2.7,0.4,high,3.16,2,Heavy Night Social Media Users,1,Lifestyle Risk Users,1,Low Activity Moderate Social Users,1,High Stress Users,Heavy Night Social Media Users | Lifestyle Risk Users | Low Activity Moderate Social Users | High Stress Users
1376,test,1.6,7.6,1.1,0.6,low,3.66,0,Light / Rested Users,0,Healthy Lifestyle Users,0,Socially Isolated Users,0,Low Stress Users,Light / Rested Users | Healthy Lifestyle Users | Socially Isolated Users | Low Stress Users
1803,test,6.7,4.6,2.0,1.3,low,2.14,2,Heavy Night Social Media Users,1,Lifestyle Risk Users,0,Socially Isolated Users,1,High Stress Users,Heavy Night Social Media Users | Lifestyle Risk Users | Socially Isolated Users | High Stress Users
1086,test,5.6,6.8,2.3,1.1,high,2.66,2,Heavy Night Social Media Users,1,Lifestyle Risk Users,1,Low Activity Moderate Social Users,1,High Stress Users,Heavy Night Social Media Users | Lifestyle Risk Users | Low Activity Moderate Social Users | High Stress Users
1648,test,2.3,6.7,2.9,0.5,medium,3.31,0,Light / Rested Users,0,Healthy Lifestyle Users,2,Moderately Social Users,0,Low Stress Users,Light / Rested Users | Healthy Lifestyle Users | Moderately Social Users | Low Stress Users
1552,test,4.3,7.2,0.9,1.6,low,3.59,0,Light / Rested Users,0,Healthy Lifestyle Users,0,Socially Isolated Users,0,Low Stress Users,Light / Rested Users | Healthy Lifestyle Users | Socially Isolated Users | Low Stress Users
520,test,4.8,8.5,2.8,1.3,low,3.77,0,Light / Rested Users,0,Healthy Lifestyle Users,0,Socially Isolated Users,0,Low Stress Users,Light / Rested Users | Healthy Lifestyle Users | Socially Isolated Users | Low Stress Users
648,test,4.8,5.5,1.8,0.6,low,2.9,2,Heavy Night Social Media Users,1,Lifestyle Risk Users,0,Socially Isolated Users,0,Low Stress Users,Heavy Night Social Media Users | Lifestyle Risk Users | Socially Isolated Users | Low Stress Users
613,test,6.5,6.4,1.1,1.2,low,3.71,1,Heavy Daytime Social Media Users,0,Healthy Lifestyle Users,0,Socially Isolated Users,1,High Stress Users,Heavy Daytime Social Media Users | Healthy Lifestyle Users | Socially Isolated Users | High Stress Users
2567,test,1.7,7.5,0.6,0.2,low,3.3,0,Light / Rested Users,0,Healthy Lifestyle Users,0,Socially Isolated Users,0,Low Stress Users,Light / Rested Users | Healthy Lifestyle Users | Socially Isolated Users | Low Stress Users
2595,test,3.0,6.6,1.1,0.8,low,3.12,0,Light / Rested Users,0,Healthy Lifestyle Users,0,Socially Isolated Users,0,Low Stress Users,Light / Rested Users | Healthy Lifestyle Users | Socially Isolated Users | Low Stress Users
2896,test,2.7,7.1,1.1,2.0,high,3.55,0,Light / Rested Users,0,Healthy Lifestyle Users,2,Moderately Social Users,0,Low Stress Users,Light / Rested Users | Healthy Lifestyle Users | Moderately Social Users | Low Stress Users
3247,test,7.6,4.7,1.2,1.1,high,2.51,1,Heavy Daytime Social Media Users,1,Lifestyle Risk Users,1,Low Activity Moderate Social Users,1,High Stress Users,Heavy Daytime Social Media Users | Lifestyle Risk Users | Low Activity Moderate Social Users | High Stress Users
3569,test,2.0,7.0,2.7,1.8,low,3.99,0,Light / Rested Users,0,Healthy Lifestyle Users,0,Socially Isolated Users,0,Low Stress Users,Light / Rested Users | Healthy Lifestyle Users | Socially Isolated Users | Low Stress Users
1348,test,6.9,4.9,1.6,1.5,low,2.16,1,Heavy Daytime Social Media Users,1,Lifestyle Risk Users,0,Socially Isolated Users,1,High Stress Users,Heavy Daytime Social Media Users | Lifestyle Risk Users | Socially Isolated Users | High Stress Users
1771,test,5.0,6.2,1.1,0.9,low,2.67,1,Heavy Daytime Social Media Users,1,Lifestyle Risk Users,0,Socially Isolated Users,1,High Stress Users,Heavy Daytime Social Media Users | Lifestyle Risk Users | Socially Isolated Users | High Stress Users
1965,test,2.0,7.5,2.0,0.1,medium,3.53,0,Light / Rested Users,0,Healthy Lifestyle Users,0,Socially Isolated Users,0,Low Stress Users,Light / Rested Users | Healthy Lifestyle Users | Socially Isolated Users | Low Stress Users
3602,test,3.5,7.7,0.7,0.7,high,3.19,0,Light / Rested Users,0,Healthy Lifestyle Users,1,Low Activity Moderate Social Users,0,Low Stress Users,Light / Rested Users | Healthy Lifestyle Users | Low Activity Moderate Social Users | Low Stress Users
3615,test,2.2,7.2,1.8,1.5,medium,3.35,0,Light / Rested Users,0,Healthy Lifestyle Users,2,Moderately Social Users,0,Low Stress Users,Light / Rested Users | Healthy Lifestyle Users | Moderately Social Users | Low Stress Users
2318,test,7.5,5.0,1.5,0.5,medium,2.21,1,Heavy Daytime Social Media Users,1,Lifestyle Risk Users,1,Low Activity Moderate Social Users,1,High Stress Users,Heavy Daytime Social Media Users | Lifestyle Risk Users | Low Activity Moderate Social Users | High Stress Users
1983,test,3.9,5.6,2.8,1.7,high,3.24,2,Heavy Night Social Media Users,0,Healthy Lifestyle Users,2,Moderately Social Users,0,Low Stress Users,Heavy Night Social Media Users | Healthy Lifestyle Users | Moderately Social Users | Low Stress Users
2363,test,2.4,7.3,1.8,1.0,low,3.94,0,Light / Rested Users,0,Healthy Lifestyle Users,0,Socially Isolated Users,0,Low Stress Users,Light / Rested Users | Healthy Lifestyle Users | Socially Isolated Users | Low Stress Users
1401,test,5.9,5.8,1.7,1.6,low,2.79,1,Heavy Daytime Social Media Users,1,Lifestyle Risk Users,0,Socially Isolated Users,1,High Stress Users,Heavy Daytime Social Media Users | Lifestyle Risk Users | Socially Isolated Users | High Stress Users
2256,test,2.4,6.7,0.5,1.1,high,3.32,0,Light / Rested Users,0,Healthy Lifestyle Users,2,Moderately Social Users,0,Low Stress Users,Light / Rested Users | Healthy Lifestyle Users | Moderately Social Users | Low Stress Users
2994,test,3.1,7.4,1.8,1.8,low,3.44,0,Light / Rested Users,0,Healthy Lifestyle Users,0,Socially Isolated Users,0,Low Stress Users,Light / Rested Users | Healthy Lifestyle Users | Socially Isolated Users | Low Stress Users
2854,test,1.9,8.0,1.1,0.5,medium,3.62,0,Light / Rested Users,0,Healthy Lifestyle Users,2,Moderately Social Users,0,Low Stress Users,Light / Rested Users | Healthy Lifestyle Users | Moderately Social Users | Low Stress Users
1890,test,1.4,6.8,2.8,0.0,low,3.3,0,Light / Rested Users,0,Healthy Lifestyle Users,0,Socially Isolated Users,0,Low Stress Users,Light / Rested Users | Healthy Lifestyle Users | Socially Isolated Users | Low Stress Users
1835,test,5.6,5.8,2.5,0.4,medium,2.82,2,Heavy Night Social Media Users,1,Lifestyle Risk Users,1,Low Activity Moderate Social Users,1,High Stress Users,Heavy Night Social Media Users | Lifestyle Risk Users | Low Activity Moderate Social Users | High Stress Users
3433,test,2.3,7.8,1.4,1.7,medium,3.5,0,Light / Rested Users,0,Healthy Lifestyle Users,2,Moderately Social Users,0,Low Stress Users,Light / Rested Users | Healthy Lifestyle Users | Moderately Social Users | Low Stress Users
2044,test,7.9,5.1,0.7,1.0,high,2.14,1,Heavy Daytime Social Media Users,1,Lifestyle Risk Users,1,Low Activity Moderate Social Users,1,High Stress Users,Heavy Daytime Social Media Users | Lifestyle Risk Users | Low Activity Moderate Social Users | High Stress Users
982,test,7.5,8.6,0.9,1.6,high,2.25,1,Heavy Daytime Social Media Users,1,Lifestyle Risk Users,1,Low Activity Moderate Social Users,1,High Stress Users,Heavy Daytime Social Media Users | Lifestyle Risk Users | Low Activity Moderate Social Users | High Stress Users
1535,test,8.0,4.1,2.6,0.6,low,2.0,2,Heavy Night Social Media Users,1,Lifestyle Risk Users,0,Socially Isolated Users,1,High Stress Users,Heavy Night Social Media Users | Lifestyle Risk Users | Socially Isolated Users | High Stress Users
3513,test,3.7,6.9,1.5,1.8,medium,3.13,0,Light / Rested Users,0,Healthy Lifestyle Users,2,Moderately Social Users,0,Low Stress Users,Light / Rested Users | Healthy Lifestyle Users | Moderately Social Users | Low Stress Users
1092,test,3.8,7.9,1.2,1.6,high,3.24,0,Light / Rested Users,0,Healthy Lifestyle Users,2,Moderately Social Users,1,High Stress Users,Light / Rested Users | Healthy Lifestyle Users | Moderately Social Users | High Stress Users
2534,test,4.4,6.3,2.4,1.2,low,3.02,2,Heavy Night Social Media Users,0,Healthy Lifestyle Users,0,Socially Isolated Users,1,High Stress Users,Heavy Night Social Media Users | Healthy Lifestyle Users | Socially Isolated Users | High Stress Users
3638,test,5.7,5.6,2.1,0.7,medium,2.76,2,Heavy Night Social Media Users,1,Lifestyle Risk Users,1,Low Activity Moderate Social Users,1,High Stress Users,Heavy Night Social Media Users | Lifestyle Risk Users | Low Activity Moderate Social Users | High Stress Users
2836,test,6.2,6.0,1.1,1.6,low,2.77,1,Heavy Daytime Social Media Users,1,Lifestyle Risk Users,0,Socially Isolated Users,1,High Stress Users,Heavy Daytime Social Media Users | Lifestyle Risk Users | Socially Isolated Users | High Stress Users
3343,test,2.7,7.2,1.7,1.8,low,3.73,0,Light / Rested Users,0,Healthy Lifestyle Users,0,Socially Isolated Users,0,Low Stress Users,Light / Rested Users | Healthy Lifestyle Users | Socially Isolated Users | Low Stress Users
2296,test,3.3,7.2,1.1,0.0,high,2.6,0,Light / Rested Users,0,Healthy Lifestyle Users,1,Low Activity Moderate Social Users,0,Low Stress Users,Light / Rested Users | Healthy Lifestyle Users | Low Activity Moderate Social Users | Low Stress Users
3299,test,3.9,7.1,1.6,1.9,low,2.93,0,Light / Rested Users,0,Healthy Lifestyle Users,0,Socially Isolated Users,0,Low Stress Users,Light / Rested Users | Healthy Lifestyle Users | Socially Isolated Users | Low Stress Users
2065,test,7.1,5.4,1.9,1.9,high,2.61,2,Heavy Night Social Media Users,1,Lifestyle Risk Users,2,Moderately Social Users,1,High Stress Users,Heavy Night Social Media Users | Lifestyle Risk Users | Moderately Social Users | High Stress Users
3667,test,3.0,7.5,1.3,1.5,low,3.72,0,Light / Rested Users,0,Healthy Lifestyle Users,0,Socially Isolated Users,0,Low Stress Users,Light / Rested Users | Healthy Lifestyle Users | Socially Isolated Users | Low Stress Users
320,test,7.9,5.5,0.6,1.4,low,3.65,1,Heavy Daytime Social Media Users,1,Lifestyle Risk Users,0,Socially Isolated Users,1,High Stress Users,Heavy Daytime Social Media Users | Lifestyle Risk Users | Socially Isolated Users | High Stress Users
2554,test,2.6,7.8,0.6,0.3,low,3.28,0,Light / Rested Users,0,Healthy Lifestyle Users,0,Socially Isolated Users,0,Low Stress Users,Light / Rested Users | Healthy Lifestyle Users | Socially Isolated Users | Low Stress Users
802,test,6.0,7.2,0.6,1.1,low,2.11,1,Heavy Daytime Social Media Users,1,Lifestyle Risk Users,0,Socially Isolated Users,0,Low Stress Users,Heavy Daytime Social Media Users | Lifestyle Risk Users | Socially Isolated Users | Low Stress Users
3422,test,7.1,5.2,1.2,1.7,high,2.45,1,Heavy Daytime Social Media Users,1,Lifestyle Risk Users,1,Low Activity Moderate Social Users,1,High Stress Users,Heavy Daytime Social Media Users | Lifestyle Risk Users | Low Activity Moderate Social Users | High Stress Users
2344,test,1.3,7.9,2.7,0.1,low,3.62,0,Light / Rested Users,0,Healthy Lifestyle Users,0,Socially Isolated Users,0,Low Stress Users,Light / Rested Users | Healthy Lifestyle Users | Socially Isolated Users | Low Stress Users
3239,test,3.8,5.3,2.9,0.6,high,3.14,2,Heavy Night Social Media Users,1,Lifestyle Risk Users,1,Low Activity Moderate Social Users,1,High Stress Users,Heavy Night Social Media Users | Lifestyle Risk Users | Low Activity Moderate Social Users | High Stress Users
1727,test,3.3,5.6,2.7,0.9,high,2.73,2,Heavy Night Social Media Users,1,Lifestyle Risk Users,2,Moderately Social Users,0,Low Stress Users,Heavy Night Social Media Users | Lifestyle Risk Users | Moderately Social Users | Low Stress Users
1242,test,5.1,5.5,1.2,0.2,low,2.2,1,Heavy Daytime Social Media Users,1,Lifestyle Risk Users,0,Socially Isolated Users,1,High Stress Users,Heavy Daytime Social Media Users | Lifestyle Risk Users | Socially Isolated Users | High Stress Users
1149,test,3.3,6.1,1.2,1.4,low,2.56,0,Light / Rested Users,0,Healthy Lifestyle Users,0,Socially Isolated Users,1,High Stress Users,Light / Rested Users | Healthy Lifestyle Users | Socially Isolated Users | High Stress Users
2079,test,1.9,6.5,0.8,1.7,high,3.92,0,Light / Rested Users,0,Healthy Lifestyle Users,2,Moderately Social Users,0,Low Stress Users,Light / Rested Users | Healthy Lifestyle Users | Moderately Social Users | Low Stress Users
1992,test,6.3,5.3,1.8,1.6,medium,2.44,2,Heavy Night Social Media Users,1,Lifestyle Risk Users,1,Low Activity Moderate Social Users,1,High Stress Users,Heavy Night Social Media Users | Lifestyle Risk Users | Low Activity Moderate Social Users | High Stress Users
2720,test,2.5,7.0,2.1,0.8,low,3.07,0,Light / Rested Users,0,Healthy Lifestyle Users,0,Socially Isolated Users,0,Low Stress Users,Light / Rested Users | Healthy Lifestyle Users | Socially Isolated Users | Low Stress Users
2547,test,7.0,6.1,0.8,1.6,low,2.46,1,Heavy Daytime Social Media Users,1,Lifestyle Risk Users,0,Socially Isolated Users,1,High Stress Users,Heavy Daytime Social Media Users | Lifestyle Risk Users | Socially Isolated Users | High Stress Users
2022,test,8.0,5.6,1.8,2.0,medium,2.0,1,Heavy Daytime Social Media Users,1,Lifestyle Risk Users,1,Low Activity Moderate Social Users,1,High Stress Users,Heavy Daytime Social Media Users | Lifestyle Risk Users | Low Activity Moderate Social Users | High Stress Users
848,test,6.0,5.6,1.1,1.7,medium,2.43,1,Heavy Daytime Social Media Users,1,Lifestyle Risk Users,2,Moderately Social Users,0,Low Stress Users,Heavy Daytime Social Media Users | Lifestyle Risk Users | Moderately Social Users | Low Stress Users
2596,test,7.7,4.3,2.9,0.6,low,2.0,2,Heavy Night Social Media Users,1,Lifestyle Risk Users,0,Socially Isolated Users,1,High Stress Users,Heavy Night Social Media Users | Lifestyle Risk Users | Socially Isolated Users | High Stress Users
3285,test,4.6,7.7,0.5,0.9,high,3.32,0,Light / Rested Users,0,Healthy Lifestyle Users,1,Low Activity Moderate Social Users,0,Low Stress Users,Light / Rested Users | Healthy Lifestyle Users | Low Activity Moderate Social Users | Low Stress Users
2426,test,7.3,5.6,1.0,0.7,medium,2.31,1,Heavy Daytime Social Media Users,1,Lifestyle Risk Users,1,Low Activity Moderate Social Users,1,High Stress Users,Heavy Daytime Social Media Users | Lifestyle Risk Users | Low Activity Moderate Social Users | High Stress Users
2321,test,2.3,6.8,2.0,0.1,medium,2.94,0,Light / Rested Users,0,Healthy Lifestyle Users,1,Low Activity Moderate Social Users,0,Low Stress Users,Light / Rested Users | Healthy Lifestyle Users | Low Activity Moderate Social Users | Low Stress Users
3141,test,1.1,7.8,1.1,0.7,low,3.87,0,Light / Rested Users,0,Healthy Lifestyle Users,0,Socially Isolated Users,0,Low Stress Users,Light / Rested Users | Healthy Lifestyle Users | Socially Isolated Users | Low Stress Users
994,test,3.5,5.8,1.2,1.5,medium,2.44,1,Heavy Daytime Social Media Users,1,Lifestyle Risk Users,2,Moderately Social Users,0,Low Stress Users,Heavy Daytime Social Media Users | Lifestyle Risk Users | Moderately Social Users | Low Stress Users
1216,test,2.1,7.5,0.8,1.3,high,3.58,0,Light / Rested Users,0,Healthy Lifestyle Users,2,Moderately Social Users,0,Low Stress Users,Light / Rested Users | Healthy Lifestyle Users | Moderately Social Users | Low Stress Users
1664,test,4.9,5.4,2.8,1.0,medium,2.83,2,Heavy Night Social Media Users,1,Lifestyle Risk Users,1,Low Activity Moderate Social Users,1,High Stress Users,Heavy Night Social Media Users | Lifestyle Risk Users | Low Activity Moderate Social Users | High Stress Users
2966,test,7.4,4.0,2.8,1.7,medium,2.26,2,Heavy Night Social Media Users,1,Lifestyle Risk Users,1,Low Activity Moderate Social Users,1,High Stress Users,Heavy Night Social Media Users | Lifestyle Risk Users | Low Activity Moderate Social Users | High Stress Users
1184,test,1.4,4.5,2.3,0.0,medium,3.9,2,Heavy Night Social Media Users,0,Healthy Lifestyle Users,0,Socially Isolated Users,0,Low Stress Users,Heavy Night Social Media Users | Healthy Lifestyle Users | Socially Isolated Users | Low Stress Users
2412,test,1.1,7.0,3.0,1.0,medium,3.36,0,Light / Rested Users,0,Healthy Lifestyle Users,2,Moderately Social Users,0,Low Stress Users,Light / Rested Users | Healthy Lifestyle Users | Moderately Social Users | Low Stress Users
3547,test,3.1,7.1,1.5,0.1,low,2.94,0,Light / Rested Users,0,Healthy Lifestyle Users,0,Socially Isolated Users,0,Low Stress Users,Light / Rested Users | Healthy Lifestyle Users | Socially Isolated Users | Low Stress Users
3522,test,6.2,6.3,0.6,1.5,high,2.85,1,Heavy Daytime Social Media Users,1,Lifestyle Risk Users,1,Low Activity Moderate Social Users,1,High Stress Users,Heavy Daytime Social Media Users | Lifestyle Risk Users | Low Activity Moderate Social Users | High Stress Users
2409,test,4.9,6.5,1.7,1.1,high,2.84,1,Heavy Daytime Social Media Users,1,Lifestyle Risk Users,1,Low Activity Moderate Social Users,1,High Stress Users,Heavy Daytime Social Media Users | Lifestyle Risk Users | Low Activity Moderate Social Users | High Stress Users
1353,test,5.8,6.6,0.7,0.9,low,2.65,1,Heavy Daytime Social Media Users,1,Lifestyle Risk Users,0,Socially Isolated Users,1,High Stress Users,Heavy Daytime Social Media Users | Lifestyle Risk Users | Socially Isolated Users | High Stress Users
2009,test,1.8,8.8,0.5,1.1,high,3.48,0,Light / Rested Users,0,Healthy Lifestyle Users,2,Moderately Social Users,0,Low Stress Users,Light / Rested Users | Healthy Lifestyle Users | Moderately Social Users | Low Stress Users
2354,test,4.6,6.2,0.9,0.2,medium,2.47,1,Heavy Daytime Social Media Users,1,Lifestyle Risk Users,1,Low Activity Moderate Social Users,1,High Stress Users,Heavy Daytime Social Media Users | Lifestyle Risk Users | Low Activity Moderate Social Users | High Stress Users
2939,test,2.3,7.0,2.9,1.0,high,3.54,0,Light / Rested Users,0,Healthy Lifestyle Users,2,Moderately Social Users,0,Low Stress Users,Light / Rested Users | Healthy Lifestyle Users | Moderately Social Users | Low Stress Users
2185,test,7.8,5.1,2.2,0.1,low,2.26,2,Heavy Night Social Media Users,1,Lifestyle Risk Users,0,Socially Isolated Users,1,High Stress Users,Heavy Night Social Media Users | Lifestyle Risk Users | Socially Isolated Users | High Stress Users
2662,test,1.1,7.5,2.7,1.9,low,3.67,0,Light / Rested Users,0,Healthy Lifestyle Users,2,Moderately Social Users,0,Low Stress Users,Light / Rested Users | Healthy Lifestyle Users | Moderately Social Users | Low Stress Users
2869,test,3.2,5.7,2.7,0.8,low,3.17,2,Heavy Night Social Media Users,0,Healthy Lifestyle Users,0,Socially Isolated Users,0,Low Stress Users,Heavy Night Social Media Users | Healthy Lifestyle Users | Socially Isolated Users | Low Stress Users
1452,test,4.7,7.5,0.7,0.5,medium,3.01,1,Heavy Daytime Social Media Users,0,Healthy Lifestyle Users,1,Low Activity Moderate Social Users,1,High Stress Users,Heavy Daytime Social Media Users | Healthy Lifestyle Users | Low Activity Moderate Social Users | High Stress Users
638,test,6.2,5.2,1.0,1.4,low,3.94,1,Heavy Daytime Social Media Users,0,Healthy Lifestyle Users,0,Socially Isolated Users,1,High Stress Users,Heavy Daytime Social Media Users | Healthy Lifestyle Users | Socially Isolated Users | High Stress Users
1443,test,5.2,6.5,2.7,0.6,high,3.12,2,Heavy Night Social Media Users,1,Lifestyle Risk Users,1,Low Activity Moderate Social Users,1,High Stress Users,Heavy Night Social Media Users | Lifestyle Risk Users | Low Activity Moderate Social Users | High Stress Users
3267,test,5.7,6.1,1.1,1.6,low,2.6,1,Heavy Daytime Social Media Users,1,Lifestyle Risk Users,0,Socially Isolated Users,1,High Stress Users,Heavy Daytime Social Media Users | Lifestyle Risk Users | Socially Isolated Users | High Stress Users
2833,test,6.8,5.0,2.5,1.1,medium,2.18,2,Heavy Night Social Media Users,1,Lifestyle Risk Users,1,Low Activity Moderate Social Users,1,High Stress Users,Heavy Night Social Media Users | Lifestyle Risk Users | Low Activity Moderate Social Users | High Stress Users
689,test,1.7,4.3,1.4,1.2,medium,3.27,2,Heavy Night Social Media Users,0,Healthy Lifestyle Users,2,Moderately Social Users,1,High Stress Users,Heavy Night Social Media Users | Healthy Lifestyle Users | Moderately Social Users | High Stress Users
1917,test,6.3,4.8,2.2,0.7,medium,2.15,2,Heavy Night Social Media Users,1,Lifestyle Risk Users,1,Low Activity Moderate Social Users,1,High Stress Users,Heavy Night Social Media Users | Lifestyle Risk Users | Low Activity Moderate Social Users | High Stress Users
530,test,6.7,7.9,1.4,0.4,high,3.91,1,Heavy Daytime Social Media Users,0,Healthy Lifestyle Users,1,Low Activity Moderate Social Users,0,Low Stress Users,Heavy Daytime Social Media Users | Healthy Lifestyle Users | Low Activity Moderate Social Users | Low Stress Users
2183,test,7.5,4.6,1.4,1.3,high,2.19,1,Heavy Daytime Social Media Users,1,Lifestyle Risk Users,1,Low Activity Moderate Social Users,1,High Stress Users,Heavy Daytime Social Media Users | Lifestyle Risk Users | Low Activity Moderate Social Users | High Stress Users
2455,test,7.2,5.4,2.4,0.5,low,2.12,2,Heavy Night Social Media Users,1,Lifestyle Risk Users,0,Socially Isolated Users,1,High Stress Users,Heavy Night Social Media Users | Lifestyle Risk Users | Socially Isolated Users | High Stress Users
1023,test,3.7,7.6,1.2,1.0,medium,3.2,0,Light / Rested Users,0,Healthy Lifestyle Users,2,Moderately Social Users,0,Low Stress Users,Light / Rested Users | Healthy Lifestyle Users | Moderately Social Users | Low Stress Users
2477,test,3.7,6.9,1.4,1.8,low,3.31,0,Light / Rested Users,0,Healthy Lifestyle Users,0,Socially Isolated Users,0,Low Stress Users,Light / Rested Users | Healthy Lifestyle Users | Socially Isolated Users | Low Stress Users
2690,test,2.9,6.7,1.5,0.1,medium,2.9,0,Light / Rested Users,0,Healthy Lifestyle Users,1,Low Activity Moderate Social Users,0,Low Stress Users,Light / Rested Users | Healthy Lifestyle Users | Low Activity Moderate Social Users | Low Stress Users
16,test,1.5,4.2,1.4,0.5,high,2.59,2,Heavy Night Social Media Users,1,Lifestyle Risk Users,2,Moderately Social Users,0,Low Stress Users,Heavy Night Social Media Users | Lifestyle Risk Users | Moderately Social Users | Low Stress Users
2614,test,7.6,5.3,1.6,1.1,high,2.0,1,Heavy Daytime Social Media Users,1,Lifestyle Risk Users,1,Low Activity Moderate Social Users,1,High Stress Users,Heavy Daytime Social Media Users | Lifestyle Risk Users | Low Activity Moderate Social Users | High Stress Users
3235,test,3.2,6.6,2.1,1.3,medium,3.04,0,Light / Rested Users,0,Healthy Lifestyle Users,2,Moderately Social Users,0,Low Stress Users,Light / Rested Users | Healthy Lifestyle Users | Moderately Social Users | Low Stress Users
2850,test,1.5,6.9,1.5,0.2,low,3.42,0,Light / Rested Users,0,Healthy Lifestyle Users,0,Socially Isolated Users,0,Low Stress Users,Light / Rested Users | Healthy Lifestyle Users | Socially Isolated Users | Low Stress Users
147,test,3.8,5.7,1.3,1.6,medium,3.84,1,Heavy Daytime Social Media Users,0,Healthy Lifestyle Users,2,Moderately Social Users,0,Low Stress Users,Heavy Daytime Social Media Users | Healthy Lifestyle Users | Moderately Social Users | Low Stress Users
1302,test,6.8,6.0,1.0,2.0,high,3.14,1,Heavy Daytime Social Media Users,1,Lifestyle Risk Users,2,Moderately Social Users,1,High Stress Users,Heavy Daytime Social Media Users | Lifestyle Risk Users | Moderately Social Users | High Stress Users
3,test,7.4,6.9,1.6,0.8,medium,3.48,1,Heavy Daytime Social Media Users,0,Healthy Lifestyle Users,1,Low Activity Moderate Social Users,0,Low Stress Users,Heavy Daytime Social Media Users | Healthy Lifestyle Users | Low Activity Moderate Social Users | Low Stress Users
2681,test,7.7,5.6,1.2,0.0,high,2.15,1,Heavy Daytime Social Media Users,1,Lifestyle Risk Users,1,Low Activity Moderate Social Users,1,High Stress Users,Heavy Daytime Social Media Users | Lifestyle Risk Users | Low Activity Moderate Social Users | High Stress Users
3606,test,3.9,5.8,1.3,0.6,medium,2.87,1,Heavy Daytime Social Media Users,1,Lifestyle Risk Users,1,Low Activity Moderate Social Users,1,High Stress Users,Heavy Daytime Social Media Users | Lifestyle Risk Users | Low Activity Moderate Social Users | High Stress Users
1618,test,2.5,5.7,2.9,1.1,high,3.35,2,Heavy Night Social Media Users,0,Healthy Lifestyle Users,2,Moderately Social Users,0,Low Stress Users,Heavy Night Social Media Users | Healthy Lifestyle Users | Moderately Social Users | Low Stress Users
2462,test,7.5,4.5,1.7,0.0,medium,2.12,1,Heavy Daytime Social Media Users,1,Lifestyle Risk Users,1,Low Activity Moderate Social Users,1,High Stress Users,Heavy Daytime Social Media Users | Lifestyle Risk Users | Low Activity Moderate Social Users | High Stress Users
1789,test,2.2,7.0,1.1,1.6,high,3.35,0,Light / Rested Users,0,Healthy Lifestyle Users,2,Moderately Social Users,0,Low Stress Users,Light / Rested Users | Healthy Lifestyle Users | Moderately Social Users | Low Stress Users
2722,test,7.7,5.0,0.9,0.1,low,2.07,1,Heavy Daytime Social Media Users,1,Lifestyle Risk Users,0,Socially Isolated Users,1,High Stress Users,Heavy Daytime Social Media Users | Lifestyle Risk Users | Socially Isolated Users | High Stress Users
872,test,4.7,8.2,2.3,0.6,low,3.35,0,Light / Rested Users,0,Healthy Lifestyle Users,0,Socially Isolated Users,0,Low Stress Users,Light / Rested Users | Healthy Lifestyle Users | Socially Isolated Users | Low Stress Users
809,test,3.9,4.8,0.8,0.3,high,3.32,1,Heavy Daytime Social Media Users,1,Lifestyle Risk Users,1,Low Activity Moderate Social Users,0,Low Stress Users,Heavy Daytime Social Media Users | Lifestyle Risk Users | Low Activity Moderate Social Users | Low Stress Users
2238,test,6.2,5.8,1.1,1.5,low,2.61,1,Heavy Daytime Social Media Users,1,Lifestyle Risk Users,0,Socially Isolated Users,1,High Stress Users,Heavy Daytime Social Media Users | Lifestyle Risk Users | Socially Isolated Users | High Stress Users
2475,test,6.2,4.7,1.5,0.1,high,2.34,1,Heavy Daytime Social Media Users,1,Lifestyle Risk Users,1,Low Activity Moderate Social Users,1,High Stress Users,Heavy Daytime Social Media Users | Lifestyle Risk Users | Low Activity Moderate Social Users | High Stress Users
1459,test,3.8,6.8,2.1,1.2,medium,3.32,0,Light / Rested Users,0,Healthy Lifestyle Users,2,Moderately Social Users,0,Low Stress Users,Light / Rested Users | Healthy Lifestyle Users | Moderately Social Users | Low Stress Users
282,test,3.5,6.7,2.7,1.2,low,3.4,2,Heavy Night Social Media Users,0,Healthy Lifestyle Users,0,Socially Isolated Users,0,Low Stress Users,Heavy Night Social Media Users | Healthy Lifestyle Users | Socially Isolated Users | Low Stress Users
2861,test,6.8,6.4,1.0,1.8,low,2.64,1,Heavy Daytime Social Media Users,1,Lifestyle Risk Users,0,Socially Isolated Users,1,High Stress Users,Heavy Daytime Social Media Users | Lifestyle Risk Users | Socially Isolated Users | High Stress Users
2502,test,3.5,6.3,2.4,0.9,low,3.27,2,Heavy Night Social Media Users,0,Healthy Lifestyle Users,0,Socially Isolated Users,0,Low Stress Users,Heavy Night Social Media Users | Healthy Lifestyle Users | Socially Isolated Users | Low Stress Users
11,test,4.9,4.7,2.5,1.2,low,3.92,2,Heavy Night Social Media Users,0,Healthy Lifestyle Users,0,Socially Isolated Users,1,High Stress Users,Heavy Night Social Media Users | Healthy Lifestyle Users | Socially Isolated Users | High Stress Users
3172,test,2.3,6.6,2.3,0.2,high,3.34,0,Light / Rested Users,0,Healthy Lifestyle Users,1,Low Activity Moderate Social Users,0,Low Stress Users,Light / Rested Users | Healthy Lifestyle Users | Low Activity Moderate Social Users | Low Stress Users
1002,test,5.0,6.3,1.5,1.1,high,2.67,1,Heavy Daytime Social Media Users,1,Lifestyle Risk Users,1,Low Activity Moderate Social Users,0,Low Stress Users,Heavy Daytime Social Media Users | Lifestyle Risk Users | Low Activity Moderate Social Users | Low Stress Users
192,test,5.4,5.6,1.8,0.9,low,3.01,2,Heavy Night Social Media Users,1,Lifestyle Risk Users,0,Socially Isolated Users,1,High Stress Users,Heavy Night Social Media Users | Lifestyle Risk Users | Socially Isolated Users | High Stress Users
3326,test,4.5,6.2,1.4,1.7,low,2.78,1,Heavy Daytime Social Media Users,0,Healthy Lifestyle Users,0,Socially Isolated Users,1,High Stress Users,Heavy Daytime Social Media Users | Healthy Lifestyle Users | Socially Isolated Users | High Stress Users
942,test,2.6,7.9,1.8,0.5,medium,3.91,0,Light / Rested Users,0,Healthy Lifestyle Users,0,Socially Isolated Users,0,Low Stress Users,Light / Rested Users | Healthy Lifestyle Users | Socially Isolated Users | Low Stress Users
2559,test,7.9,5.2,1.6,1.9,low,2.66,1,Heavy Daytime Social Media Users,1,Lifestyle Risk Users,0,Socially Isolated Users,1,High Stress Users,Heavy Daytime Social Media Users | Lifestyle Risk Users | Socially Isolated Users | High Stress Users
2196,test,3.6,6.8,1.0,0.8,medium,3.25,0,Light / Rested Users,0,Healthy Lifestyle Users,2,Moderately Social Users,0,Low Stress Users,Light / Rested Users | Healthy Lifestyle Users | Moderately Social Users | Low Stress Users
1042,test,4.2,5.5,1.8,1.9,low,3.83,2,Heavy Night Social Media Users,0,Healthy Lifestyle Users,0,Socially Isolated Users,1,High Stress Users,Heavy Night Social Media Users | Healthy Lifestyle Users | Socially Isolated Users | High Stress Users
2015,test,4.6,6.5,2.0,1.2,medium,3.32,2,Heavy Night Social Media Users,0,Healthy Lifestyle Users,2,Moderately Social Users,1,High Stress Users,Heavy Night Social Media Users | Healthy Lifestyle Users | Moderately Social Users | High Stress Users
2373,test,1.3,7.4,0.8,0.6,low,3.44,0,Light / Rested Users,0,Healthy Lifestyle Users,0,Socially Isolated Users,0,Low Stress Users,Light / Rested Users | Healthy Lifestyle Users | Socially Isolated Users | Low Stress Users
2695,test,3.5,5.8,2.2,0.3,low,2.56,2,Heavy Night Social Media Users,1,Lifestyle Risk Users,0,Socially Isolated Users,1,High Stress Users,Heavy Night Social Media Users | Lifestyle Risk Users | Socially Isolated Users | High Stress Users
2941,test,6.7,5.2,1.6,1.3,high,2.34,1,Heavy Daytime Social Media Users,1,Lifestyle Risk Users,1,Low Activity Moderate Social Users,1,High Stress Users,Heavy Daytime Social Media Users | Lifestyle Risk Users | Low Activity Moderate Social Users | High Stress Users
226,test,3.8,5.3,1.0,1.2,low,2.28,1,Heavy Daytime Social Media Users,1,Lifestyle Risk Users,0,Socially Isolated Users,1,High Stress Users,Heavy Daytime Social Media Users | Lifestyle Risk Users | Socially Isolated Users | High Stress Users
3187,test,2.5,7.3,1.8,1.3,medium,3.4,0,Light / Rested Users,0,Healthy Lifestyle Users,2,Moderately Social Users,0,Low Stress Users,Light / Rested Users | Healthy Lifestyle Users | Moderately Social Users | Low Stress Users
1546,test,1.4,8.8,1.1,0.1,medium,4.0,0,Light / Rested Users,0,Healthy Lifestyle Users,0,Socially Isolated Users,0,Low Stress Users,Light / Rested Users | Healthy Lifestyle Users | Socially Isolated Users | Low Stress Users
765,test,4.1,7.5,2.7,1.6,high,2.66,0,Light / Rested Users,0,Healthy Lifestyle Users,2,Moderately Social Users,1,High Stress Users,Light / Rested Users | Healthy Lifestyle Users | Moderately Social Users | High Stress Users
2451,test,1.1,7.1,2.7,1.3,medium,3.71,0,Light / Rested Users,0,Healthy Lifestyle Users,2,Moderately Social Users,0,Low Stress Users,Light / Rested Users | Healthy Lifestyle Users | Moderately Social Users | Low Stress Users
743,test,3.1,6.4,1.6,0.9,medium,3.69,0,Light / Rested Users,0,Healthy Lifestyle Users,2,Moderately Social Users,0,Low Stress Users,Light / Rested Users | Healthy Lifestyle Users | Moderately Social Users | Low Stress Users
3464,test,6.6,5.4,2.0,0.9,medium,2.0,2,Heavy Night Social Media Users,1,Lifestyle Risk Users,1,Low Activity Moderate Social Users,1,High Stress Users,Heavy Night Social Media Users | Lifestyle Risk Users | Low Activity Moderate Social Users | High Stress Users
605,test,5.2,8.1,2.1,1.7,medium,2.67,0,Light / Rested Users,0,Healthy Lifestyle Users,2,Moderately Social Users,1,High Stress Users,Light / Rested Users | Healthy Lifestyle Users | Moderately Social Users | High Stress Users
1588,test,6.5,5.2,1.3,1.2,low,2.16,1,Heavy Daytime Social Media Users,1,Lifestyle Risk Users,0,Socially Isolated Users,1,High Stress Users,Heavy Daytime Social Media Users | Lifestyle Risk Users | Socially Isolated Users | High Stress Users
1178,test,3.5,4.9,0.5,1.7,high,3.68,1,Heavy Daytime Social Media Users,0,Healthy Lifestyle Users,2,Moderately Social Users,1,High Stress Users,Heavy Daytime Social Media Users | Healthy Lifestyle Users | Moderately Social Users | High Stress Users
1087,test,4.6,4.3,2.9,0.6,medium,2.95,2,Heavy Night Social Media Users,1,Lifestyle Risk Users,1,Low Activity Moderate Social Users,1,High Stress Users,Heavy Night Social Media Users | Lifestyle Risk Users | Low Activity Moderate Social Users | High Stress Users
3210,test,3.3,6.2,2.0,0.6,medium,3.12,0,Light / Rested Users,0,Healthy Lifestyle Users,1,Low Activity Moderate Social Users,0,Low Stress Users,Light / Rested Users | Healthy Lifestyle Users | Low Activity Moderate Social Users | Low Stress Users
2733,test,5.9,4.9,2.7,0.3,high,2.07,2,Heavy Night Social Media Users,1,Lifestyle Risk Users,1,Low Activity Moderate Social Users,1,High Stress Users,Heavy Night Social Media Users | Lifestyle Risk Users | Low Activity Moderate Social Users | High Stress Users
813,test,6.6,6.8,0.8,1.5,low,2.64,1,Heavy Daytime Social Media Users,1,Lifestyle Risk Users,0,Socially Isolated Users,0,Low Stress Users,Heavy Daytime Social Media Users | Lifestyle Risk Users | Socially Isolated Users | Low Stress Users
1957,test,5.8,6.1,1.0,0.8,high,2.7,1,Heavy Daytime Social Media Users,1,Lifestyle Risk Users,1,Low Activity Moderate Social Users,1,High Stress Users,Heavy Daytime Social Media Users | Lifestyle Risk Users | Low Activity Moderate Social Users | High Stress Users
3594,test,7.5,4.4,2.3,2.0,high,2.2,2,Heavy Night Social Media Users,1,Lifestyle Risk Users,1,Low Activity Moderate Social Users,1,High Stress Users,Heavy Night Social Media Users | Lifestyle Risk Users | Low Activity Moderate Social Users | High Stress Users
2845,test,5.9,6.0,1.7,0.7,high,2.21,1,Heavy Daytime Social Media Users,1,Lifestyle Risk Users,1,Low Activity Moderate Social Users,1,High Stress Users,Heavy Daytime Social Media Users | Lifestyle Risk Users | Low Activity Moderate Social Users | High Stress Users
4,test,4.7,4.9,3.0,1.4,medium,2.37,2,Heavy Night Social Media Users,1,Lifestyle Risk Users,2,Moderately Social Users,1,High Stress Users,Heavy Night Social Media Users | Lifestyle Risk Users | Moderately Social Users | High Stress Users
3363,test,2.7,7.4,1.7,0.3,low,3.04,0,Light / Rested Users,0,Healthy Lifestyle Users,0,Socially Isolated Users,0,Low Stress Users,Light / Rested Users | Healthy Lifestyle Users | Socially Isolated Users | Low Stress Users
1829,test,7.5,5.2,2.7,1.3,medium,2.0,2,Heavy Night Social Media Users,1,Lifestyle Risk Users,1,Low Activity Moderate Social Users,1,High Stress Users,Heavy Night Social Media Users | Lifestyle Risk Users | Low Activity Moderate Social Users | High Stress Users
1517,test,5.9,6.0,1.1,0.6,high,2.06,1,Heavy Daytime Social Media Users,1,Lifestyle Risk Users,1,Low Activity Moderate Social Users,1,High Stress Users,Heavy Daytime Social Media Users | Lifestyle Risk Users | Low Activity Moderate Social Users | High Stress Users
3088,test,3.9,6.2,1.8,0.7,low,3.09,0,Light / Rested Users,0,Healthy Lifestyle Users,0,Socially Isolated Users,0,Low Stress Users,Light / Rested Users | Healthy Lifestyle Users | Socially Isolated Users | Low Stress Users
1334,test,1.1,7.0,2.3,0.2,medium,3.86,0,Light / Rested Users,0,Healthy Lifestyle Users,2,Moderately Social Users,0,Low Stress Users,Light / Rested Users | Healthy Lifestyle Users | Moderately Social Users | Low Stress Users
3486,test,3.4,7.1,1.8,0.2,low,3.37,0,Light / Rested Users,0,Healthy Lifestyle Users,0,Socially Isolated Users,0,Low Stress Users,Light / Rested Users | Healthy Lifestyle Users | Socially Isolated Users | Low Stress Users
2113,test,4.8,5.7,1.4,1.9,low,3.12,1,Heavy Daytime Social Media Users,0,Healthy Lifestyle Users,0,Socially Isolated Users,0,Low Stress Users,Heavy Daytime Social Media Users | Healthy Lifestyle Users | Socially Isolated Users | Low Stress Users
2697,test,4.4,5.9,0.8,1.3,low,3.0,1,Heavy Daytime Social Media Users,0,Healthy Lifestyle Users,0,Socially Isolated Users,0,Low Stress Users,Heavy Daytime Social Media Users | Healthy Lifestyle Users | Socially Isolated Users | Low Stress Users
704,test,3.1,4.2,2.1,1.1,medium,3.21,2,Heavy Night Social Media Users,1,Lifestyle Risk Users,2,Moderately Social Users,1,High Stress Users,Heavy Night Social Media Users | Lifestyle Risk Users | Moderately Social Users | High Stress Users
1412,test,5.4,5.8,1.8,0.4,high,2.33,1,Heavy Daytime Social Media Users,1,Lifestyle Risk Users,1,Low Activity Moderate Social Users,1,High Stress Users,Heavy Daytime Social Media Users | Lifestyle Risk Users | Low Activity Moderate Social Users | High Stress Users
1637,test,5.0,4.6,2.8,1.2,low,2.65,2,Heavy Night Social Media Users,1,Lifestyle Risk Users,0,Socially Isolated Users,1,High Stress Users,Heavy Night Social Media Users | Lifestyle Risk Users | Socially Isolated Users | High Stress Users
120,test,2.4,4.1,0.8,1.1,medium,2.79,1,Heavy Daytime Social Media Users,1,Lifestyle Risk Users,2,Moderately Social Users,1,High Stress Users,Heavy Daytime Social Media Users | Lifestyle Risk Users | Moderately Social Users | High Stress Users
1185,test,2.4,9.0,2.4,0.5,high,3.13,0,Light / Rested Users,0,Healthy Lifestyle Users,2,Moderately Social Users,0,Low Stress Users,Light / Rested Users | Healthy Lifestyle Users | Moderately Social Users | Low Stress Users
1188,test,7.4,7.4,2.0,1.7,high,3.76,1,Heavy Daytime Social Media Users,0,Healthy Lifestyle Users,1,Low Activity Moderate Social Users,1,High Stress Users,Heavy Daytime Social Media Users | Healthy Lifestyle Users | Low Activity Moderate Social Users | High Stress Users
2516,test,5.6,6.1,1.0,0.3,medium,2.41,1,Heavy Daytime Social Media Users,1,Lifestyle Risk Users,1,Low Activity Moderate Social Users,1,High Stress Users,Heavy Daytime Social Media Users | Lifestyle Risk Users | Low Activity Moderate Social Users | High Stress Users
3105,test,5.5,6.3,0.8,1.3,low,2.86,1,Heavy Daytime Social Media Users,1,Lifestyle Risk Users,0,Socially Isolated Users,1,High Stress Users,Heavy Daytime Social Media Users | Lifestyle Risk Users | Socially Isolated Users | High Stress Users
2598,test,5.1,6.2,1.9,0.5,high,2.99,2,Heavy Night Social Media Users,1,Lifestyle Risk Users,1,Low Activity Moderate Social Users,1,High Stress Users,Heavy Night Social Media Users | Lifestyle Risk Users | Low Activity Moderate Social Users | High Stress Users
3021,test,6.8,6.5,0.6,1.3,medium,2.81,1,Heavy Daytime Social Media Users,1,Lifestyle Risk Users,1,Low Activity Moderate Social Users,1,High Stress Users,Heavy Daytime Social Media Users | Lifestyle Risk Users | Low Activity Moderate Social Users | High Stress Users
2791,test,7.1,5.8,2.1,0.4,medium,2.1,2,Heavy Night Social Media Users,1,Lifestyle Risk Users,1,Low Activity Moderate Social Users,1,High Stress Users,Heavy Night Social Media Users | Lifestyle Risk Users | Low Activity Moderate Social Users | High Stress Users
2698,test,3.2,6.9,1.5,1.7,high,3.76,0,Light / Rested Users,0,Healthy Lifestyle Users,2,Moderately Social Users,0,Low Stress Users,Light / Rested Users | Healthy Lifestyle Users | Moderately Social Users | Low Stress Users
1396,test,3.8,7.3,1.4,1.9,medium,3.54,0,Light / Rested Users,0,Healthy Lifestyle Users,2,Moderately Social Users,0,Low Stress Users,Light / Rested Users | Healthy Lifestyle Users | Moderately Social Users | Low Stress Users
2653,test,4.4,5.8,1.8,0.5,low,2.56,2,Heavy Night Social Media Users,1,Lifestyle Risk Users,0,Socially Isolated Users,1,High Stress Users,Heavy Night Social Media Users | Lifestyle Risk Users | Socially Isolated Users | High Stress Users
155,test,7.6,7.6,2.7,1.2,medium,2.36,2,Heavy Night Social Media Users,1,Lifestyle Risk Users,1,Low Activity Moderate Social Users,1,High Stress Users,Heavy Night Social Media Users | Lifestyle Risk Users | Low Activity Moderate Social Users | High Stress Users
904,test,4.0,8.2,1.4,1.3,low,3.63,0,Light / Rested Users,0,Healthy Lifestyle Users,0,Socially Isolated Users,0,Low Stress Users,Light / Rested Users | Healthy Lifestyle Users | Socially Isolated Users | Low Stress Users
2120,test,7.7,5.1,1.5,0.1,high,2.0,1,Heavy Daytime Social Media Users,1,Lifestyle Risk Users,1,Low Activity Moderate Social Users,1,High Stress Users,Heavy Daytime Social Media Users | Lifestyle Risk Users | Low Activity Moderate Social Users | High Stress Users
264,test,4.4,4.3,0.8,1.0,high,2.44,1,Heavy Daytime Social Media Users,1,Lifestyle Risk Users,1,Low Activity Moderate Social Users,1,High Stress Users,Heavy Daytime Social Media Users | Lifestyle Risk Users | Low Activity Moderate Social Users | High Stress Users
1221,test,1.6,7.2,2.3,0.8,medium,3.23,0,Light / Rested Users,0,Healthy Lifestyle Users,2,Moderately Social Users,0,Low Stress Users,Light / Rested Users | Healthy Lifestyle Users | Moderately Social Users | Low Stress Users
3140,test,4.6,6.3,0.8,0.2,high,2.93,1,Heavy Daytime Social Media Users,0,Healthy Lifestyle Users,1,Low Activity Moderate Social Users,1,High Stress Users,Heavy Daytime Social Media Users | Healthy Lifestyle Users | Low Activity Moderate Social Users | High Stress Users
1963,test,6.4,6.5,1.1,1.8,low,2.99,1,Heavy Daytime Social Media Users,1,Lifestyle Risk Users,0,Socially Isolated Users,1,High Stress Users,Heavy Daytime Social Media Users | Lifestyle Risk Users | Socially Isolated Users | High Stress Users
2489,test,7.6,6.0,0.6,0.7,low,2.12,1,Heavy Daytime Social Media Users,1,Lifestyle Risk Users,0,Socially Isolated Users,1,High Stress Users,Heavy Daytime Social Media Users | Lifestyle Risk Users | Socially Isolated Users | High Stress Users
3468,test,2.0,7.6,1.0,0.1,low,3.74,0,Light / Rested Users,0,Healthy Lifestyle Users,0,Socially Isolated Users,0,Low Stress Users,Light / Rested Users | Healthy Lifestyle Users | Socially Isolated Users | Low Stress Users
247,test,6.1,4.4,2.1,1.0,low,2.23,2,Heavy Night Social Media Users,1,Lifestyle Risk Users,0,Socially Isolated Users,1,High Stress Users,Heavy Night Social Media Users | Lifestyle Risk Users | Socially Isolated Users | High Stress Users
1316,test,6.6,4.0,2.7,1.1,high,2.0,2,Heavy Night Social Media Users,1,Lifestyle Risk Users,1,Low Activity Moderate Social Users,1,High Stress Users,Heavy Night Social Media Users | Lifestyle Risk Users | Low Activity Moderate Social Users | High Stress Users
257,test,6.5,5.3,2.7,0.8,low,3.79,2,Heavy Night Social Media Users,1,Lifestyle Risk Users,0,Socially Isolated Users,1,High Stress Users,Heavy Night Social Media Users | Lifestyle Risk Users | Socially Isolated Users | High Stress Users
3146,test,2.6,7.1,2.5,0.4,high,3.63,0,Light / Rested Users,0,Healthy Lifestyle Users,1,Low Activity Moderate Social Users,0,Low Stress Users,Light / Rested Users | Healthy Lifestyle Users | Low Activity Moderate Social Users | Low Stress Users
3080,test,1.7,6.8,1.1,0.0,medium,3.19,0,Light / Rested Users,0,Healthy Lifestyle Users,0,Socially Isolated Users,0,Low Stress Users,Light / Rested Users | Healthy Lifestyle Users | Socially Isolated Users | Low Stress Users
3608,test,1.4,7.7,1.2,0.7,high,3.82,0,Light / Rested Users,0,Healthy Lifestyle Users,2,Moderately Social Users,0,Low Stress Users,Light / Rested Users | Healthy Lifestyle Users | Moderately Social Users | Low Stress Users
681,test,6.8,8.4,2.1,2.0,medium,3.15,0,Light / Rested Users,0,Healthy Lifestyle Users,2,Moderately Social Users,1,High Stress Users,Light / Rested Users | Healthy Lifestyle Users | Moderately Social Users | High Stress Users
2955,test,5.1,5.6,1.1,0.6,high,2.31,1,Heavy Daytime Social Media Users,1,Lifestyle Risk Users,1,Low Activity Moderate Social Users,1,High Stress Users,Heavy Daytime Social Media Users | Lifestyle Risk Users | Low Activity Moderate Social Users | High Stress Users
3583,test,3.7,5.5,2.2,1.6,low,3.31,2,Heavy Night Social Media Users,0,Healthy Lifestyle Users,0,Socially Isolated Users,0,Low Stress Users,Heavy Night Social Media Users | Healthy Lifestyle Users | Socially Isolated Users | Low Stress Users
3057,test,6.8,4.7,1.5,1.7,high,2.18,1,Heavy Daytime Social Media Users,1,Lifestyle Risk Users,1,Low Activity Moderate Social Users,1,High Stress Users,Heavy Daytime Social Media Users | Lifestyle Risk Users | Low Activity Moderate Social Users | High Stress Users
2246,test,6.0,5.9,2.1,0.4,low,2.19,2,Heavy Night Social Media Users,1,Lifestyle Risk Users,0,Socially Isolated Users,1,High Stress Users,Heavy Night Social Media Users | Lifestyle Risk Users | Socially Isolated Users | High Stress Users
2007,test,6.2,4.0,2.9,0.5,medium,2.08,2,Heavy Night Social Media Users,1,Lifestyle Risk Users,1,Low Activity Moderate Social Users,1,High Stress Users,Heavy Night Social Media Users | Lifestyle Risk Users | Low Activity Moderate Social Users | High Stress Users
874,test,1.7,6.5,2.7,0.1,medium,2.06,0,Light / Rested Users,1,Lifestyle Risk Users,0,Socially Isolated Users,0,Low Stress Users,Light / Rested Users | Lifestyle Risk Users | Socially Isolated Users | Low Stress Users
2960,test,4.5,7.7,0.9,0.2,high,2.98,0,Light / Rested Users,0,Healthy Lifestyle Users,1,Low Activity Moderate Social Users,0,Low Stress Users,Light / Rested Users | Healthy Lifestyle Users | Low Activity Moderate Social Users | Low Stress Users
3512,test,2.2,7.3,1.6,1.9,high,3.79,0,Light / Rested Users,0,Healthy Lifestyle Users,2,Moderately Social Users,0,Low Stress Users,Light / Rested Users | Healthy Lifestyle Users | Moderately Social Users | Low Stress Users
3348,test,2.7,7.0,1.2,1.4,medium,3.33,0,Light / Rested Users,0,Healthy Lifestyle Users,2,Moderately Social Users,0,Low Stress Users,Light / Rested Users | Healthy Lifestyle Users | Moderately Social Users | Low Stress Users
670,test,2.6,6.1,1.4,0.4,high,2.11,0,Light / Rested Users,1,Lifestyle Risk Users,1,Low Activity Moderate Social Users,0,Low Stress Users,Light / Rested Users | Lifestyle Risk Users | Low Activity Moderate Social Users | Low Stress Users
1758,test,5.0,6.9,0.6,1.2,high,3.28,1,Heavy Daytime Social Media Users,0,Healthy Lifestyle Users,1,Low Activity Moderate Social Users,0,Low Stress Users,Heavy Daytime Social Media Users | Healthy Lifestyle Users | Low Activity Moderate Social Users | Low Stress Users
1371,test,4.3,7.2,1.5,0.3,medium,2.68,0,Light / Rested Users,0,Healthy Lifestyle Users,1,Low Activity Moderate Social Users,1,High Stress Users,Light / Rested Users | Healthy Lifestyle Users | Low Activity Moderate Social Users | High Stress Users
1372,test,7.5,4.9,2.6,1.4,high,2.18,2,Heavy Night Social Media Users,1,Lifestyle Risk Users,1,Low Activity Moderate Social Users,1,High Stress Users,Heavy Night Social Media Users | Lifestyle Risk Users | Low Activity Moderate Social Users | High Stress Users
334,test,2.1,8.2,0.9,0.5,high,2.48,0,Light / Rested Users,0,Healthy Lifestyle Users,2,Moderately Social Users,0,Low Stress Users,Light / Rested Users | Healthy Lifestyle Users | Moderately Social Users | Low Stress Users
3122,test,1.1,8.2,1.7,2.0,high,3.71,0,Light / Rested Users,0,Healthy Lifestyle Users,2,Moderately Social Users,0,Low Stress Users,Light / Rested Users | Healthy Lifestyle Users | Moderately Social Users | Low Stress Users
2324,test,5.2,7.1,0.6,0.7,high,3.01,1,Heavy Daytime Social Media Users,0,Healthy Lifestyle Users,1,Low Activity Moderate Social Users,0,Low Stress Users,Heavy Daytime Social Media Users | Healthy Lifestyle Users | Low Activity Moderate Social Users | Low Stress Users
2778,test,5.4,6.4,0.8,0.4,low,2.38,1,Heavy Daytime Social Media Users,1,Lifestyle Risk Users,0,Socially Isolated Users,1,High Stress Users,Heavy Daytime Social Media Users | Lifestyle Risk Users | Socially Isolated Users | High Stress Users
2989,test,2.2,6.8,0.9,0.1,high,3.05,0,Light / Rested Users,0,Healthy Lifestyle Users,1,Low Activity Moderate Social Users,0,Low Stress Users,Light / Rested Users | Healthy Lifestyle Users | Low Activity Moderate Social Users | Low Stress Users
2908,test,1.6,6.8,1.1,0.3,high,3.15,0,Light / Rested Users,0,Healthy Lifestyle Users,2,Moderately Social Users,0,Low Stress Users,Light / Rested Users | Healthy Lifestyle Users | Moderately Social Users | Low Stress Users
3692,test,3.8,6.8,1.0,0.2,medium,3.02,0,Light / Rested Users,0,Healthy Lifestyle Users,1,Low Activity Moderate Social Users,0,Low Stress Users,Light / Rested Users | Healthy Lifestyle Users | Low Activity Moderate Social Users | Low Stress Users
2263,test,4.9,6.7,1.5,0.0,medium,2.74,1,Heavy Daytime Social Media Users,1,Lifestyle Risk Users,1,Low Activity Moderate Social Users,1,High Stress Users,Heavy Daytime Social Media Users | Lifestyle Risk Users | Low Activity Moderate Social Users | High Stress Users
1746,test,2.1,7.0,1.4,0.4,high,2.81,0,Light / Rested Users,0,Healthy Lifestyle Users,2,Moderately Social Users,0,Low Stress Users,Light / Rested Users | Healthy Lifestyle Users | Moderately Social Users | Low Stress Users
3292,test,4.5,5.9,2.2,0.2,high,2.42,2,Heavy Night Social Media Users,1,Lifestyle Risk Users,1,Low Activity Moderate Social Users,1,High Stress Users,Heavy Night Social Media Users | Lifestyle Risk Users | Low Activity Moderate Social Users | High Stress Users
2973,test,6.3,5.8,1.4,1.7,medium,2.58,1,Heavy Daytime Social Media Users,1,Lifestyle Risk Users,2,Moderately Social Users,1,High Stress Users,Heavy Daytime Social Media Users | Lifestyle Risk Users | Moderately Social Users | High Stress Users
1976,test,4.6,6.2,2.4,0.2,low,2.86,2,Heavy Night Social Media Users,1,Lifestyle Risk Users,0,Socially Isolated Users,1,High Stress Users,Heavy Night Social Media Users | Lifestyle Risk Users | Socially Isolated Users | High Stress Users
1796,test,7.3,5.9,0.7,0.3,high,2.21,1,Heavy Daytime Social Media Users,1,Lifestyle Risk Users,1,Low Activity Moderate Social Users,1,High Stress Users,Heavy Daytime Social Media Users | Lifestyle Risk Users | Low Activity Moderate Social Users | High Stress Users
1597,test,3.8,6.3,2.6,0.3,medium,3.2,2,Heavy Night Social Media Users,0,Healthy Lifestyle Users,1,Low Activity Moderate Social Users,0,Low Stress Users,Heavy Night Social Media Users | Healthy Lifestyle Users | Low Activity Moderate Social Users | Low Stress Users
3581,test,4.4,6.1,1.7,1.9,high,2.97,1,Heavy Daytime Social Media Users,0,Healthy Lifestyle Users,2,Moderately Social Users,0,Low Stress Users,Heavy Daytime Social Media Users | Healthy Lifestyle Users | Moderately Social Users | Low Stress Users
855,test,1.8,7.8,2.0,0.8,low,2.67,0,Light / Rested Users,0,Healthy Lifestyle Users,0,Socially Isolated Users,0,Low Stress Users,Light / Rested Users | Healthy Lifestyle Users | Socially Isolated Users | Low Stress Users
2671,test,7.1,4.3,2.5,0.5,high,2.17,2,Heavy Night Social Media Users,1,Lifestyle Risk Users,1,Low Activity Moderate Social Users,1,High Stress Users,Heavy Night Social Media Users | Lifestyle Risk Users | Low Activity Moderate Social Users | High Stress Users
2711,test,5.7,5.2,2.0,1.0,low,2.36,2,Heavy Night Social Media Users,1,Lifestyle Risk Users,0,Socially Isolated Users,1,High Stress Users,Heavy Night Social Media Users | Lifestyle Risk Users | Socially Isolated Users | High Stress Users
2024,test,1.4,8.2,0.6,0.1,high,3.4,0,Light / Rested Users,0,Healthy Lifestyle Users,2,Moderately Social Users,0,Low Stress Users,Light / Rested Users | Healthy Lifestyle Users | Moderately Social Users | Low Stress Users
658,test,5.5,7.3,2.5,0.5,low,3.67,2,Heavy Night Social Media Users,0,Healthy Lifestyle Users,0,Socially Isolated Users,0,Low Stress Users,Heavy Night Social Media Users | Healthy Lifestyle Users | Socially Isolated Users | Low Stress Users
1035,test,4.1,7.6,1.0,1.1,low,2.17,0,Light / Rested Users,0,Healthy Lifestyle Users,0,Socially Isolated Users,0,Low Stress Users,Light / Rested Users | Healthy Lifestyle Users | Socially Isolated Users | Low Stress Users
218,test,2.2,5.3,1.4,0.0,low,3.97,0,Light / Rested Users,0,Healthy Lifestyle Users,0,Socially Isolated Users,0,Low Stress Users,Light / Rested Users | Healthy Lifestyle Users | Socially Isolated Users | Low Stress Users
1197,test,1.7,8.7,0.7,0.8,high,3.98,0,Light / Rested Users,0,Healthy Lifestyle Users,2,Moderately Social Users,0,Low Stress Users,Light / Rested Users | Healthy Lifestyle Users | Moderately Social Users | Low Stress Users
3541,test,2.1,6.8,1.8,0.5,medium,3.35,0,Light / Rested Users,0,Healthy Lifestyle Users,2,Moderately Social Users,0,Low Stress Users,Light / Rested Users | Healthy Lifestyle Users | Moderately Social Users | Low Stress Users
585,test,5.2,4.3,1.3,1.3,medium,2.29,1,Heavy Daytime Social Media Users,1,Lifestyle Risk Users,2,Moderately Social Users,1,High Stress Users,Heavy Daytime Social Media Users | Lifestyle Risk Users | Moderately Social Users | High Stress Users
2669,test,2.0,7.3,0.9,0.8,low,3.24,0,Light / Rested Users,0,Healthy Lifestyle Users,0,Socially Isolated Users,0,Low Stress Users,Light / Rested Users | Healthy Lifestyle Users | Socially Isolated Users | Low Stress Users
2449,test,4.0,6.9,2.4,1.2,low,3.14,0,Light / Rested Users,0,Healthy Lifestyle Users,0,Socially Isolated Users,0,Low Stress Users,Light / Rested Users | Healthy Lifestyle Users | Socially Isolated Users | Low Stress Users
1660,test,1.5,7.6,1.0,0.9,medium,3.64,0,Light / Rested Users,0,Healthy Lifestyle Users,2,Moderately Social Users,0,Low Stress Users,Light / Rested Users | Healthy Lifestyle Users | Moderately Social Users | Low Stress Users
5,test,7.4,4.4,2.4,0.6,high,2.63,2,Heavy Night Social Media Users,1,Lifestyle Risk Users,1,Low Activity Moderate Social Users,1,High Stress Users,Heavy Night Social Media Users | Lifestyle Risk Users | Low Activity Moderate Social Users | High Stress Users
2837,test,2.9,5.7,1.7,1.8,low,3.41,0,Light / Rested Users,0,Healthy Lifestyle Users,0,Socially Isolated Users,0,Low Stress Users,Light / Rested Users | Healthy Lifestyle Users | Socially Isolated Users | Low Stress Users
269,test,1.8,6.5,2.6,1.7,high,2.75,0,Light / Rested Users,0,Healthy Lifestyle Users,2,Moderately Social Users,0,Low Stress Users,Light / Rested Users | Healthy Lifestyle Users | Moderately Social Users | Low Stress Users
3532,test,1.1,7.8,0.9,0.4,medium,3.99,0,Light / Rested Users,0,Healthy Lifestyle Users,2,Moderately Social Users,0,Low Stress Users,Light / Rested Users | Healthy Lifestyle Users | Moderately Social Users | Low Stress Users
3167,test,6.6,4.0,2.0,1.6,low,2.0,2,Heavy Night Social Media Users,1,Lifestyle Risk Users,0,Socially Isolated Users,1,High Stress Users,Heavy Night Social Media Users | Lifestyle Risk Users | Socially Isolated Users | High Stress Users
191,test,1.8,8.9,1.2,0.1,medium,3.67,0,Light / Rested Users,0,Healthy Lifestyle Users,0,Socially Isolated Users,0,Low Stress Users,Light / Rested Users | Healthy Lifestyle Users | Socially Isolated Users | Low Stress Users
2343,test,6.2,5.3,1.8,1.5,low,2.95,2,Heavy Night Social Media Users,1,Lifestyle Risk Users,0,Socially Isolated Users,1,High Stress Users,Heavy Night Social Media Users | Lifestyle Risk Users | Socially Isolated Users | High Stress Users
1836,test,5.8,5.0,1.1,0.8,high,2.26,1,Heavy Daytime Social Media Users,1,Lifestyle Risk Users,1,Low Activity Moderate Social Users,1,High Stress Users,Heavy Daytime Social Media Users | Lifestyle Risk Users | Low Activity Moderate Social Users | High Stress Users
2666,test,7.8,4.5,1.5,1.0,low,2.39,1,Heavy Daytime Social Media Users,1,Lifestyle Risk Users,0,Socially Isolated Users,1,High Stress Users,Heavy Daytime Social Media Users | Lifestyle Risk Users | Socially Isolated Users | High Stress Users
1601,test,5.7,4.6,2.9,0.5,high,2.52,2,Heavy Night Social Media Users,1,Lifestyle Risk Users,1,Low Activity Moderate Social Users,1,High Stress Users,Heavy Night Social Media Users | Lifestyle Risk Users | Low Activity Moderate Social Users | High Stress Users
2040,test,7.9,5.1,1.0,0.1,high,2.02,1,Heavy Daytime Social Media Users,1,Lifestyle Risk Users,1,Low Activity Moderate Social Users,1,High Stress Users,Heavy Daytime Social Media Users | Lifestyle Risk Users | Low Activity Moderate Social Users | High Stress Users
3328,test,7.6,5.1,0.7,0.4,high,2.29,1,Heavy Daytime Social Media Users,1,Lifestyle Risk Users,1,Low Activity Moderate Social Users,1,High Stress Users,Heavy Daytime Social Media Users | Lifestyle Risk Users | Low Activity Moderate Social Users | High Stress Users
442,test,2.3,6.4,2.4,0.6,medium,3.61,0,Light / Rested Users,0,Healthy Lifestyle Users,2,Moderately Social Users,0,Low Stress Users,Light / Rested Users | Healthy Lifestyle Users | Moderately Social Users | Low Stress Users
2616,test,5.0,4.9,2.2,0.4,low,2.52,2,Heavy Night Social Media Users,1,Lifestyle Risk Users,0,Socially Isolated Users,1,High Stress Users,Heavy Night Social Media Users | Lifestyle Risk Users | Socially Isolated Users | High Stress Users
652,test,5.3,6.4,2.9,1.1,low,2.42,2,Heavy Night Social Media Users,1,Lifestyle Risk Users,0,Socially Isolated Users,1,High Stress Users,Heavy Night Social Media Users | Lifestyle Risk Users | Socially Isolated Users | High Stress Users
517,test,2.6,7.8,1.9,0.4,medium,3.15,0,Light / Rested Users,0,Healthy Lifestyle Users,0,Socially Isolated Users,0,Low Stress Users,Light / Rested Users | Healthy Lifestyle Users | Socially Isolated Users | Low Stress Users
2891,test,6.7,4.5,2.9,0.1,low,2.12,2,Heavy Night Social Media Users,1,Lifestyle Risk Users,0,Socially Isolated Users,1,High Stress Users,Heavy Night Social Media Users | Lifestyle Risk Users | Socially Isolated Users | High Stress Users
3127,test,3.2,7.3,1.7,1.5,high,3.62,0,Light / Rested Users,0,Healthy Lifestyle Users,2,Moderately Social Users,0,Low Stress Users,Light / Rested Users | Healthy Lifestyle Users | Moderately Social Users | Low Stress Users
2446,test,1.9,7.8,2.2,0.9,low,3.5,0,Light / Rested Users,0,Healthy Lifestyle Users,0,Socially Isolated Users,0,Low Stress Users,Light / Rested Users | Healthy Lifestyle Users | Socially Isolated Users | Low Stress Users
3598,test,1.2,7.5,1.4,0.3,high,3.56,0,Light / Rested Users,0,Healthy Lifestyle Users,2,Moderately Social Users,0,Low Stress Users,Light / Rested Users | Healthy Lifestyle Users | Moderately Social Users | Low Stress Users
2750,test,3.2,6.3,2.1,2.0,medium,3.35,0,Light / Rested Users,0,Healthy Lifestyle Users,2,Moderately Social Users,0,Low Stress Users,Light / Rested Users | Healthy Lifestyle Users | Moderately Social Users | Low Stress Users
1686,test,2.0,7.0,2.5,0.4,high,2.86,0,Light / Rested Users,0,Healthy Lifestyle Users,2,Moderately Social Users,0,Low Stress Users,Light / Rested Users | Healthy Lifestyle Users | Moderately Social Users | Low Stress Users
3409,test,3.6,5.9,2.2,0.3,medium,2.91,2,Heavy Night Social Media Users,1,Lifestyle Risk Users,1,Low Activity Moderate Social Users,1,High Stress Users,Heavy Night Social Media Users | Lifestyle Risk Users | Low Activity Moderate Social Users | High Stress Users
107,test,1.6,4.3,0.6,2.0,medium,3.91,1,Heavy Daytime Social Media Users,0,Healthy Lifestyle Users,2,Moderately Social Users,1,High Stress Users,Heavy Daytime Social Media Users | Healthy Lifestyle Users | Moderately Social Users | High Stress Users
2749,test,5.8,4.1,3.0,1.1,high,2.48,2,Heavy Night Social Media Users,1,Lifestyle Risk Users,1,Low Activity Moderate Social Users,1,High Stress Users,Heavy Night Social Media Users | Lifestyle Risk Users | Low Activity Moderate Social Users | High Stress Users
2323,test,5.4,6.5,0.9,1.5,medium,2.65,1,Heavy Daytime Social Media Users,1,Lifestyle Risk Users,2,Moderately Social Users,1,High Stress Users,Heavy Daytime Social Media Users | Lifestyle Risk Users | Moderately Social Users | High Stress Users
870,test,6.1,7.1,2.3,0.5,low,3.22,2,Heavy Night Social Media Users,0,Healthy Lifestyle Users,0,Socially Isolated Users,0,Low Stress Users,Heavy Night Social Media Users | Healthy Lifestyle Users | Socially Isolated Users | Low Stress Users
888,test,4.9,6.4,2.5,1.9,medium,2.64,2,Heavy Night Social Media Users,1,Lifestyle Risk Users,2,Moderately Social Users,0,Low Stress Users,Heavy Night Social Media Users | Lifestyle Risk Users | Moderately Social Users | Low Stress Users
3382,test,7.3,5.2,0.9,0.2,low,2.57,1,Heavy Daytime Social Media Users,1,Lifestyle Risk Users,0,Socially Isolated Users,1,High Stress Users,Heavy Daytime Social Media Users | Lifestyle Risk Users | Socially Isolated Users | High Stress Users
2657,test,6.7,5.1,2.1,0.9,low,2.3,2,Heavy Night Social Media Users,1,Lifestyle Risk Users,0,Socially Isolated Users,1,High Stress Users,Heavy Night Social Media Users | Lifestyle Risk Users | Socially Isolated Users | High Stress Users
2326,test,4.7,7.1,1.1,1.4,medium,3.09,1,Heavy Daytime Social Media Users,0,Healthy Lifestyle Users,2,Moderately Social Users,0,Low Stress Users,Heavy Daytime Social Media Users | Healthy Lifestyle Users | Moderately Social Users | Low Stress Users
3090,test,7.9,5.8,1.2,0.0,low,2.0,1,Heavy Daytime Social Media Users,1,Lifestyle Risk Users,0,Socially Isolated Users,1,High Stress Users,Heavy Daytime Social Media Users | Lifestyle Risk Users | Socially Isolated Users | High Stress Users
2195,test,3.3,6.4,1.3,1.2,high,3.05,0,Light / Rested Users,0,Healthy Lifestyle Users,2,Moderately Social Users,0,Low Stress Users,Light / Rested Users | Healthy Lifestyle Users | Moderately Social Users | Low Stress Users
2240,test,2.4,6.6,1.4,0.8,high,3.06,0,Light / Rested Users,0,Healthy Lifestyle Users,2,Moderately Social Users,0,Low Stress Users,Light / Rested Users | Healthy Lifestyle Users | Moderately Social Users | Low Stress Users
3155,test,7.1,5.6,0.9,0.8,medium,2.43,1,Heavy Daytime Social Media Users,1,Lifestyle Risk Users,1,Low Activity Moderate Social Users,1,High Stress Users,Heavy Daytime Social Media Users | Lifestyle Risk Users | Low Activity Moderate Social Users | High Stress Users
2247,test,7.7,4.7,2.0,1.0,high,2.0,2,Heavy Night Social Media Users,1,Lifestyle Risk Users,1,Low Activity Moderate Social Users,1,High Stress Users,Heavy Night Social Media Users | Lifestyle Risk Users | Low Activity Moderate Social Users | High Stress Users
1090,test,7.9,6.3,2.7,0.2,high,2.88,2,Heavy Night Social Media Users,1,Lifestyle Risk Users,1,Low Activity Moderate Social Users,1,High Stress Users,Heavy Night Social Media Users | Lifestyle Risk Users | Low Activity Moderate Social Users | High Stress Users
3168,test,4.2,6.8,0.7,0.6,low,2.67,1,Heavy Daytime Social Media Users,0,Healthy Lifestyle Users,0,Socially Isolated Users,0,Low Stress Users,Heavy Daytime Social Media Users | Healthy Lifestyle Users | Socially Isolated Users | Low Stress Users
1750,test,7.9,5.0,2.0,0.3,high,2.0,2,Heavy Night Social Media Users,1,Lifestyle Risk Users,1,Low Activity Moderate Social Users,1,High Stress Users,Heavy Night Social Media Users | Lifestyle Risk Users | Low Activity Moderate Social Users | High Stress Users
1267,test,3.4,6.8,1.6,0.1,medium,3.01,0,Light / Rested Users,0,Healthy Lifestyle Users,1,Low Activity Moderate Social Users,0,Low Stress Users,Light / Rested Users | Healthy Lifestyle Users | Low Activity Moderate Social Users | Low Stress Users
2227,test,6.6,4.2,2.1,0.6,high,2.0,2,Heavy Night Social Media Users,1,Lifestyle Risk Users,1,Low Activity Moderate Social Users,1,High Stress Users,Heavy Night Social Media Users | Lifestyle Risk Users | Low Activity Moderate Social Users | High Stress Users
2139,test,5.4,6.1,2.3,1.6,high,2.72,2,Heavy Night Social Media Users,1,Lifestyle Risk Users,2,Moderately Social Users,1,High Stress Users,Heavy Night Social Media Users | Lifestyle Risk Users | Moderately Social Users | High Stress Users
2914,test,1.4,8.8,0.7,1.2,high,3.94,0,Light / Rested Users,0,Healthy Lifestyle Users,2,Moderately Social Users,0,Low Stress Users,Light / Rested Users | Healthy Lifestyle Users | Moderately Social Users | Low Stress Users
3442,test,3.6,6.5,1.7,0.1,high,2.85,0,Light / Rested Users,0,Healthy Lifestyle Users,1,Low Activity Moderate Social Users,0,Low Stress Users,Light / Rested Users | Healthy Lifestyle Users | Low Activity Moderate Social Users | Low Stress Users
1856,test,2.5,6.6,2.1,1.9,low,3.85,0,Light / Rested Users,0,Healthy Lifestyle Users,0,Socially Isolated Users,0,Low Stress Users,Light / Rested Users | Healthy Lifestyle Users | Socially Isolated Users | Low Stress Users
479,test,7.4,7.5,1.7,1.8,medium,3.16,1,Heavy Daytime Social Media Users,0,Healthy Lifestyle Users,1,Low Activity Moderate Social Users,0,Low Stress Users,Heavy Daytime Social Media Users | Healthy Lifestyle Users | Low Activity Moderate Social Users | Low Stress Users
389,test,2.7,6.5,1.5,0.4,high,2.58,0,Light / Rested Users,0,Healthy Lifestyle Users,1,Low Activity Moderate Social Users,0,Low Stress Users,Light / Rested Users | Healthy Lifestyle Users | Low Activity Moderate Social Users | Low Stress Users
423,test,4.3,8.4,0.9,1.6,high,3.2,0,Light / Rested Users,0,Healthy Lifestyle Users,2,Moderately Social Users,1,High Stress Users,Light / Rested Users | Healthy Lifestyle Users | Moderately Social Users | High Stress Users
509,test,2.2,6.5,3.0,0.2,medium,2.49,2,Heavy Night Social Media Users,1,Lifestyle Risk Users,0,Socially Isolated Users,0,Low Stress Users,Heavy Night Social Media Users | Lifestyle Risk Users | Socially Isolated Users | Low Stress Users
3308,test,1.7,7.1,2.1,0.2,low,3.43,0,Light / Rested Users,0,Healthy Lifestyle Users,0,Socially Isolated Users,0,Low Stress Users,Light / Rested Users | Healthy Lifestyle Users | Socially Isolated Users | Low Stress Users
2957,test,6.0,6.3,0.6,1.1,medium,2.74,1,Heavy Daytime Social Media Users,1,Lifestyle Risk Users,1,Low Activity Moderate Social Users,1,High Stress Users,Heavy Daytime Social Media Users | Lifestyle Risk Users | Low Activity Moderate Social Users | High Stress Users
1795,test,4.6,6.5,1.1,1.3,medium,2.62,1,Heavy Daytime Social Media Users,1,Lifestyle Risk Users,2,Moderately Social Users,1,High Stress Users,Heavy Daytime Social Media Users | Lifestyle Risk Users | Moderately Social Users | High Stress Users
339,test,5.5,7.3,1.4,1.2,high,2.61,1,Heavy Daytime Social Media Users,0,Healthy Lifestyle Users,1,Low Activity Moderate Social Users,1,High Stress Users,Heavy Daytime Social Media Users | Healthy Lifestyle Users | Low Activity Moderate Social Users | High Stress Users
758,test,3.7,5.7,1.3,0.2,low,3.24,1,Heavy Daytime Social Media Users,0,Healthy Lifestyle Users,0,Socially Isolated Users,1,High Stress Users,Heavy Daytime Social Media Users | Healthy Lifestyle Users | Socially Isolated Users | High Stress Users
555,test,3.6,4.8,2.2,1.2,medium,3.58,2,Heavy Night Social Media Users,0,Healthy Lifestyle Users,2,Moderately Social Users,0,Low Stress Users,Heavy Night Social Media Users | Healthy Lifestyle Users | Moderately Social Users | Low Stress Users
768,test,1.3,6.5,2.1,1.1,high,3.68,0,Light / Rested Users,0,Healthy Lifestyle Users,2,Moderately Social Users,0,Low Stress Users,Light / Rested Users | Healthy Lifestyle Users | Moderately Social Users | Low Stress Users
2936,test,7.0,5.8,1.5,1.8,low,2.54,1,Heavy Daytime Social Media Users,1,Lifestyle Risk Users,0,Socially Isolated Users,1,High Stress Users,Heavy Daytime Social Media Users | Lifestyle Risk Users | Socially Isolated Users | High Stress Users
999,test,2.1,4.4,2.2,0.7,high,2.47,2,Heavy Night Social Media Users,1,Lifestyle Risk Users,2,Moderately Social Users,1,High Stress Users,Heavy Night Social Media Users | Lifestyle Risk Users | Moderately Social Users | High Stress Users
2152,test,2.7,7.5,2.0,0.8,high,3.23,0,Light / Rested Users,0,Healthy Lifestyle Users,2,Moderately Social Users,0,Low Stress Users,Light / Rested Users | Healthy Lifestyle Users | Moderately Social Users | Low Stress Users
866,test,7.7,4.4,2.0,1.0,high,3.09,2,Heavy Night Social Media Users,1,Lifestyle Risk Users,1,Low Activity Moderate Social Users,1,High Stress Users,Heavy Night Social Media Users | Lifestyle Risk Users | Low Activity Moderate Social Users | High Stress Users
1668,test,1.3,7.3,1.8,0.9,medium,3.86,0,Light / Rested Users,0,Healthy Lifestyle Users,2,Moderately Social Users,0,Low Stress Users,Light / Rested Users | Healthy Lifestyle Users | Moderately Social Users | Low Stress Users
2046,test,1.7,6.9,1.5,1.8,high,3.73,0,Light / Rested Users,0,Healthy Lifestyle Users,2,Moderately Social Users,0,Low Stress Users,Light / Rested Users | Healthy Lifestyle Users | Moderately Social Users | Low Stress Users
3526,test,6.6,5.9,0.8,0.1,high,2.09,1,Heavy Daytime Social Media Users,1,Lifestyle Risk Users,1,Low Activity Moderate Social Users,1,High Stress Users,Heavy Daytime Social Media Users | Lifestyle Risk Users | Low Activity Moderate Social Users | High Stress Users
666,test,2.8,7.4,2.0,1.6,low,3.4,0,Light / Rested Users,0,Healthy Lifestyle Users,0,Socially Isolated Users,0,Low Stress Users,Light / Rested Users | Healthy Lifestyle Users | Socially Isolated Users | Low Stress Users
1277,test,4.7,6.3,1.1,1.3,high,3.03,1,Heavy Daytime Social Media Users,0,Healthy Lifestyle Users,2,Moderately Social Users,1,High Stress Users,Heavy Daytime Social Media Users | Healthy Lifestyle Users | Moderately Social Users | High Stress Users
2292,test,5.4,6.1,0.8,0.5,low,2.14,1,Heavy Daytime Social Media Users,1,Lifestyle Risk Users,0,Socially Isolated Users,1,High Stress Users,Heavy Daytime Social Media Users | Lifestyle Risk Users | Socially Isolated Users | High Stress Users
1538,test,3.8,7.1,1.2,0.7,high,3.11,0,Light / Rested Users,0,Healthy Lifestyle Users,1,Low Activity Moderate Social Users,0,Low Stress Users,Light / Rested Users | Healthy Lifestyle Users | Low Activity Moderate Social Users | Low Stress Users
705,test,8.0,4.4,0.7,1.6,high,2.62,1,Heavy Daytime Social Media Users,1,Lifestyle Risk Users,1,Low Activity Moderate Social Users,1,High Stress Users,Heavy Daytime Social Media Users | Lifestyle Risk Users | Low Activity Moderate Social Users | High Stress Users
3502,test,3.6,6.5,1.5,0.7,medium,2.91,0,Light / Rested Users,0,Healthy Lifestyle Users,1,Low Activity Moderate Social Users,0,Low Stress Users,Light / Rested Users | Healthy Lifestyle Users | Low Activity Moderate Social Users | Low Stress Users
969,test,2.6,6.5,1.5,0.2,high,3.8,0,Light / Rested Users,0,Healthy Lifestyle Users,1,Low Activity Moderate Social Users,0,Low Stress Users,Light / Rested Users | Healthy Lifestyle Users | Low Activity Moderate Social Users | Low Stress Users
2231,test,3.8,6.7,1.2,1.1,medium,3.32,0,Light / Rested Users,0,Healthy Lifestyle Users,2,Moderately Social Users,0,Low Stress Users,Light / Rested Users | Healthy Lifestyle Users | Moderately Social Users | Low Stress Users
2660,test,4.5,6.8,1.6,0.5,high,2.76,0,Light / Rested Users,0,Healthy Lifestyle Users,1,Low Activity Moderate Social Users,0,Low Stress Users,Light / Rested Users | Healthy Lifestyle Users | Low Activity Moderate Social Users | Low Stress Users
77,test,3.4,4.4,0.6,0.2,low,3.41,1,Heavy Daytime Social Media Users,0,Healthy Lifestyle Users,0,Socially Isolated Users,1,High Stress Users,Heavy Daytime Social Media Users | Healthy Lifestyle Users | Socially Isolated Users | High Stress Users
3504,test,5.4,5.7,2.3,0.8,low,2.61,2,Heavy Night Social Media Users,1,Lifestyle Risk Users,0,Socially Isolated Users,1,High Stress Users,Heavy Night Social Media Users | Lifestyle Risk Users | Socially Isolated Users | High Stress Users
1527,test,5.1,4.1,3.0,0.6,high,2.51,2,Heavy Night Social Media Users,1,Lifestyle Risk Users,1,Low Activity Moderate Social Users,1,High Stress Users,Heavy Night Social Media Users | Lifestyle Risk Users | Low Activity Moderate Social Users | High Stress Users
66,test,3.1,8.2,1.5,0.3,low,2.45,0,Light / Rested Users,0,Healthy Lifestyle Users,0,Socially Isolated Users,0,Low Stress Users,Light / Rested Users | Healthy Lifestyle Users | Socially Isolated Users | Low Stress Users
2214,test,3.5,6.4,2.7,0.1,medium,2.67,2,Heavy Night Social Media Users,1,Lifestyle Risk Users,1,Low Activity Moderate Social Users,0,Low Stress Users,Heavy Night Social Media Users | Lifestyle Risk Users | Low Activity Moderate Social Users | Low Stress Users
3491,test,3.8,6.1,2.2,1.1,high,2.91,2,Heavy Night Social Media Users,0,Healthy Lifestyle Users,2,Moderately Social Users,0,Low Stress Users,Heavy Night Social Media Users | Healthy Lifestyle Users | Moderately Social Users | Low Stress Users
653,test,1.8,5.1,2.7,0.2,low,3.47,2,Heavy Night Social Media Users,0,Healthy Lifestyle Users,0,Socially Isolated Users,0,Low Stress Users,Heavy Night Social Media Users | Healthy Lifestyle Users | Socially Isolated Users | Low Stress Users
1707,test,2.3,7.4,2.2,0.7,medium,3.35,0,Light / Rested Users,0,Healthy Lifestyle Users,2,Moderately Social Users,0,Low Stress Users,Light / Rested Users | Healthy Lifestyle Users | Moderately Social Users | Low Stress Users
3342,test,5.0,5.7,2.7,1.1,high,2.85,2,Heavy Night Social Media Users,1,Lifestyle Risk Users,1,Low Activity Moderate Social Users,1,High Stress Users,Heavy Night Social Media Users | Lifestyle Risk Users | Low Activity Moderate Social Users | High Stress Users
950,test,5.4,5.2,0.6,1.5,low,3.65,1,Heavy Daytime Social Media Users,0,Healthy Lifestyle Users,0,Socially Isolated Users,1,High Stress Users,Heavy Daytime Social Media Users | Healthy Lifestyle Users | Socially Isolated Users | High Stress Users
579,test,3.9,5.8,0.7,1.3,medium,2.77,1,Heavy Daytime Social Media Users,0,Healthy Lifestyle Users,2,Moderately Social Users,1,High Stress Users,Heavy Daytime Social Media Users | Healthy Lifestyle Users | Moderately Social Users | High Stress Users
729,test,1.2,7.0,2.2,0.8,low,3.83,0,Light / Rested Users,0,Healthy Lifestyle Users,0,Socially Isolated Users,0,Low Stress Users,Light / Rested Users | Healthy Lifestyle Users | Socially Isolated Users | Low Stress Users
3162,test,8.0,4.0,2.6,1.8,high,2.1,2,Heavy Night Social Media Users,1,Lifestyle Risk Users,1,Low Activity Moderate Social Users,1,High Stress Users,Heavy Night Social Media Users | Lifestyle Risk Users | Low Activity Moderate Social Users | High Stress Users
1191,test,8.0,4.7,0.5,0.6,medium,2.18,1,Heavy Daytime Social Media Users,1,Lifestyle Risk Users,1,Low Activity Moderate Social Users,1,High Stress Users,Heavy Daytime Social Media Users | Lifestyle Risk Users | Low Activity Moderate Social Users | High Stress Users
2463,test,6.3,6.0,0.7,2.0,high,2.94,1,Heavy Daytime Social Media Users,1,Lifestyle Risk Users,2,Moderately Social Users,1,High Stress Users,Heavy Daytime Social Media Users | Lifestyle Risk Users | Moderately Social Users | High Stress Users
1658,test,4.5,6.7,1.2,0.1,low,2.39,1,Heavy Daytime Social Media Users,1,Lifestyle Risk Users,0,Socially Isolated Users,1,High Stress Users,Heavy Daytime Social Media Users | Lifestyle Risk Users | Socially Isolated Users | High Stress Users
115,test,4.1,8.6,3.0,0.1,medium,2.77,0,Light / Rested Users,0,Healthy Lifestyle Users,1,Low Activity Moderate Social Users,0,Low Stress Users,Light / Rested Users | Healthy Lifestyle Users | Low Activity Moderate Social Users | Low Stress Users
1627,test,6.8,4.0,2.0,0.8,low,2.05,2,Heavy Night Social Media Users,1,Lifestyle Risk Users,0,Socially Isolated Users,1,High Stress Users,Heavy Night Social Media Users | Lifestyle Risk Users | Socially Isolated Users | High Stress Users
225,test,2.3,6.5,3.0,0.1,high,3.5,2,Heavy Night Social Media Users,0,Healthy Lifestyle Users,1,Low Activity Moderate Social Users,1,High Stress Users,Heavy Night Social Media Users | Healthy Lifestyle Users | Low Activity Moderate Social Users | High Stress Users
3394,test,5.9,4.6,2.9,0.3,low,2.0,2,Heavy Night Social Media Users,1,Lifestyle Risk Users,0,Socially Isolated Users,1,High Stress Users,Heavy Night Social Media Users | Lifestyle Risk Users | Socially Isolated Users | High Stress Users
1492,test,2.6,7.1,2.6,1.3,medium,3.42,0,Light / Rested Users,0,Healthy Lifestyle Users,2,Moderately Social Users,0,Low Stress Users,Light / Rested Users | Healthy Lifestyle Users | Moderately Social Users | Low Stress Users
1182,test,6.3,6.8,1.8,1.9,high,2.59,1,Heavy Daytime Social Media Users,1,Lifestyle Risk Users,2,Moderately Social Users,1,High Stress Users,Heavy Daytime Social Media Users | Lifestyle Risk Users | Moderately Social Users | High Stress Users
2334,test,5.6,5.1,1.6,0.7,high,2.4,1,Heavy Daytime Social Media Users,1,Lifestyle Risk Users,1,Low Activity Moderate Social Users,1,High Stress Users,Heavy Daytime Social Media Users | Lifestyle Risk Users | Low Activity Moderate Social Users | High Stress Users
1018,test,7.6,7.6,2.4,1.1,medium,2.24,2,Heavy Night Social Media Users,1,Lifestyle Risk Users,1,Low Activity Moderate Social Users,0,Low Stress Users,Heavy Night Social Media Users | Lifestyle Risk Users | Low Activity Moderate Social Users | Low Stress Users
91,test,4.0,4.6,2.2,0.6,medium,3.7,2,Heavy Night Social Media Users,0,Healthy Lifestyle Users,1,Low Activity Moderate Social Users,0,Low Stress Users,Heavy Night Social Media Users | Healthy Lifestyle Users | Low Activity Moderate Social Users | Low Stress Users
1605,test,1.2,7.9,1.0,1.9,medium,3.9,0,Light / Rested Users,0,Healthy Lifestyle Users,2,Moderately Social Users,0,Low Stress Users,Light / Rested Users | Healthy Lifestyle Users | Moderately Social Users | Low Stress Users
833,test,7.4,4.6,1.0,1.1,low,2.23,1,Heavy Daytime Social Media Users,1,Lifestyle Risk Users,0,Socially Isolated Users,1,High Stress Users,Heavy Daytime Social Media Users | Lifestyle Risk Users | Socially Isolated Users | High Stress Users
373,test,5.7,4.2,1.4,0.1,high,2.56,1,Heavy Daytime Social Media Users,1,Lifestyle Risk Users,1,Low Activity Moderate Social Users,1,High Stress Users,Heavy Daytime Social Media Users | Lifestyle Risk Users | Low Activity Moderate Social Users | High Stress Users
3619,test,2.7,6.2,1.9,1.0,medium,2.96,0,Light / Rested Users,0,Healthy Lifestyle Users,2,Moderately Social Users,0,Low Stress Users,Light / Rested Users | Healthy Lifestyle Users | Moderately Social Users | Low Stress Users
3344,test,6.6,5.7,1.9,1.3,low,2.17,2,Heavy Night Social Media Users,1,Lifestyle Risk Users,0,Socially Isolated Users,1,High Stress Users,Heavy Night Social Media Users | Lifestyle Risk Users | Socially Isolated Users | High Stress Users
897,test,7.9,4.1,2.8,1.4,high,3.25,2,Heavy Night Social Media Users,1,Lifestyle Risk Users,1,Low Activity Moderate Social Users,1,High Stress Users,Heavy Night Social Media Users | Lifestyle Risk Users | Low Activity Moderate Social Users | High Stress Users
725,test,2.9,6.4,0.7,1.6,low,3.41,0,Light / Rested Users,0,Healthy Lifestyle Users,0,Socially Isolated Users,0,Low Stress Users,Light / Rested Users | Healthy Lifestyle Users | Socially Isolated Users | Low Stress Users
2286,test,6.9,4.6,1.3,1.8,low,2.3,1,Heavy Daytime Social Media Users,1,Lifestyle Risk Users,0,Socially Isolated Users,1,High Stress Users,Heavy Daytime Social Media Users | Lifestyle Risk Users | Socially Isolated Users | High Stress Users
1606,test,7.9,6.3,1.0,0.4,low,2.27,1,Heavy Daytime Social Media Users,1,Lifestyle Risk Users,0,Socially Isolated Users,1,High Stress Users,Heavy Daytime Social Media Users | Lifestyle Risk Users | Socially Isolated Users | High Stress Users
1019,test,3.4,4.7,0.5,2.0,high,2.91,1,Heavy Daytime Social Media Users,0,Healthy Lifestyle Users,2,Moderately Social Users,1,High Stress Users,Heavy Daytime Social Media Users | Healthy Lifestyle Users | Moderately Social Users | High Stress Users
1177,test,5.1,5.5,0.7,0.5,medium,2.13,1,Heavy Daytime Social Media Users,1,Lifestyle Risk Users,1,Low Activity Moderate Social Users,1,High Stress Users,Heavy Daytime Social Media Users | Lifestyle Risk Users | Low Activity Moderate Social Users | High Stress Users
750,test,4.0,5.2,1.8,0.7,medium,3.3,2,Heavy Night Social Media Users,1,Lifestyle Risk Users,1,Low Activity Moderate Social Users,1,High Stress Users,Heavy Night Social Media Users | Lifestyle Risk Users | Low Activity Moderate Social Users | High Stress Users
1145,test,6.3,4.8,1.2,1.3,medium,2.91,1,Heavy Daytime Social Media Users,1,Lifestyle Risk Users,1,Low Activity Moderate Social Users,1,High Stress Users,Heavy Daytime Social Media Users | Lifestyle Risk Users | Low Activity Moderate Social Users | High Stress Users
2923,test,5.2,4.1,2.9,0.6,low,2.38,2,Heavy Night Social Media Users,1,Lifestyle Risk Users,0,Socially Isolated Users,1,High Stress Users,Heavy Night Social Media Users | Lifestyle Risk Users | Socially Isolated Users | High Stress Users
583,test,6.2,7.4,0.6,1.5,low,3.38,1,Heavy Daytime Social Media Users,0,Healthy Lifestyle Users,0,Socially Isolated Users,0,Low Stress Users,Heavy Daytime Social Media Users | Healthy Lifestyle Users | Socially Isolated Users | Low Stress Users
2940,test,1.7,8.4,0.8,0.7,high,3.91,0,Light / Rested Users,0,Healthy Lifestyle Users,2,Moderately Social Users,0,Low Stress Users,Light / Rested Users | Healthy Lifestyle Users | Moderately Social Users | Low Stress Users
2903,test,1.3,8.0,1.2,0.3,high,3.62,0,Light / Rested Users,0,Healthy Lifestyle Users,2,Moderately Social Users,0,Low Stress Users,Light / Rested Users | Healthy Lifestyle Users | Moderately Social Users | Low Stress Users
3432,test,1.4,6.6,2.0,1.6,high,3.59,0,Light / Rested Users,0,Healthy Lifestyle Users,2,Moderately Social Users,0,Low Stress Users,Light / Rested Users | Healthy Lifestyle Users | Moderately Social Users | Low Stress Users
182,test,1.6,6.9,2.3,0.9,medium,3.16,0,Light / Rested Users,0,Healthy Lifestyle Users,2,Moderately Social Users,0,Low Stress Users,Light / Rested Users | Healthy Lifestyle Users | Moderately Social Users | Low Stress Users
